{
    "Charger_dummy.0": {
        "inputs": {
            "current": [
                -1e+49,
                3.719135802469135,
                3.729684153597622,
                3.740170772272521,
                3.7505955813453884,
                3.760958508201943,
                3.771259484755125,
                3.781498447437117,
                3.7916753371903837,
                3.801790099457709,
                3.8118426841712547,
                3.821833045740647,
                3.831761143040105,
                3.8416269393946174,
                3.85143040256519,
                3.861171504733167,
                3.8708502224836336,
                3.880466536787933,
                3.8900204329852865,
                3.8995119007635477,
                3.9089409341390993,
                3.9183075314358984,
                3.9276116952637,
                3.936853432495452,
                3.946032754243906,
                3.9551496758374234,
                3.9642042167950193,
                3.973196400800644,
                3.982126255676731,
                3.9909938133570018,
                3.9997991098585852,
                4.008542185253411,
                4.01722308363895,
                4.025841853108278,
                4.034398545719489,
                4.042893217464491,
                4.05132592823717,
                4.059696741800967,
                4.068005725755871,
                4.076252951504836,
                4.084438494219666,
                4.092562432806346,
                4.100624849869877,
                4.108625831678597,
                4.116565468128023,
                4.124443852704227,
                4.132261082446762,
                4.140017257911147,
                4.147712483130953,
                4.155346865579466,
                4.162920516130978,
                4.17043354902171,
                4.177886081810382,
                4.1852782353384415,
                4.192610133689985,
                4.199881904151366,
                4.207093677170518,
                4.214245586316013,
                4.221337768235848,
                4.228370362616019
            ]
        },
        "outputs": {
            "voltage": [
                241,
                242,
                243,
                244,
                245,
                246,
                247,
                248,
                249,
                250,
                251,
                252,
                253,
                254,
                255,
                256,
                257,
                258,
                259,
                260,
                261,
                262,
                263,
                264,
                265,
                266,
                267,
                268,
                269,
                270,
                271,
                272,
                273,
                274,
                275,
                276,
                277,
                278,
                279,
                280,
                281,
                282,
                283,
                284,
                285,
                286,
                287,
                288,
                289,
                290,
                291,
                292,
                293,
                294,
                295,
                296,
                297,
                298,
                299,
                300
            ]
        },
        "messages": {},
        "params": {
            "charge_rate": [
                1.8,
                1.8,
                1.8,
                1.8,
                1.8,
                1.8,
                1.8,
                1.8,
                1.8,
                1.8,
                1.8,
                1.8,
                1.8,
                1.8,
                1.8,
                1.8,
                1.8,
                1.8,
                1.8,
                1.8,
                1.8,
                1.8,
                1.8,
                1.8,
                1.8,
                1.8,
                1.8,
                1.8,
                1.8,
                1.8,
                1.8,
                1.8,
                1.8,
                1.8,
                1.8,
                1.8,
                1.8,
                1.8,
                1.8,
                1.8,
                1.8,
                1.8,
                1.8,
                1.8,
                1.8,
                1.8,
                1.8,
                1.8,
                1.8,
                1.8,
                1.8,
                1.8,
                1.8,
                1.8,
                1.8,
                1.8,
                1.8,
                1.8,
                1.8,
                1.8
            ],
            "EV_lev": [
                1,
                1,
                1,
                1,
                1,
                1,
                1,
                1,
                1,
                1,
                1,
                1,
                1,
                1,
                1,
                1,
                1,
                1,
                1,
                1,
                1,
                1,
                1,
                1,
                1,
                1,
                1,
                1,
                1,
                1,
                1,
                1,
                1,
                1,
                1,
                1,
                1,
                1,
                1,
                1,
                1,
                1,
                1,
                1,
                1,
                1,
                1,
                1,
                1,
                1,
                1,
                1,
                1,
                1,
                1,
                1,
                1,
                1,
                1,
                1
            ],