{
    "Charger_dummy.0": {
        "inputs": {
            "current": [
                -1e+49,
                3.703703703703703,
                3.698900376283199,
                3.6941156968346545,
                3.689349544976721,
                3.684601801413415,
                3.67987234792156,
                3.6751610673384185,
                3.6704678435494893,
                3.6657925614764792,
                3.6611351070654425,
                3.6564953672750864,
                3.6518732300652372,
                3.6472685843854675,
                3.642681320163889,
                3.6381113282960786,
                3.6335585006341855,
                3.629022729976167,
                3.6245039100551755,
                3.620001935529101,
                3.6155167019702463,
                3.6110481058551422,
                3.60659604455451,
                3.60216041632335,
                3.5977411202911687,
                3.593338056452338,
                3.588951125656585,
                3.584580229599604,
                3.5802252708138,
                3.575886152659152,
                3.5715627793141995,
                3.567255055767149,
                3.562962887807098,
                3.558686182015376,
                3.554424845756992,
                3.5501787871722117,
                3.5459479151682265,
                3.5417321394109402,
                3.537531370316867,
                3.5333455190451244,
                3.529174497489543,
                3.5250182182708647,
                3.5208765947290543,
                3.5167495409157024,
                3.5126369715865295,
                3.508538802193986,
                3.504454948879947,
                3.5003853284684974,
                3.496329858458816,
                3.4922884570181427,
                3.4882610429748397,
                3.4842475358115395,
                3.480247855658378,
                3.4762619232863163,
                3.4722896601005417,
                3.4683309881339563,
                3.464385830040744,
                3.4604541090900205,
                3.456535749159558,
                3.4526306747295945
            ]
        },
        "outputs": {
            "voltage": [
                240,
                240,
                240,
                240,
                240,
                240,
                240,
                240,
                240,
                240,
                240,
                240,
                240,
                240,
                240,
                240,
                240,
                240,
                240,
                240,
                240,
                240,
                240,
                240,
                240,
                240,
                240,
                240,
                240,
                240,
                240,
                240,
                240,
                240,
                240,
                240,
                240,
                240,
                240,
                240,
                240,
                240,
                240,
                240,
                240,
                240,
                240,
                240,
                240,
                240,
                240,
                240,
                240,
                240,
                240,
                240,
                240,
                240,
                240,
                240
            ]
        },
        "messages": {},
        "params": {
            "charge_rate": [
                1.8,
                1.8,
                1.8,
                1.8,
                1.8,
                1.8,
                1.8,
                1.8,
                1.8,
                1.8,
                1.8,
                1.8,
                1.8,
                1.8,
                1.8,
                1.8,
                1.8,
                1.8,
                1.8,
                1.8,
                1.8,
                1.8,
                1.8,
                1.8,
                1.8,
                1.8,
                1.8,
                1.8,
                1.8,
                1.8,
                1.8,
                1.8,
                1.8,
                1.8,
                1.8,
                1.8,
                1.8,
                1.8,
                1.8,
                1.8,
                1.8,
                1.8,
                1.8,
                1.8,
                1.8,
                1.8,
                1.8,
                1.8,
                1.8,
                1.8,
                1.8,
                1.8,
                1.8,
                1.8,
                1.8,
                1.8,
                1.8,
                1.8,
                1.8,
                1.8
            ],
            "EV_lev": [
                1,
                1,
                1,
                1,
                1,
                1,
                1,
                1,
                1,
                1,
                1,
                1,
                1,
                1,
                1,
                1,
                1,
                1,
                1,
                1,
                1,
                1,
                1,
                1,
                1,
                1,
                1,
                1,
                1,
                1,
                1,
                1,
                1,
                1,
                1,
                1,
                1,
                1,
                1,
                1,
                1,
                1,
                1,
                1,
                1,
                1,
                1,
                1,
                1,
                1,
                1,
                1,
                1,
                1,
                1,
                1,
                1,
                1,
                1,
                1
            ],