DateTime,DryBulb,DewPoint,RelHum,Atmos_Pressure,ExtHorizRad,ExtDirRad,HorzIRSky,GloHorzRad,DirNorRad,DifHorzRad,GloHorzIllum,DirNormIllum,DifHorzIllum,ZenLum,WindDir,wind_speed,TotSkyCvr,OpaqSkyCvr,Visibility,Ceiling_Hgt,PresWeathObs,PresWeathCodes,Precip_Wtr,Aerosol_Opt_Depth,SnowDepth,Days_Last_Snow,Albedo,Rain,Rain_Quantity
2021-01-01 01:00:00,-1.68,-7.3,66.29,90633.34,9999,9999,231.51,0.0,-0.0,0.0,999999,999999,999999,9999,316,1.6,99,99,9999,99999,9,999999999,999,0.999,999,99,999,999,99
2021-01-01 02:00:00,-2.43,-8.4,64.42,90589.23,9999,9999,228.34,0.0,-0.0,0.0,999999,999999,999999,9999,315,1.7,99,99,9999,99999,9,999999999,999,0.999,999,99,999,999,99
2021-01-01 03:00:00,-3.19,-9.49,62.55,90562.76,9999,9999,225.16,0.0,-0.0,0.0,999999,999999,999999,9999,314,1.8,99,99,9999,99999,9,999999999,999,0.999,999,99,999,999,99
2021-01-01 04:00:00,-3.95,-10.59,60.68,90518.65,9999,9999,221.98,0.0,-0.0,0.0,999999,999999,999999,9999,314,1.8,99,99,9999,99999,9,999999999,999,0.999,999,99,999,999,99
2021-01-01 05:00:00,-4.71,-11.69,58.82,90492.19,9999,9999,218.81,0.0,-0.0,0.0,999999,999999,999999,9999,313,1.9,99,99,9999,99999,9,999999999,999,0.999,999,99,999,999,99
2021-01-01 06:00:00,-5.46,-12.79,56.95,90465.72,9999,9999,215.63,0.0,-0.0,0.0,999999,999999,999999,9999,314,2.0,99,99,9999,99999,9,999999999,999,0.999,999,99,999,999,99
2021-01-01 07:00:00,-6.22,-13.89,55.08,90421.62,9999,9999,212.45,0.0,-0.0,0.0,999999,999999,999999,9999,315,2.1,99,99,9999,99999,9,999999999,999,0.999,999,99,999,999,99
2021-01-01 08:00:00,-6.98,-14.99,53.21,90421.62,9999,9999,209.28,0.0,-0.0,0.0,999999,999999,999999,9999,313,2.2,99,99,9999,99999,9,999999999,999,0.999,999,99,999,999,99
2021-01-01 09:00:00,-3.46,-12.38,50.1,90412.8,9999,9999,216.8,106.0,532.33,36.0,999999,999999,999999,9999,312,1.7,99,99,9999,99999,9,999999999,999,0.999,999,99,999,999,99
2021-01-01 10:00:00,-0.17,-7.38,58.3,90403.97,9999,9999,218.4,239.0,778.3,47.0,999999,999999,999999,9999,312,1.2,99,99,9999,99999,9,999999999,999,0.999,999,99,999,999,99
2021-01-01 11:00:00,3.32,-5.63,51.9,90386.33,9999,9999,223.4,338.0,892.37,47.0,999999,999999,999999,9999,302,0.5,99,99,9999,99999,9,999999999,999,0.999,999,99,999,999,99
2021-01-01 12:00:00,4.52,-4.68,51.3,90298.11,9999,9999,224.2,380.0,883.88,58.0,999999,999999,999999,9999,231,0.1,99,99,9999,99999,9,999999999,999,0.999,999,99,999,999,99
2021-01-01 13:00:00,5.55,-4.94,46.8,90209.9,9999,9999,219.2,377.0,911.63,50.0,999999,999999,999999,9999,156,0.3,99,99,9999,99999,9,999999999,999,0.999,999,99,999,999,99
2021-01-01 14:00:00,5.63,-4.11,49.55,90148.15,9999,9999,220.2,316.0,875.11,45.0,999999,999999,999999,9999,147,0.5,99,99,9999,99999,9,999999999,999,0.999,999,99,999,999,99
2021-01-01 15:00:00,5.06,-2.41,58.5,90156.97,9999,9999,220.2,205.0,716.33,47.0,999999,999999,999999,9999,150,0.3,99,99,9999,99999,9,999999999,999,0.999,999,99,999,999,99
2021-01-01 16:00:00,4.4,-3.02,58.55,90156.97,9999,9999,219.0,69.0,420.73,28.0,999999,999999,999999,9999,197,0.2,99,99,9999,99999,9,999999999,999,0.999,999,99,999,999,99
2021-01-01 17:00:00,3.45,-3.53,60.25,90156.97,9999,9999,215.8,0.0,-0.0,0.0,999999,999999,999999,9999,295,0.2,99,99,9999,99999,9,999999999,999,0.999,999,99,999,999,99
2021-01-01 18:00:00,2.3,-4.25,61.95,90156.97,9999,9999,217.6,0.0,-0.0,0.0,999999,999999,999999,9999,329,0.4,99,99,9999,99999,9,999999999,999,0.999,999,99,999,999,99
2021-01-01 19:00:00,1.08,-5.18,63.0,90183.43,9999,9999,217.8,0.0,-0.0,0.0,999999,999999,999999,9999,332,0.8,99,99,9999,99999,9,999999999,999,0.999,999,99,999,999,99
2021-01-01 20:00:00,-2.26,-7.52,67.2,90201.08,9999,9999,221.2,0.0,-0.0,0.0,999999,999999,999999,9999,330,1.4,99,99,9999,99999,9,999999999,999,0.999,999,99,999,999,99
2021-01-01 21:00:00,-1.82,-8.37,60.9,90218.72,9999,9999,219.0,0.0,-0.0,0.0,999999,999999,999999,9999,332,1.4,99,99,9999,99999,9,999999999,999,0.999,999,99,999,999,99
2021-01-01 22:00:00,-0.69,-8.96,53.55,90209.9,9999,9999,223.4,0.0,-0.0,0.0,999999,999999,999999,9999,334,1.2,99,99,9999,99999,9,999999999,999,0.999,999,99,999,999,99
2021-01-01 23:00:00,-0.53,-9.4,51.15,90183.43,9999,9999,220.6,0.0,-0.0,0.0,999999,999999,999999,9999,330,1.1,99,99,9999,99999,9,999999999,999,0.999,999,99,999,999,99
2021-01-02 00:00:00,-1.82,-9.62,55.25,90174.61,9999,9999,225.0,0.0,-0.0,0.0,999999,999999,999999,9999,323,1.3,99,99,9999,99999,9,999999999,999,0.999,999,99,999,999,99
2021-01-02 01:00:00,-2.7,-9.95,57.45,90165.79,9999,9999,220.4,0.0,-0.0,0.0,999999,999999,999999,9999,320,1.5,99,99,9999,99999,9,999999999,999,0.999,999,99,999,999,99
2021-01-02 02:00:00,-3.13,-10.19,58.2,90174.61,9999,9999,225.0,0.0,-0.0,0.0,999999,999999,999999,9999,320,1.6,99,99,9999,99999,9,999999999,999,0.999,999,99,999,999,99
2021-01-02 03:00:00,-2.85,-10.46,55.8,90183.43,9999,9999,225.8,0.0,-0.0,0.0,999999,999999,999999,9999,323,1.5,99,99,9999,99999,9,999999999,999,0.999,999,99,999,999,99
2021-01-02 04:00:00,-2.82,-10.74,54.45,90165.79,9999,9999,223.6,0.0,-0.0,0.0,999999,999999,999999,9999,323,1.4,99,99,9999,99999,9,999999999,999,0.999,999,99,999,999,99
2021-01-02 05:00:00,-2.69,-11.04,52.65,90104.04,9999,9999,223.0,0.0,-0.0,0.0,999999,999999,999999,9999,324,1.4,99,99,9999,99999,9,999999999,999,0.999,999,99,999,999,99
2021-01-02 06:00:00,-2.27,-11.26,50.15,90086.4,9999,9999,224.6,0.0,-0.0,0.0,999999,999999,999999,9999,324,1.3,99,99,9999,99999,9,999999999,999,0.999,999,99,999,999,99
2021-01-02 07:00:00,-1.7,-11.52,47.1,90068.75,9999,9999,224.8,0.0,-0.0,0.0,999999,999999,999999,9999,322,1.2,99,99,9999,99999,9,999999999,999,0.999,999,99,999,999,99
2021-01-02 08:00:00,-2.45,-12.72,45.2,90059.93,9999,9999,219.6,0.0,-0.0,0.0,999999,999999,999999,9999,313,1.3,99,99,9999,99999,9,999999999,999,0.999,999,99,999,999,99
2021-01-02 09:00:00,-2.07,-12.09,46.25,90033.47,9999,9999,218.8,107.0,554.01,34.0,999999,999999,999999,9999,318,1.2,99,99,9999,99999,9,999999999,999,0.999,999,99,999,999,99
2021-01-02 10:00:00,0.55,-10.02,45.05,90033.47,9999,9999,213.4,236.0,736.03,54.0,999999,999999,999999,9999,334,0.8,99,99,9999,99999,9,999999999,999,0.999,999,99,999,999,99
2021-01-02 11:00:00,2.28,-4.53,60.75,90007.0,9999,9999,219.8,217.0,171.24,161.0,999999,999999,999999,9999,318,0.2,99,99,9999,99999,9,999999999,999,0.999,999,99,999,999,99
2021-01-02 12:00:00,3.66,-3.2,60.85,89980.54,9999,9999,225.4,172.0,30.09,161.0,999999,999999,999999,9999,191,0.1,99,99,9999,99999,9,999999999,999,0.999,999,99,999,999,99
2021-01-02 13:00:00,4.78,-2.2,60.6,89892.32,9999,9999,233.8,309.0,452.41,146.0,999999,999999,999999,9999,167,0.5,99,99,9999,99999,9,999999999,999,0.999,999,99,999,999,99
2021-01-02 14:00:00,5.02,-1.44,63.0,89786.46,9999,9999,230.2,250.0,375.54,133.0,999999,999999,999999,9999,151,0.5,99,99,9999,99999,9,999999999,999,0.999,999,99,999,999,99
2021-01-02 15:00:00,4.55,-0.44,70.05,89742.35,9999,9999,225.8,200.0,642.22,57.0,999999,999999,999999,9999,130,0.4,99,99,9999,99999,9,999999999,999,0.999,999,99,999,999,99
2021-01-02 16:00:00,2.92,0.6,84.7,89742.35,9999,9999,229.8,60.0,240.74,36.0,999999,999999,999999,9999,100,0.3,99,99,9999,99999,9,999999999,999,0.999,999,99,999,999,99
2021-01-02 17:00:00,2.67,-1.94,71.65,89715.89,9999,9999,248.4,0.0,-0.0,0.0,999999,999999,999999,9999,18,0.1,99,99,9999,99999,9,999999999,999,0.999,999,99,999,999,99
2021-01-02 18:00:00,2.07,-3.13,68.45,89680.6,9999,9999,250.4,0.0,-0.0,0.0,999999,999999,999999,9999,322,0.3,99,99,9999,99999,9,999999999,999,0.999,999,99,999,999,99
2021-01-02 19:00:00,1.42,-4.1,66.7,89654.14,9999,9999,251.2,0.0,-0.0,0.0,999999,999999,999999,9999,325,0.6,99,99,9999,99999,9,999999999,999,0.999,999,99,999,999,99
2021-01-02 20:00:00,0.32,-5.21,66.4,89636.49,9999,9999,249.8,0.0,-0.0,0.0,999999,999999,999999,9999,337,1.0,99,99,9999,99999,9,999999999,999,0.999,999,99,999,999,99
2021-01-02 21:00:00,-0.67,-6.02,67.1,89618.85,9999,9999,240.6,0.0,-0.0,0.0,999999,999999,999999,9999,330,1.2,99,99,9999,99999,9,999999999,999,0.999,999,99,999,999,99
2021-01-02 22:00:00,-2.11,-6.88,69.85,89618.85,9999,9999,231.2,0.0,-0.0,0.0,999999,999999,999999,9999,328,1.7,99,99,9999,99999,9,999999999,999,0.999,999,99,999,999,99
2021-01-02 23:00:00,-2.86,-7.65,69.55,89601.21,9999,9999,224.8,0.0,-0.0,0.0,999999,999999,999999,9999,323,1.9,99,99,9999,99999,9,999999999,999,0.999,999,99,999,999,99
2021-01-03 00:00:00,-3.22,-8.56,66.6,89618.85,9999,9999,216.2,0.0,-0.0,0.0,999999,999999,999999,9999,317,2.1,99,99,9999,99999,9,999999999,999,0.999,999,99,999,999,99
2021-01-03 01:00:00,-3.61,-9.38,64.3,89627.67,9999,9999,216.6,0.0,-0.0,0.0,999999,999999,999999,9999,311,2.2,99,99,9999,99999,9,999999999,999,0.999,999,99,999,999,99
2021-01-03 02:00:00,-3.82,-9.45,64.95,89645.31,9999,9999,224.2,0.0,-0.0,0.0,999999,999999,999999,9999,310,2.2,99,99,9999,99999,9,999999999,999,0.999,999,99,999,999,99
2021-01-03 03:00:00,-3.93,-9.52,65.15,89707.07,9999,9999,218.0,0.0,-0.0,0.0,999999,999999,999999,9999,310,2.1,99,99,9999,99999,9,999999999,999,0.999,999,99,999,999,99
2021-01-03 04:00:00,-4.1,-9.45,66.3,89724.71,9999,9999,216.6,0.0,-0.0,0.0,999999,999999,999999,9999,309,2.1,99,99,9999,99999,9,999999999,999,0.999,999,99,999,999,99
2021-01-03 05:00:00,-4.4,-9.43,67.95,89760.0,9999,9999,219.6,0.0,-0.0,0.0,999999,999999,999999,9999,309,2.1,99,99,9999,99999,9,999999999,999,0.999,999,99,999,999,99
2021-01-03 06:00:00,-4.31,-9.38,67.75,89804.1,9999,9999,217.6,0.0,-0.0,0.0,999999,999999,999999,9999,308,2.1,99,99,9999,99999,9,999999999,999,0.999,999,99,999,999,99
2021-01-03 07:00:00,-4.47,-9.51,67.9,89865.85,9999,9999,212.8,0.0,-0.0,0.0,999999,999999,999999,9999,308,2.1,99,99,9999,99999,9,999999999,999,0.999,999,99,999,999,99
2021-01-03 08:00:00,-4.35,-9.1,69.45,89936.43,9999,9999,215.8,0.0,-0.0,0.0,999999,999999,999999,9999,312,1.9,99,99,9999,99999,9,999999999,999,0.999,999,99,999,999,99
2021-01-03 09:00:00,-4.19,-8.88,69.85,90042.29,9999,9999,221.6,108.0,559.96,34.0,999999,999999,999999,9999,315,1.9,99,99,9999,99999,9,999999999,999,0.999,999,99,999,999,99
2021-01-03 10:00:00,-2.51,-7.01,71.2,90156.97,9999,9999,216.0,240.0,778.3,47.0,999999,999999,999999,9999,314,1.5,99,99,9999,99999,9,999999999,999,0.999,999,99,999,999,99
2021-01-03 11:00:00,1.1,-5.13,63.15,90156.97,9999,9999,217.8,340.0,893.12,47.0,999999,999999,999999,9999,324,0.9,99,99,9999,99999,9,999999999,999,0.999,999,99,999,999,99
2021-01-03 12:00:00,3.37,-5.41,52.6,90192.25,9999,9999,223.8,385.0,902.02,54.0,999999,999999,999999,9999,36,0.3,99,99,9999,99999,9,999999999,999,0.999,999,99,999,999,99
2021-01-03 13:00:00,4.08,-5.74,48.8,90218.72,9999,9999,227.8,380.0,914.37,49.0,999999,999999,999999,9999,94,0.6,99,99,9999,99999,9,999999999,999,0.999,999,99,999,999,99
2021-01-03 14:00:00,4.16,-5.27,50.3,90183.43,9999,9999,228.8,316.0,829.25,56.0,999999,999999,999999,9999,104,0.9,99,99,9999,99999,9,999999999,999,0.999,999,99,999,999,99
2021-01-03 15:00:00,3.9,-4.33,55.0,90192.25,9999,9999,231.8,212.0,747.11,44.0,999999,999999,999999,9999,109,1.0,99,99,9999,99999,9,999999999,999,0.999,999,99,999,999,99
2021-01-03 16:00:00,2.54,-2.58,69.0,90236.36,9999,9999,228.4,71.0,401.82,30.0,999999,999999,999999,9999,113,0.6,99,99,9999,99999,9,999999999,999,0.999,999,99,999,999,99
2021-01-03 17:00:00,2.09,-4.39,62.2,90245.18,9999,9999,221.6,0.0,-0.0,0.0,999999,999999,999999,9999,132,0.4,99,99,9999,99999,9,999999999,999,0.999,999,99,999,999,99
2021-01-03 18:00:00,1.05,-4.45,66.75,90245.18,9999,9999,218.6,0.0,-0.0,0.0,999999,999999,999999,9999,162,0.3,99,99,9999,99999,9,999999999,999,0.999,999,99,999,999,99
2021-01-03 19:00:00,0.45,-4.62,68.8,90280.47,9999,9999,218.4,0.0,-0.0,0.0,999999,999999,999999,9999,211,0.3,99,99,9999,99999,9,999999999,999,0.999,999,99,999,999,99
2021-01-03 20:00:00,0.34,-4.19,71.6,90271.65,9999,9999,219.0,0.0,-0.0,0.0,999999,999999,999999,9999,288,0.1,99,99,9999,99999,9,999999999,999,0.999,999,99,999,999,99
2021-01-03 21:00:00,-0.23,-4.74,71.6,90254.01,9999,9999,218.8,0.0,-0.0,0.0,999999,999999,999999,9999,289,0.2,99,99,9999,99999,9,999999999,999,0.999,999,99,999,999,99
2021-01-03 22:00:00,-0.79,-5.32,71.4,90227.54,9999,9999,218.0,0.0,-0.0,0.0,999999,999999,999999,9999,296,0.4,99,99,9999,99999,9,999999999,999,0.999,999,99,999,999,99
2021-01-03 23:00:00,-1.23,-5.8,71.1,90227.54,9999,9999,217.0,0.0,-0.0,0.0,999999,999999,999999,9999,299,0.7,99,99,9999,99999,9,999999999,999,0.999,999,99,999,999,99
2021-01-04 00:00:00,-1.4,-6.1,70.35,90139.32,9999,9999,224.8,0.0,-0.0,0.0,999999,999999,999999,9999,296,0.8,99,99,9999,99999,9,999999999,999,0.999,999,99,999,999,99
2021-01-04 01:00:00,-2.06,-6.52,71.5,90024.64,9999,9999,216.4,0.0,-0.0,0.0,999999,999999,999999,9999,296,0.8,99,99,9999,99999,9,999999999,999,0.999,999,99,999,999,99
2021-01-04 02:00:00,-2.47,-6.95,71.35,89971.71,9999,9999,216.6,0.0,-0.0,0.0,999999,999999,999999,9999,296,0.9,99,99,9999,99999,9,999999999,999,0.999,999,99,999,999,99
2021-01-04 03:00:00,-2.63,-7.17,70.95,89954.07,9999,9999,217.0,0.0,-0.0,0.0,999999,999999,999999,9999,295,1.0,99,99,9999,99999,9,999999999,999,0.999,999,99,999,999,99
2021-01-04 04:00:00,-2.88,-7.45,70.75,89901.14,9999,9999,218.0,0.0,-0.0,0.0,999999,999999,999999,9999,291,1.1,99,99,9999,99999,9,999999999,999,0.999,999,99,999,999,99
2021-01-04 05:00:00,-3.29,-7.82,70.9,89804.1,9999,9999,220.4,0.0,-0.0,0.0,999999,999999,999999,9999,293,1.2,99,99,9999,99999,9,999999999,999,0.999,999,99,999,999,99
2021-01-04 06:00:00,-2.91,-7.82,68.9,89715.89,9999,9999,220.4,0.0,-0.0,0.0,999999,999999,999999,9999,301,1.2,99,99,9999,99999,9,999999999,999,0.999,999,99,999,999,99
2021-01-04 07:00:00,-2.9,-7.86,68.65,89618.85,9999,9999,221.8,0.0,-0.0,0.0,999999,999999,999999,9999,304,1.2,99,99,9999,99999,9,999999999,999,0.999,999,99,999,999,99
2021-01-04 08:00:00,-3.48,-8.72,67.05,89574.74,9999,9999,225.8,0.0,-0.0,0.0,999999,999999,999999,9999,314,1.4,99,99,9999,99999,9,999999999,999,0.999,999,99,999,999,99
2021-01-04 09:00:00,-2.81,-8.08,67.05,89521.81,9999,9999,228.6,106.0,512.6,38.0,999999,999999,999999,9999,323,1.4,99,99,9999,99999,9,999999999,999,0.999,999,99,999,999,99
2021-01-04 10:00:00,0.02,-5.89,64.45,89512.99,9999,9999,235.2,240.0,763.66,50.0,999999,999999,999999,9999,314,1.0,99,99,9999,99999,9,999999999,999,0.999,999,99,999,999,99
2021-01-04 11:00:00,2.57,-2.32,70.15,89495.35,9999,9999,230.4,337.0,859.58,54.0,999999,999999,999999,9999,299,0.5,99,99,9999,99999,9,999999999,999,0.999,999,99,999,999,99
2021-01-04 12:00:00,5.41,-2.54,56.55,89398.31,9999,9999,230.6,387.0,903.75,54.0,999999,999999,999999,9999,276,0.4,99,99,9999,99999,9,999999999,999,0.999,999,99,999,999,99
2021-01-04 13:00:00,6.25,-1.26,58.65,89265.98,9999,9999,233.2,380.0,898.78,53.0,999999,999999,999999,9999,259,0.4,99,99,9999,99999,9,999999999,999,0.999,999,99,999,999,99
2021-01-04 14:00:00,6.64,-0.69,59.5,89142.48,9999,9999,232.8,320.0,845.91,53.0,999999,999999,999999,9999,256,0.3,99,99,9999,99999,9,999999999,999,0.999,999,99,999,999,99
2021-01-04 15:00:00,6.43,-1.0,59.05,89036.62,9999,9999,233.8,213.0,735.12,46.0,999999,999999,999999,9999,277,0.3,99,99,9999,99999,9,999999999,999,0.999,999,99,999,999,99
2021-01-04 16:00:00,5.6,-1.19,61.65,88992.51,9999,9999,232.4,73.0,382.88,33.0,999999,999999,999999,9999,308,0.2,99,99,9999,99999,9,999999999,999,0.999,999,99,999,999,99
2021-01-04 17:00:00,4.44,-1.98,63.05,88992.51,9999,9999,237.0,0.0,-0.0,0.0,999999,999999,999999,9999,331,0.6,99,99,9999,99999,9,999999999,999,0.999,999,99,999,999,99
2021-01-04 18:00:00,3.2,-2.76,64.95,89027.8,9999,9999,237.2,0.0,-0.0,0.0,999999,999999,999999,9999,329,1.2,99,99,9999,99999,9,999999999,999,0.999,999,99,999,999,99
2021-01-04 19:00:00,0.44,-4.57,69.1,89036.62,9999,9999,238.4,0.0,-0.0,0.0,999999,999999,999999,9999,317,1.9,99,99,9999,99999,9,999999999,999,0.999,999,99,999,999,99
2021-01-04 20:00:00,-0.89,-6.5,65.75,89054.27,9999,9999,223.2,0.0,-0.0,0.0,999999,999999,999999,9999,309,2.1,99,99,9999,99999,9,999999999,999,0.999,999,99,999,999,99
2021-01-04 21:00:00,-1.82,-7.34,66.0,89133.66,9999,9999,227.6,0.0,-0.0,0.0,999999,999999,999999,9999,312,2.2,99,99,9999,99999,9,999999999,999,0.999,999,99,999,999,99
2021-01-04 22:00:00,-2.38,-7.78,66.45,89239.52,9999,9999,231.0,0.0,-0.0,0.0,999999,999999,999999,9999,311,2.2,99,99,9999,99999,9,999999999,999,0.999,999,99,999,999,99
2021-01-04 23:00:00,-2.64,-8.12,66.0,89248.34,9999,9999,233.2,0.0,-0.0,0.0,999999,999999,999999,9999,306,2.1,99,99,9999,99999,9,999999999,999,0.999,999,99,999,999,99
2021-01-05 00:00:00,-2.94,-8.41,65.95,89371.84,9999,9999,231.6,0.0,-0.0,0.0,999999,999999,999999,9999,306,2.1,99,99,9999,99999,9,999999999,999,0.999,999,99,999,999,99
2021-01-05 01:00:00,-3.31,-8.74,66.1,89389.49,9999,9999,223.8,0.0,-0.0,0.0,999999,999999,999999,9999,308,2.0,99,99,9999,99999,9,999999999,999,0.999,999,99,999,999,99
2021-01-05 02:00:00,-3.66,-9.02,66.35,89468.88,9999,9999,221.4,0.0,-0.0,0.0,999999,999999,999999,9999,306,2.0,99,99,9999,99999,9,999999999,999,0.999,999,99,999,999,99
2021-01-05 03:00:00,-3.95,-9.58,64.9,89539.45,9999,9999,216.2,0.0,-0.0,0.0,999999,999999,999999,9999,303,2.0,99,99,9999,99999,9,999999999,999,0.999,999,99,999,999,99
2021-01-05 04:00:00,-4.3,-10.06,64.15,89583.56,9999,9999,212.0,0.0,-0.0,0.0,999999,999999,999999,9999,302,2.0,99,99,9999,99999,9,999999999,999,0.999,999,99,999,999,99
2021-01-05 05:00:00,-4.53,-10.62,62.45,89618.85,9999,9999,205.0,0.0,-0.0,0.0,999999,999999,999999,9999,302,2.1,99,99,9999,99999,9,999999999,999,0.999,999,99,999,999,99
2021-01-05 06:00:00,-4.71,-11.01,61.4,89662.96,9999,9999,206.4,0.0,-0.0,0.0,999999,999999,999999,9999,299,2.1,99,99,9999,99999,9,999999999,999,0.999,999,99,999,999,99
2021-01-05 07:00:00,-4.76,-11.24,60.5,89715.89,9999,9999,206.4,0.0,-0.0,0.0,999999,999999,999999,9999,296,2.1,99,99,9999,99999,9,999999999,999,0.999,999,99,999,999,99
2021-01-05 08:00:00,-4.61,-11.15,60.25,89786.46,9999,9999,200.6,0.0,-0.0,0.0,999999,999999,999999,9999,300,1.9,99,99,9999,99999,9,999999999,999,0.999,999,99,999,999,99
2021-01-05 09:00:00,-4.23,-10.99,59.3,89848.21,9999,9999,197.4,119.0,757.82,18.0,999999,999999,999999,9999,305,1.8,99,99,9999,99999,9,999999999,999,0.999,999,99,999,999,99
2021-01-05 10:00:00,-2.01,-8.26,62.3,89901.14,9999,9999,200.8,241.0,764.78,50.0,999999,999999,999999,9999,307,1.5,99,99,9999,99999,9,999999999,999,0.999,999,99,999,999,99
2021-01-05 11:00:00,0.84,-6.76,56.85,89821.75,9999,9999,203.8,341.0,877.41,51.0,999999,999999,999999,9999,296,1.0,99,99,9999,99999,9,999999999,999,0.999,999,99,999,999,99
2021-01-05 12:00:00,3.01,-7.44,46.2,89874.68,9999,9999,205.8,386.0,886.27,58.0,999999,999999,999999,9999,284,0.8,99,99,9999,99999,9,999999999,999,0.999,999,99,999,999,99
2021-01-05 13:00:00,3.49,-11.55,32.35,89777.64,9999,9999,209.0,383.0,899.48,54.0,999999,999999,999999,9999,251,0.4,99,99,9999,99999,9,999999999,999,0.999,999,99,999,999,99
2021-01-05 14:00:00,3.93,-13.45,26.9,89795.28,9999,9999,209.4,328.0,896.67,43.0,999999,999999,999999,9999,221,0.5,99,99,9999,99999,9,999999999,999,0.999,999,99,999,999,99
2021-01-05 15:00:00,3.36,-10.94,34.25,89812.92,9999,9999,205.2,215.0,723.05,49.0,999999,999999,999999,9999,201,0.5,99,99,9999,99999,9,999999999,999,0.999,999,99,999,999,99
2021-01-05 16:00:00,2.29,-9.01,43.05,89848.21,9999,9999,205.8,78.0,439.24,31.0,999999,999999,999999,9999,183,0.4,99,99,9999,99999,9,999999999,999,0.999,999,99,999,999,99
2021-01-05 17:00:00,1.82,-10.02,41.1,89909.96,9999,9999,207.0,0.0,-0.0,0.0,999999,999999,999999,9999,159,0.4,99,99,9999,99999,9,999999999,999,0.999,999,99,999,999,99
2021-01-05 18:00:00,1.31,-9.9,43.05,90015.82,9999,9999,207.2,0.0,-0.0,0.0,999999,999999,999999,9999,155,0.2,99,99,9999,99999,9,999999999,999,0.999,999,99,999,999,99
2021-01-05 19:00:00,0.86,-9.89,44.5,90077.57,9999,9999,203.2,0.0,-0.0,0.0,999999,999999,999999,9999,176,0.2,99,99,9999,99999,9,999999999,999,0.999,999,99,999,999,99
2021-01-05 20:00:00,0.59,-10.32,43.85,90174.61,9999,9999,199.4,0.0,-0.0,0.0,999999,999999,999999,9999,187,0.7,99,99,9999,99999,9,999999999,999,0.999,999,99,999,999,99
2021-01-05 21:00:00,-1.38,-10.29,50.75,90271.65,9999,9999,200.8,0.0,-0.0,0.0,999999,999999,999999,9999,200,1.0,99,99,9999,99999,9,999999999,999,0.999,999,99,999,999,99
2021-01-05 22:00:00,-3.43,-10.4,58.55,90359.87,9999,9999,198.2,0.0,-0.0,0.0,999999,999999,999999,9999,210,1.3,99,99,9999,99999,9,999999999,999,0.999,999,99,999,999,99
2021-01-05 23:00:00,-4.35,-10.66,61.45,90395.15,9999,9999,198.0,0.0,-0.0,0.0,999999,999999,999999,9999,217,1.3,99,99,9999,99999,9,999999999,999,0.999,999,99,999,999,99
2021-01-06 00:00:00,-5.1,-11.15,62.5,90492.19,9999,9999,196.2,0.0,-0.0,0.0,999999,999999,999999,9999,224,1.4,99,99,9999,99999,9,999999999,999,0.999,999,99,999,999,99
2021-01-06 01:00:00,-5.4,-11.76,60.9,90518.65,9999,9999,195.6,0.0,-0.0,0.0,999999,999999,999999,9999,228,1.4,99,99,9999,99999,9,999999999,999,0.999,999,99,999,999,99
2021-01-06 02:00:00,-5.58,-12.69,57.3,90598.05,9999,9999,188.6,0.0,-0.0,0.0,999999,999999,999999,9999,232,1.2,99,99,9999,99999,9,999999999,999,0.999,999,99,999,999,99
2021-01-06 03:00:00,-5.64,-13.5,53.9,90650.98,9999,9999,186.6,0.0,-0.0,0.0,999999,999999,999999,9999,232,1.2,99,99,9999,99999,9,999999999,999,0.999,999,99,999,999,99
2021-01-06 04:00:00,-5.9,-14.24,51.75,90650.98,9999,9999,186.0,0.0,-0.0,0.0,999999,999999,999999,9999,232,1.2,99,99,9999,99999,9,999999999,999,0.999,999,99,999,999,99
2021-01-06 05:00:00,-5.91,-14.91,49.05,90642.16,9999,9999,184.2,0.0,-0.0,0.0,999999,999999,999999,9999,230,1.1,99,99,9999,99999,9,999999999,999,0.999,999,99,999,999,99
2021-01-06 06:00:00,-5.53,-15.27,46.25,90659.8,9999,9999,183.6,0.0,-0.0,0.0,999999,999999,999999,9999,223,0.9,99,99,9999,99999,9,999999999,999,0.999,999,99,999,999,99
2021-01-06 07:00:00,-5.01,-15.48,43.7,90659.8,9999,9999,182.8,0.0,-0.0,0.0,999999,999999,999999,9999,217,0.8,99,99,9999,99999,9,999999999,999,0.999,999,99,999,999,99
2021-01-06 08:00:00,-4.21,-14.48,44.65,90659.8,9999,9999,186.4,0.0,-0.0,0.0,999999,999999,999999,9999,202,0.8,99,99,9999,99999,9,999999999,999,0.999,999,99,999,999,99
2021-01-06 09:00:00,-3.73,-14.13,44.35,90695.09,9999,9999,186.4,110.0,559.63,35.0,999999,999999,999999,9999,201,0.6,99,99,9999,99999,9,999999999,999,0.999,999,99,999,999,99
2021-01-06 10:00:00,-3.5,-13.01,47.75,90756.84,9999,9999,186.8,241.0,749.57,53.0,999999,999999,999999,9999,178,0.6,99,99,9999,99999,9,999999999,999,0.999,999,99,999,999,99
2021-01-06 11:00:00,-1.27,-13.52,38.85,90730.37,9999,9999,189.2,342.0,876.7,51.0,999999,999999,999999,9999,158,1.0,99,99,9999,99999,9,999999999,999,0.999,999,99,999,999,99
2021-01-06 12:00:00,-0.5,-12.25,40.7,90695.09,9999,9999,192.2,388.0,887.48,58.0,999999,999999,999999,9999,150,1.3,99,99,9999,99999,9,999999999,999,0.999,999,99,999,999,99
2021-01-06 13:00:00,-0.07,-11.45,42.05,90642.16,9999,9999,194.8,387.0,916.2,50.0,999999,999999,999999,9999,148,1.4,99,99,9999,99999,9,999999999,999,0.999,999,99,999,999,99
2021-01-06 14:00:00,-0.03,-10.83,44.05,90589.23,9999,9999,197.4,325.0,849.57,53.0,999999,999999,999999,9999,152,1.5,99,99,9999,99999,9,999999999,999,0.999,999,99,999,999,99
2021-01-06 15:00:00,-0.31,-10.42,46.45,90606.87,9999,9999,198.6,221.0,766.92,43.0,999999,999999,999999,9999,160,1.4,99,99,9999,99999,9,999999999,999,0.999,999,99,999,999,99
2021-01-06 16:00:00,-1.21,-9.64,52.75,90598.05,9999,9999,199.2,81.0,465.21,30.0,999999,999999,999999,9999,167,1.3,99,99,9999,99999,9,999999999,999,0.999,999,99,999,999,99
2021-01-06 17:00:00,-2.08,-10.5,52.55,90598.05,9999,9999,199.0,0.0,-0.0,0.0,999999,999999,999999,9999,172,1.0,99,99,9999,99999,9,999999999,999,0.999,999,99,999,999,99
2021-01-06 18:00:00,-3.33,-9.63,61.75,90598.05,9999,9999,198.8,0.0,-0.0,0.0,999999,999999,999999,9999,177,0.8,99,99,9999,99999,9,999999999,999,0.999,999,99,999,999,99
2021-01-06 19:00:00,-3.57,-10.81,57.25,90606.87,9999,9999,199.4,0.0,-0.0,0.0,999999,999999,999999,9999,184,0.8,99,99,9999,99999,9,999999999,999,0.999,999,99,999,999,99
2021-01-06 20:00:00,-1.44,-11.5,46.3,90677.44,9999,9999,202.0,0.0,-0.0,0.0,999999,999999,999999,9999,176,0.5,99,99,9999,99999,9,999999999,999,0.999,999,99,999,999,99
2021-01-06 21:00:00,-1.65,-11.98,45.25,90712.73,9999,9999,200.8,0.0,-0.0,0.0,999999,999999,999999,9999,181,0.5,99,99,9999,99999,9,999999999,999,0.999,999,99,999,999,99
2021-01-06 22:00:00,-1.85,-12.38,44.45,90774.48,9999,9999,200.2,0.0,-0.0,0.0,999999,999999,999999,9999,179,0.5,99,99,9999,99999,9,999999999,999,0.999,999,99,999,999,99
2021-01-06 23:00:00,-1.99,-12.72,43.7,90748.02,9999,9999,199.0,0.0,-0.0,0.0,999999,999999,999999,9999,183,0.6,99,99,9999,99999,9,999999999,999,0.999,999,99,999,999,99
2021-01-07 00:00:00,-2.27,-12.99,43.65,90748.02,9999,9999,198.4,0.0,-0.0,0.0,999999,999999,999999,9999,184,0.6,99,99,9999,99999,9,999999999,999,0.999,999,99,999,999,99
2021-01-07 01:00:00,-2.51,-13.24,43.55,90756.84,9999,9999,197.4,0.0,-0.0,0.0,999999,999999,999999,9999,177,0.5,99,99,9999,99999,9,999999999,999,0.999,999,99,999,999,99
2021-01-07 02:00:00,-3.03,-13.64,43.8,90756.84,9999,9999,196.6,0.0,-0.0,0.0,999999,999999,999999,9999,167,0.5,99,99,9999,99999,9,999999999,999,0.999,999,99,999,999,99
2021-01-07 03:00:00,-3.3,-13.79,44.15,90800.95,9999,9999,195.2,0.0,-0.0,0.0,999999,999999,999999,9999,163,0.5,99,99,9999,99999,9,999999999,999,0.999,999,99,999,999,99
2021-01-07 04:00:00,-3.69,-13.89,45.1,90853.88,9999,9999,194.6,0.0,-0.0,0.0,999999,999999,999999,9999,163,0.5,99,99,9999,99999,9,999999999,999,0.999,999,99,999,999,99
2021-01-07 05:00:00,-4.2,-13.93,46.7,90809.77,9999,9999,195.0,0.0,-0.0,0.0,999999,999999,999999,9999,170,0.5,99,99,9999,99999,9,999999999,999,0.999,999,99,999,999,99
2021-01-07 06:00:00,-4.47,-13.99,47.4,90765.66,9999,9999,195.0,0.0,-0.0,0.0,999999,999999,999999,9999,179,0.5,99,99,9999,99999,9,999999999,999,0.999,999,99,999,999,99
2021-01-07 07:00:00,-4.82,-14.11,48.2,90774.48,9999,9999,194.2,0.0,-0.0,0.0,999999,999999,999999,9999,190,0.6,99,99,9999,99999,9,999999999,999,0.999,999,99,999,999,99
2021-01-07 08:00:00,-4.57,-13.55,49.5,90800.95,9999,9999,195.0,0.0,-0.0,0.0,999999,999999,999999,9999,210,0.4,99,99,9999,99999,9,999999999,999,0.999,999,99,999,999,99
2021-01-07 09:00:00,-4.35,-13.1,50.5,90792.12,9999,9999,198.0,109.0,541.25,36.0,999999,999999,999999,9999,226,0.4,99,99,9999,99999,9,999999999,999,0.999,999,99,999,999,99
2021-01-07 10:00:00,-2.99,-12.15,49.25,90774.48,9999,9999,201.2,242.0,750.02,53.0,999999,999999,999999,9999,197,0.5,99,99,9999,99999,9,999999999,999,0.999,999,99,999,999,99
2021-01-07 11:00:00,-1.04,-12.04,43.05,90827.41,9999,9999,203.8,340.0,845.7,58.0,999999,999999,999999,9999,166,0.8,99,99,9999,99999,9,999999999,999,0.999,999,99,999,999,99
2021-01-07 12:00:00,0.13,-11.28,42.0,90739.2,9999,9999,207.2,388.0,872.35,62.0,999999,999999,999999,9999,158,1.1,99,99,9999,99999,9,999999999,999,0.999,999,99,999,999,99
2021-01-07 13:00:00,0.64,-10.69,42.45,90580.41,9999,9999,211.0,390.0,918.93,50.0,999999,999999,999999,9999,154,1.2,99,99,9999,99999,9,999999999,999,0.999,999,99,999,999,99
2021-01-07 14:00:00,0.67,-10.23,43.9,90545.12,9999,9999,212.2,335.0,917.58,39.0,999999,999999,999999,9999,150,1.3,99,99,9999,99999,9,999999999,999,0.999,999,99,999,999,99
2021-01-07 15:00:00,0.23,-9.73,47.15,90598.05,9999,9999,220.4,226.0,801.0,38.0,999999,999999,999999,9999,151,1.2,99,99,9999,99999,9,999999999,999,0.999,999,99,999,999,99
2021-01-07 16:00:00,-0.73,-8.6,55.25,90606.87,9999,9999,223.8,79.0,382.75,36.0,999999,999999,999999,9999,161,1.0,99,99,9999,99999,9,999999999,999,0.999,999,99,999,999,99
2021-01-07 17:00:00,-1.53,-10.14,51.9,90598.05,9999,9999,225.4,0.0,-0.0,0.0,999999,999999,999999,9999,177,0.9,99,99,9999,99999,9,999999999,999,0.999,999,99,999,999,99
2021-01-07 18:00:00,-2.5,-10.51,54.15,90553.94,9999,9999,223.2,0.0,-0.0,0.0,999999,999999,999999,9999,186,0.7,99,99,9999,99999,9,999999999,999,0.999,999,99,999,999,99
2021-01-07 19:00:00,-2.65,-11.03,52.55,90553.94,9999,9999,222.6,0.0,-0.0,0.0,999999,999999,999999,9999,188,0.6,99,99,9999,99999,9,999999999,999,0.999,999,99,999,999,99
2021-01-07 20:00:00,-1.19,-11.44,45.65,90545.12,9999,9999,228.2,0.0,-0.0,0.0,999999,999999,999999,9999,189,0.4,99,99,9999,99999,9,999999999,999,0.999,999,99,999,999,99
2021-01-07 21:00:00,-1.26,-11.7,44.95,90536.3,9999,9999,220.4,0.0,-0.0,0.0,999999,999999,999999,9999,187,0.4,99,99,9999,99999,9,999999999,999,0.999,999,99,999,999,99
2021-01-07 22:00:00,-1.34,-11.64,45.45,90509.83,9999,9999,224.2,0.0,-0.0,0.0,999999,999999,999999,9999,185,0.3,99,99,9999,99999,9,999999999,999,0.999,999,99,999,999,99
2021-01-07 23:00:00,-1.42,-11.46,46.35,90518.65,9999,9999,224.6,0.0,-0.0,0.0,999999,999999,999999,9999,165,0.3,99,99,9999,99999,9,999999999,999,0.999,999,99,999,999,99
2021-01-08 00:00:00,-1.52,-11.22,47.6,90509.83,9999,9999,223.2,0.0,-0.0,0.0,999999,999999,999999,9999,166,0.3,99,99,9999,99999,9,999999999,999,0.999,999,99,999,999,99
2021-01-08 01:00:00,-1.64,-10.93,49.15,90395.15,9999,9999,221.0,0.0,-0.0,0.0,999999,999999,999999,9999,174,0.3,99,99,9999,99999,9,999999999,999,0.999,999,99,999,999,99
2021-01-08 02:00:00,-1.77,-10.59,51.0,90351.04,9999,9999,230.6,0.0,-0.0,0.0,999999,999999,999999,9999,158,0.3,99,99,9999,99999,9,999999999,999,0.999,999,99,999,999,99
2021-01-08 03:00:00,-2.16,-10.2,54.1,90359.87,9999,9999,236.2,0.0,-0.0,0.0,999999,999999,999999,9999,156,0.4,99,99,9999,99999,9,999999999,999,0.999,999,99,999,999,99
2021-01-08 04:00:00,-2.38,-9.88,56.4,90324.58,9999,9999,236.6,0.0,-0.0,0.0,999999,999999,999999,9999,165,0.5,99,99,9999,99999,9,999999999,999,0.999,999,99,999,999,99
2021-01-08 05:00:00,-2.44,-9.59,57.95,90271.65,9999,9999,229.2,0.0,-0.0,0.0,999999,999999,999999,9999,176,0.4,99,99,9999,99999,9,999999999,999,0.999,999,99,999,999,99
2021-01-08 06:00:00,-2.14,-9.27,58.15,90236.36,9999,9999,236.0,0.0,-0.0,0.0,999999,999999,999999,9999,188,0.3,99,99,9999,99999,9,999999999,999,0.999,999,99,999,999,99
2021-01-08 07:00:00,-2.14,-8.97,59.5,90227.54,9999,9999,231.6,0.0,-0.0,0.0,999999,999999,999999,9999,194,0.3,99,99,9999,99999,9,999999999,999,0.999,999,99,999,999,99
2021-01-08 08:00:00,-1.84,-8.7,59.45,90245.18,9999,9999,231.2,0.0,-0.0,0.0,999999,999999,999999,9999,181,0.3,99,99,9999,99999,9,999999999,999,0.999,999,99,999,999,99
2021-01-08 09:00:00,-1.81,-8.59,59.85,90236.36,9999,9999,228.0,121.0,758.21,18.0,999999,999999,999999,9999,226,0.3,99,99,9999,99999,9,999999999,999,0.999,999,99,999,999,99
2021-01-08 10:00:00,-1.14,-7.98,59.75,90201.08,9999,9999,224.6,259.0,931.72,23.0,999999,999999,999999,9999,223,0.3,99,99,9999,99999,9,999999999,999,0.999,999,99,999,999,99
2021-01-08 11:00:00,0.66,-7.11,56.05,90245.18,9999,9999,230.0,338.0,814.68,65.0,999999,999999,999999,9999,202,0.3,99,99,9999,99999,9,999999999,999,0.999,999,99,999,999,99
2021-01-08 12:00:00,2.39,-6.32,52.6,90165.79,9999,9999,233.4,393.0,889.05,59.0,999999,999999,999999,9999,130,0.3,99,99,9999,99999,9,999999999,999,0.999,999,99,999,999,99
2021-01-08 13:00:00,3.11,-6.19,50.5,90077.57,9999,9999,234.4,392.0,918.67,50.0,999999,999999,999999,9999,130,0.6,99,99,9999,99999,9,999999999,999,0.999,999,99,999,999,99
2021-01-08 14:00:00,3.33,-6.0,50.45,90051.11,9999,9999,233.0,331.0,852.0,54.0,999999,999999,999999,9999,141,0.8,99,99,9999,99999,9,999999999,999,0.999,999,99,999,999,99
2021-01-08 15:00:00,2.91,-5.3,54.8,90042.29,9999,9999,237.6,223.0,728.68,50.0,999999,999999,999999,9999,143,1.0,99,99,9999,99999,9,999999999,999,0.999,999,99,999,999,99
2021-01-08 16:00:00,1.67,-4.82,62.05,90121.68,9999,9999,230.8,85.0,451.58,33.0,999999,999999,999999,9999,145,1.0,99,99,9999,99999,9,999999999,999,0.999,999,99,999,999,99
2021-01-08 17:00:00,-0.01,-4.15,73.7,90227.54,9999,9999,228.2,0.0,-0.0,0.0,999999,999999,999999,9999,163,0.7,99,99,9999,99999,9,999999999,999,0.999,999,99,999,999,99
2021-01-08 18:00:00,-0.78,-5.65,69.6,90280.47,9999,9999,224.6,0.0,-0.0,0.0,999999,999999,999999,9999,188,0.6,99,99,9999,99999,9,999999999,999,0.999,999,99,999,999,99
2021-01-08 19:00:00,-0.86,-6.15,67.35,90342.22,9999,9999,220.6,0.0,-0.0,0.0,999999,999999,999999,9999,189,0.5,99,99,9999,99999,9,999999999,999,0.999,999,99,999,999,99
2021-01-08 20:00:00,-0.63,-6.46,64.7,90377.51,9999,9999,227.2,0.0,-0.0,0.0,999999,999999,999999,9999,191,0.3,99,99,9999,99999,9,999999999,999,0.999,999,99,999,999,99
2021-01-08 21:00:00,-1.18,-6.71,66.05,90421.62,9999,9999,222.2,0.0,-0.0,0.0,999999,999999,999999,9999,212,0.3,99,99,9999,99999,9,999999999,999,0.999,999,99,999,999,99
2021-01-08 22:00:00,-1.72,-6.96,67.45,90430.44,9999,9999,221.4,0.0,-0.0,0.0,999999,999999,999999,9999,236,0.3,99,99,9999,99999,9,999999999,999,0.999,999,99,999,999,99
2021-01-08 23:00:00,-2.32,-7.43,68.0,90439.26,9999,9999,223.8,0.0,-0.0,0.0,999999,999999,999999,9999,252,0.3,99,99,9999,99999,9,999999999,999,0.999,999,99,999,999,99
2021-01-09 00:00:00,-2.9,-7.91,68.4,90421.62,9999,9999,215.0,0.0,-0.0,0.0,999999,999999,999999,9999,269,0.2,99,99,9999,99999,9,999999999,999,0.999,999,99,999,999,99
2021-01-09 01:00:00,-3.42,-8.51,67.85,90474.55,9999,9999,214.8,0.0,-0.0,0.0,999999,999999,999999,9999,297,0.2,99,99,9999,99999,9,999999999,999,0.999,999,99,999,999,99
2021-01-09 02:00:00,-3.71,-9.13,66.05,90456.9,9999,9999,211.4,0.0,-0.0,0.0,999999,999999,999999,9999,297,0.3,99,99,9999,99999,9,999999999,999,0.999,999,99,999,999,99
2021-01-09 03:00:00,-3.92,-9.86,63.35,90456.9,9999,9999,219.2,0.0,-0.0,0.0,999999,999999,999999,9999,299,0.3,99,99,9999,99999,9,999999999,999,0.999,999,99,999,999,99
2021-01-09 04:00:00,-4.03,-10.52,60.65,90439.26,9999,9999,207.8,0.0,-0.0,0.0,999999,999999,999999,9999,294,0.3,99,99,9999,99999,9,999999999,999,0.999,999,99,999,999,99
2021-01-09 05:00:00,-4.16,-11.04,58.75,90377.51,9999,9999,209.8,0.0,-0.0,0.0,999999,999999,999999,9999,298,0.5,99,99,9999,99999,9,999999999,999,0.999,999,99,999,999,99
2021-01-09 06:00:00,-4.22,-11.41,57.3,90280.47,9999,9999,211.4,0.0,-0.0,0.0,999999,999999,999999,9999,304,0.6,99,99,9999,99999,9,999999999,999,0.999,999,99,999,999,99
2021-01-09 07:00:00,-4.58,-11.8,57.05,90209.9,9999,9999,210.6,0.0,-0.0,0.0,999999,999999,999999,9999,305,0.7,99,99,9999,99999,9,999999999,999,0.999,999,99,999,999,99
2021-01-09 08:00:00,-4.94,-12.08,57.35,90165.79,9999,9999,201.8,0.0,-0.0,0.0,999999,999999,999999,9999,315,1.0,99,99,9999,99999,9,999999999,999,0.999,999,99,999,999,99
2021-01-09 09:00:00,-5.37,-11.78,60.7,90121.68,9999,9999,201.0,109.0,503.89,40.0,999999,999999,999999,9999,317,1.1,99,99,9999,99999,9,999999999,999,0.999,999,99,999,999,99
2021-01-09 10:00:00,-2.59,-9.3,59.95,90086.4,9999,9999,204.2,243.0,738.07,55.0,999999,999999,999999,9999,327,0.6,99,99,9999,99999,9,999999999,999,0.999,999,99,999,999,99
2021-01-09 11:00:00,1.01,-7.6,52.65,90068.75,9999,9999,207.8,346.0,863.85,55.0,999999,999999,999999,9999,15,0.0,99,99,9999,99999,9,999999999,999,0.999,999,99,999,999,99
2021-01-09 12:00:00,2.9,-5.37,54.55,90033.47,9999,9999,213.2,395.0,889.41,59.0,999999,999999,999999,9999,163,0.3,99,99,9999,99999,9,999999999,999,0.999,999,99,999,999,99
2021-01-09 13:00:00,3.99,-5.65,49.45,89927.61,9999,9999,214.2,393.0,904.79,54.0,999999,999999,999999,9999,158,0.8,99,99,9999,99999,9,999999999,999,0.999,999,99,999,999,99
2021-01-09 14:00:00,4.15,-4.47,53.45,89839.39,9999,9999,211.2,332.0,839.05,57.0,999999,999999,999999,9999,147,0.8,99,99,9999,99999,9,999999999,999,0.999,999,99,999,999,99
2021-01-09 15:00:00,3.81,-4.5,54.65,89804.1,9999,9999,211.0,226.0,732.65,50.0,999999,999999,999999,9999,136,0.8,99,99,9999,99999,9,999999999,999,0.999,999,99,999,999,99
2021-01-09 16:00:00,2.66,-4.16,60.8,89804.1,9999,9999,212.4,89.0,482.86,32.0,999999,999999,999999,9999,134,0.6,99,99,9999,99999,9,999999999,999,0.999,999,99,999,999,99
2021-01-09 17:00:00,1.07,-4.28,67.5,89812.92,9999,9999,211.0,0.0,-0.0,0.0,999999,999999,999999,9999,120,0.5,99,99,9999,99999,9,999999999,999,0.999,999,99,999,999,99
2021-01-09 18:00:00,0.43,-5.45,64.7,89857.03,9999,9999,207.8,0.0,-0.0,0.0,999999,999999,999999,9999,97,0.3,99,99,9999,99999,9,999999999,999,0.999,999,99,999,999,99
2021-01-09 19:00:00,-0.43,-6.06,65.75,89848.21,9999,9999,209.2,0.0,-0.0,0.0,999999,999999,999999,9999,50,0.2,99,99,9999,99999,9,999999999,999,0.999,999,99,999,999,99
2021-01-09 20:00:00,-0.71,-7.54,59.9,89839.39,9999,9999,205.8,0.0,-0.0,0.0,999999,999999,999999,9999,10,0.4,99,99,9999,99999,9,999999999,999,0.999,999,99,999,999,99
2021-01-09 21:00:00,-1.42,-8.17,60.1,89821.75,9999,9999,206.2,0.0,-0.0,0.0,999999,999999,999999,9999,356,0.6,99,99,9999,99999,9,999999999,999,0.999,999,99,999,999,99
2021-01-09 22:00:00,-1.99,-8.74,59.95,89768.82,9999,9999,209.8,0.0,-0.0,0.0,999999,999999,999999,9999,351,0.6,99,99,9999,99999,9,999999999,999,0.999,999,99,999,999,99
2021-01-09 23:00:00,-2.38,-9.12,59.9,89742.35,9999,9999,218.0,0.0,-0.0,0.0,999999,999999,999999,9999,347,0.6,99,99,9999,99999,9,999999999,999,0.999,999,99,999,999,99
2021-01-10 00:00:00,-2.59,-9.21,60.4,89662.96,9999,9999,219.4,0.0,-0.0,0.0,999999,999999,999999,9999,349,0.6,99,99,9999,99999,9,999999999,999,0.999,999,99,999,999,99
2021-01-10 01:00:00,-2.81,-9.26,61.15,89618.85,9999,9999,219.0,0.0,-0.0,0.0,999999,999999,999999,9999,0,0.5,99,99,9999,99999,9,999999999,999,0.999,999,99,999,999,99
2021-01-10 02:00:00,-3.03,-9.29,62.0,89574.74,9999,9999,213.2,0.0,-0.0,0.0,999999,999999,999999,9999,356,0.6,99,99,9999,99999,9,999999999,999,0.999,999,99,999,999,99
2021-01-10 03:00:00,-3.3,-9.56,61.95,89583.56,9999,9999,205.8,0.0,-0.0,0.0,999999,999999,999999,9999,356,0.7,99,99,9999,99999,9,999999999,999,0.999,999,99,999,999,99
2021-01-10 04:00:00,-3.5,-9.8,61.7,89557.1,9999,9999,206.2,0.0,-0.0,0.0,999999,999999,999999,9999,358,0.7,99,99,9999,99999,9,999999999,999,0.999,999,99,999,999,99
2021-01-10 05:00:00,-3.42,-9.81,61.3,89539.45,9999,9999,230.2,0.0,-0.0,0.0,999999,999999,999999,9999,6,0.6,99,99,9999,99999,9,999999999,999,0.999,999,99,999,999,99
2021-01-10 06:00:00,-3.25,-9.78,60.65,89565.92,9999,9999,251.2,0.0,-0.0,0.0,999999,999999,999999,9999,25,0.3,99,99,9999,99999,9,999999999,999,0.999,999,99,999,999,99
2021-01-10 07:00:00,-3.26,-9.65,61.3,89557.1,9999,9999,248.8,0.0,-0.0,0.0,999999,999999,999999,9999,33,0.3,99,99,9999,99999,9,999999999,999,0.999,999,99,999,999,99
2021-01-10 08:00:00,-3.03,-9.21,62.4,89565.92,9999,9999,248.2,0.0,-0.0,0.0,999999,999999,999999,9999,47,0.2,99,99,9999,99999,9,999999999,999,0.999,999,99,999,999,99
2021-01-10 09:00:00,-2.75,-8.69,63.65,89548.28,9999,9999,255.0,41.0,0.0,41.0,999999,999999,999999,9999,61,0.2,99,99,9999,99999,9,999999999,999,0.999,999,99,999,999,99
2021-01-10 10:00:00,-2.23,-7.98,64.7,89574.74,9999,9999,253.6,76.0,0.0,76.0,999999,999999,999999,9999,105,0.5,99,99,9999,99999,9,999999999,999,0.999,999,99,999,999,99
2021-01-10 11:00:00,-1.66,-6.98,67.05,89592.38,9999,9999,271.8,74.0,0.0,74.0,999999,999999,999999,9999,96,1.0,99,99,9999,99999,9,999999999,999,0.999,999,99,999,999,99
2021-01-10 12:00:00,-1.58,-5.89,72.45,89530.63,9999,9999,270.4,171.0,21.05,163.0,999999,999999,999999,9999,104,1.0,99,99,9999,99999,9,999999999,999,0.999,999,99,999,999,99
2021-01-10 13:00:00,-1.42,-5.41,74.25,89442.42,9999,9999,270.0,98.0,0.0,98.0,999999,999999,999999,9999,103,1.0,99,99,9999,99999,9,999999999,999,0.999,999,99,999,999,99
2021-01-10 14:00:00,-1.1,-5.36,72.8,89433.6,9999,9999,272.2,73.0,0.0,73.0,999999,999999,999999,9999,103,1.0,99,99,9999,99999,9,999999999,999,0.999,999,99,999,999,99
2021-01-10 15:00:00,-1.34,-5.17,75.2,89398.31,9999,9999,278.6,58.0,0.0,58.0,999999,999999,999999,9999,104,1.1,99,99,9999,99999,9,999999999,999,0.999,999,99,999,999,99
2021-01-10 16:00:00,-1.62,-5.12,77.05,89407.13,9999,9999,283.4,15.0,0.0,15.0,999999,999999,999999,9999,104,0.9,99,99,9999,99999,9,999999999,999,0.999,999,99,999,999,99
2021-01-10 17:00:00,-2.02,-4.66,82.15,89442.42,9999,9999,286.6,0.0,-0.0,0.0,999999,999999,999999,9999,118,0.8,99,99,9999,99999,9,999999999,999,0.999,999,99,999,999,99
2021-01-10 18:00:00,-2.42,-4.35,86.6,89495.35,9999,9999,280.2,0.0,-0.0,0.0,999999,999999,999999,9999,130,0.7,99,99,9999,99999,9,999999999,999,0.999,999,99,999,999,99
2021-01-10 19:00:00,-2.69,-4.12,89.9,89539.45,9999,9999,279.2,0.0,-0.0,0.0,999999,999999,999999,9999,143,0.7,99,99,9999,99999,9,999999999,999,0.999,999,99,999,999,99
2021-01-10 20:00:00,-3.05,-4.01,93.05,89565.92,9999,9999,273.2,0.0,-0.0,0.0,999999,999999,999999,9999,146,0.9,99,99,9999,99999,9,999999999,999,0.999,999,99,999,999,99
2021-01-10 21:00:00,-3.36,-4.22,93.75,89592.38,9999,9999,260.0,0.0,-0.0,0.0,999999,999999,999999,9999,154,0.8,99,99,9999,99999,9,999999999,999,0.999,999,99,999,999,99
2021-01-10 22:00:00,-3.34,-4.23,93.55,89645.31,9999,9999,269.4,0.0,-0.0,0.0,999999,999999,999999,9999,161,0.8,99,99,9999,99999,9,999999999,999,0.999,999,99,999,999,99
2021-01-10 23:00:00,-3.32,-4.27,93.15,89689.42,9999,9999,270.8,0.0,-0.0,0.0,999999,999999,999999,9999,168,0.8,99,99,9999,99999,9,999999999,999,0.999,999,99,999,999,99
2021-01-11 00:00:00,-3.45,-4.41,93.05,89671.78,9999,9999,266.4,0.0,-0.0,0.0,999999,999999,999999,9999,160,0.7,99,99,9999,99999,9,999999999,999,0.999,999,99,999,999,99
2021-01-11 01:00:00,-3.5,-4.53,92.6,89645.31,9999,9999,270.6,0.0,-0.0,0.0,999999,999999,999999,9999,153,0.7,99,99,9999,99999,9,999999999,999,0.999,999,99,999,999,99
2021-01-11 02:00:00,-3.35,-4.6,91.05,89645.31,9999,9999,273.2,0.0,-0.0,0.0,999999,999999,999999,9999,147,0.7,99,99,9999,99999,9,999999999,999,0.999,999,99,999,999,99
2021-01-11 03:00:00,-3.64,-4.95,90.65,89698.24,9999,9999,260.4,0.0,-0.0,0.0,999999,999999,999999,9999,144,0.7,99,99,9999,99999,9,999999999,999,0.999,999,99,999,999,99
2021-01-11 04:00:00,-4.18,-5.49,90.6,89760.0,9999,9999,243.2,0.0,-0.0,0.0,999999,999999,999999,9999,144,0.7,99,99,9999,99999,9,999999999,999,0.999,999,99,999,999,99
2021-01-11 05:00:00,-4.47,-5.77,90.65,89760.0,9999,9999,257.0,0.0,-0.0,0.0,999999,999999,999999,9999,148,0.6,99,99,9999,99999,9,999999999,999,0.999,999,99,999,999,99
2021-01-11 06:00:00,-4.4,-6.38,86.05,89821.75,9999,9999,267.8,0.0,-0.0,0.0,999999,999999,999999,9999,153,0.6,99,99,9999,99999,9,999999999,999,0.999,999,99,999,999,99
2021-01-11 07:00:00,-5.01,-6.79,87.35,89883.5,9999,9999,243.2,0.0,-0.0,0.0,999999,999999,999999,9999,159,0.5,99,99,9999,99999,9,999999999,999,0.999,999,99,999,999,99
2021-01-11 08:00:00,-4.57,-6.85,84.1,89962.89,9999,9999,238.2,0.0,-0.0,0.0,999999,999999,999999,9999,160,0.3,99,99,9999,99999,9,999999999,999,0.999,999,99,999,999,99
2021-01-11 09:00:00,-4.5,-7.08,82.2,90033.47,9999,9999,239.4,49.0,14.34,47.0,999999,999999,999999,9999,154,0.6,99,99,9999,99999,9,999999999,999,0.999,999,99,999,999,99
2021-01-11 10:00:00,-3.23,-6.99,75.25,90068.75,9999,9999,239.6,67.0,0.0,67.0,999999,999999,999999,9999,163,0.8,99,99,9999,99999,9,999999999,999,0.999,999,99,999,999,99
2021-01-11 11:00:00,-2.26,-6.5,72.7,90192.25,9999,9999,221.6,64.0,0.0,64.0,999999,999999,999999,9999,158,1.2,99,99,9999,99999,9,999999999,999,0.999,999,99,999,999,99
2021-01-11 12:00:00,-0.93,-5.97,68.65,90051.11,9999,9999,240.0,70.0,0.0,70.0,999999,999999,999999,9999,156,1.4,99,99,9999,99999,9,999999999,999,0.999,999,99,999,999,99
2021-01-11 13:00:00,-0.42,-5.71,67.45,89980.54,9999,9999,246.0,69.0,0.0,69.0,999999,999999,999999,9999,154,1.5,99,99,9999,99999,9,999999999,999,0.999,999,99,999,999,99
2021-01-11 14:00:00,-0.16,-5.45,67.5,89945.25,9999,9999,222.2,65.0,0.0,65.0,999999,999999,999999,9999,152,1.7,99,99,9999,99999,9,999999999,999,0.999,999,99,999,999,99
2021-01-11 15:00:00,-0.44,-5.32,69.6,89936.43,9999,9999,242.8,30.0,0.0,30.0,999999,999999,999999,9999,157,1.6,99,99,9999,99999,9,999999999,999,0.999,999,99,999,999,99
2021-01-11 16:00:00,-0.74,-5.25,71.5,89909.96,9999,9999,251.6,37.0,8.06,36.0,999999,999999,999999,9999,162,1.5,99,99,9999,99999,9,999999999,999,0.999,999,99,999,999,99
2021-01-11 17:00:00,-1.59,-5.11,76.9,89865.85,9999,9999,260.2,0.0,-0.0,0.0,999999,999999,999999,9999,168,1.3,99,99,9999,99999,9,999999999,999,0.999,999,99,999,999,99
2021-01-11 18:00:00,-1.9,-5.79,74.75,89848.21,9999,9999,259.2,0.0,-0.0,0.0,999999,999999,999999,9999,172,1.2,99,99,9999,99999,9,999999999,999,0.999,999,99,999,999,99
2021-01-11 19:00:00,-2.04,-5.99,74.35,89821.75,9999,9999,266.0,0.0,-0.0,0.0,999999,999999,999999,9999,174,1.1,99,99,9999,99999,9,999999999,999,0.999,999,99,999,999,99
2021-01-11 20:00:00,-1.99,-6.49,71.3,89786.46,9999,9999,253.4,0.0,-0.0,0.0,999999,999999,999999,9999,174,1.0,99,99,9999,99999,9,999999999,999,0.999,999,99,999,999,99
2021-01-11 21:00:00,-2.23,-6.58,72.1,89768.82,9999,9999,256.0,0.0,-0.0,0.0,999999,999999,999999,9999,172,0.8,99,99,9999,99999,9,999999999,999,0.999,999,99,999,999,99
2021-01-11 22:00:00,-2.24,-6.62,71.95,89733.53,9999,9999,242.0,0.0,-0.0,0.0,999999,999999,999999,9999,172,0.7,99,99,9999,99999,9,999999999,999,0.999,999,99,999,999,99
2021-01-11 23:00:00,-2.0,-6.53,71.15,89821.75,9999,9999,243.8,0.0,-0.0,0.0,999999,999999,999999,9999,173,0.6,99,99,9999,99999,9,999999999,999,0.999,999,99,999,999,99
2021-01-12 00:00:00,-1.63,-6.42,69.85,89724.71,9999,9999,253.4,0.0,-0.0,0.0,999999,999999,999999,9999,178,0.6,99,99,9999,99999,9,999999999,999,0.999,999,99,999,999,99
2021-01-12 01:00:00,-1.37,-6.37,68.75,89610.03,9999,9999,231.2,0.0,-0.0,0.0,999999,999999,999999,9999,186,0.5,99,99,9999,99999,9,999999999,999,0.999,999,99,999,999,99
2021-01-12 02:00:00,-1.16,-6.44,67.35,89592.38,9999,9999,221.0,0.0,-0.0,0.0,999999,999999,999999,9999,198,0.5,99,99,9999,99999,9,999999999,999,0.999,999,99,999,999,99
2021-01-12 03:00:00,-0.96,-6.41,66.55,89627.67,9999,9999,233.4,0.0,-0.0,0.0,999999,999999,999999,9999,202,0.4,99,99,9999,99999,9,999999999,999,0.999,999,99,999,999,99
2021-01-12 04:00:00,-0.72,-6.39,65.45,89618.85,9999,9999,240.2,0.0,-0.0,0.0,999999,999999,999999,9999,202,0.3,99,99,9999,99999,9,999999999,999,0.999,999,99,999,999,99
2021-01-12 05:00:00,-0.67,-6.51,64.65,89574.74,9999,9999,223.6,0.0,-0.0,0.0,999999,999999,999999,9999,201,0.1,99,99,9999,99999,9,999999999,999,0.999,999,99,999,999,99
2021-01-12 06:00:00,-0.5,-6.59,63.45,89565.92,9999,9999,230.4,0.0,-0.0,0.0,999999,999999,999999,9999,231,0.1,99,99,9999,99999,9,999999999,999,0.999,999,99,999,999,99
2021-01-12 07:00:00,-0.42,-6.7,62.55,89592.38,9999,9999,224.4,0.0,-0.0,0.0,999999,999999,999999,9999,241,0.2,99,99,9999,99999,9,999999999,999,0.999,999,99,999,999,99
2021-01-12 08:00:00,0.48,-5.59,63.8,89636.49,9999,9999,234.4,0.0,-0.0,0.0,999999,999999,999999,9999,217,0.2,99,99,9999,99999,9,999999999,999,0.999,999,99,999,999,99
2021-01-12 09:00:00,0.73,-5.27,64.2,89645.31,9999,9999,231.8,93.0,255.49,57.0,999999,999999,999999,9999,268,0.2,99,99,9999,99999,9,999999999,999,0.999,999,99,999,999,99
2021-01-12 10:00:00,1.76,-4.11,65.05,89645.31,9999,9999,240.6,184.0,250.3,119.0,999999,999999,999999,9999,259,0.1,99,99,9999,99999,9,999999999,999,0.999,999,99,999,999,99
2021-01-12 11:00:00,3.34,-2.91,63.6,89742.35,9999,9999,242.4,154.0,23.33,146.0,999999,999999,999999,9999,149,0.3,99,99,9999,99999,9,999999999,999,0.999,999,99,999,999,99
2021-01-12 12:00:00,4.76,-2.06,61.3,89707.07,9999,9999,244.8,305.0,330.09,178.0,999999,999999,999999,9999,139,0.8,99,99,9999,99999,9,999999999,999,0.999,999,99,999,999,99
2021-01-12 13:00:00,5.06,-0.3,68.3,89680.6,9999,9999,250.8,212.0,70.59,185.0,999999,999999,999999,9999,135,1.1,99,99,9999,99999,9,999999999,999,0.999,999,99,999,999,99
2021-01-12 14:00:00,4.97,0.16,71.05,89698.24,9999,9999,257.8,135.0,11.9,131.0,999999,999999,999999,9999,136,1.2,99,99,9999,99999,9,999999999,999,0.999,999,99,999,999,99
2021-01-12 15:00:00,4.49,0.7,76.4,89654.14,9999,9999,266.6,79.0,0.0,79.0,999999,999999,999999,9999,134,1.2,99,99,9999,99999,9,999999999,999,0.999,999,99,999,999,99
2021-01-12 16:00:00,3.61,1.08,83.5,89645.31,9999,9999,295.4,40.0,7.86,39.0,999999,999999,999999,9999,128,1.0,99,99,9999,99999,9,999999999,999,0.999,999,99,999,999,99
2021-01-12 17:00:00,2.6,0.78,87.8,89601.21,9999,9999,282.0,0.0,-0.0,0.0,999999,999999,999999,9999,113,0.8,99,99,9999,99999,9,999999999,999,0.999,999,99,999,999,99
2021-01-12 18:00:00,1.94,0.36,89.3,89601.21,9999,9999,285.0,0.0,-0.0,0.0,999999,999999,999999,9999,96,0.6,99,99,9999,99999,9,999999999,999,0.999,999,99,999,999,99
2021-01-12 19:00:00,1.61,0.31,91.1,89548.28,9999,9999,284.2,0.0,-0.0,0.0,999999,999999,999999,9999,69,0.6,99,99,9999,99999,9,999999999,999,0.999,999,99,999,999,99
2021-01-12 20:00:00,-0.59,-1.18,95.75,89486.52,9999,9999,286.2,0.0,-0.0,0.0,999999,999999,999999,9999,106,0.6,99,99,9999,99999,9,999999999,999,0.999,999,99,999,999,99
2021-01-12 21:00:00,-0.83,-1.26,96.9,89407.13,9999,9999,292.2,0.0,-0.0,0.0,999999,999999,999999,9999,99,0.5,99,99,9999,99999,9,999999999,999,0.999,999,99,999,999,99
2021-01-12 22:00:00,-0.99,-1.38,97.2,89336.56,9999,9999,303.0,0.0,-0.0,0.0,999999,999999,999999,9999,88,0.5,99,99,9999,99999,9,999999999,999,0.999,999,99,999,999,99
2021-01-12 23:00:00,-1.13,-1.47,97.55,89336.56,9999,9999,305.0,0.0,-0.0,0.0,999999,999999,999999,9999,97,0.5,99,99,9999,99999,9,999999999,999,0.999,999,99,999,999,99
2021-01-13 00:00:00,-1.24,-1.58,97.55,89230.7,9999,9999,302.2,0.0,-0.0,0.0,999999,999999,999999,9999,112,0.6,99,99,9999,99999,9,999999999,999,0.999,999,99,999,999,99
2021-01-13 01:00:00,-1.3,-1.67,97.3,89098.37,9999,9999,298.8,0.0,-0.0,0.0,999999,999999,999999,9999,112,0.4,99,99,9999,99999,9,999999999,999,0.999,999,99,999,999,99
2021-01-13 02:00:00,-0.8,-1.43,95.5,88948.41,9999,9999,298.4,0.0,-0.0,0.0,999999,999999,999999,9999,123,0.2,99,99,9999,99999,9,999999999,999,0.999,999,99,999,999,99
2021-01-13 03:00:00,-1.13,-1.91,94.45,88807.26,9999,9999,270.2,0.0,-0.0,0.0,999999,999999,999999,9999,160,0.4,99,99,9999,99999,9,999999999,999,0.999,999,99,999,999,99
2021-01-13 04:00:00,-1.63,-2.41,94.4,88666.11,9999,9999,244.0,0.0,-0.0,0.0,999999,999999,999999,9999,215,0.2,99,99,9999,99999,9,999999999,999,0.999,999,99,999,999,99
2021-01-13 05:00:00,-1.97,-3.25,90.95,88533.79,9999,9999,250.0,0.0,-0.0,0.0,999999,999999,999999,9999,212,0.4,99,99,9999,99999,9,999999999,999,0.999,999,99,999,999,99
2021-01-13 06:00:00,-1.86,-3.87,86.15,88507.32,9999,9999,247.8,0.0,-0.0,0.0,999999,999999,999999,9999,223,0.7,99,99,9999,99999,9,999999999,999,0.999,999,99,999,999,99
2021-01-13 07:00:00,-2.62,-4.82,84.8,88454.4,9999,9999,228.8,0.0,-0.0,0.0,999999,999999,999999,9999,225,0.8,99,99,9999,99999,9,999999999,999,0.999,999,99,999,999,99
2021-01-13 08:00:00,-2.25,-6.31,73.7,88436.75,9999,9999,211.6,0.0,-0.0,0.0,999999,999999,999999,9999,239,0.5,99,99,9999,99999,9,999999999,999,0.999,999,99,999,999,99
2021-01-13 09:00:00,-2.36,-6.74,71.9,88436.75,9999,9999,215.2,34.0,0.0,34.0,999999,999999,999999,9999,293,1.0,99,99,9999,99999,9,999999999,999,0.999,999,99,999,999,99
2021-01-13 10:00:00,-1.36,-5.54,73.2,88436.75,9999,9999,228.2,187.0,256.14,120.0,999999,999999,999999,9999,308,1.2,99,99,9999,99999,9,999999999,999,0.999,999,99,999,999,99
2021-01-13 11:00:00,0.09,-7.11,58.4,88366.18,9999,9999,238.2,179.0,52.16,161.0,999999,999999,999999,9999,278,1.0,99,99,9999,99999,9,999999999,999,0.999,999,99,999,999,99
2021-01-13 12:00:00,1.68,-6.46,54.75,88313.25,9999,9999,229.0,201.0,49.06,182.0,999999,999999,999999,9999,250,1.1,99,99,9999,99999,9,999999999,999,0.999,999,99,999,999,99
2021-01-13 13:00:00,2.42,-7.79,46.9,88304.43,9999,9999,223.2,270.0,205.02,191.0,999999,999999,999999,9999,254,1.5,99,99,9999,99999,9,999999999,999,0.999,999,99,999,999,99
2021-01-13 14:00:00,2.55,-13.54,29.45,88286.78,9999,9999,210.2,290.0,462.71,133.0,999999,999999,999999,9999,266,2.0,99,99,9999,99999,9,999999999,999,0.999,999,99,999,999,99
2021-01-13 15:00:00,0.51,-9.49,47.1,88322.07,9999,9999,211.6,209.0,463.59,92.0,999999,999999,999999,9999,254,1.9,99,99,9999,99999,9,999999999,999,0.999,999,99,999,999,99
2021-01-13 16:00:00,-0.78,-8.27,56.9,88375.0,9999,9999,214.8,93.0,375.58,44.0,999999,999999,999999,9999,235,1.5,99,99,9999,99999,9,999999999,999,0.999,999,99,999,999,99
2021-01-13 17:00:00,-2.9,-9.93,58.4,88472.04,9999,9999,210.0,0.0,-0.0,0.0,999999,999999,999999,9999,237,1.6,99,99,9999,99999,9,999999999,999,0.999,999,99,999,999,99
2021-01-13 18:00:00,-2.13,-12.71,44.2,88586.72,9999,9999,206.0,0.0,-0.0,0.0,999999,999999,999999,9999,241,1.4,99,99,9999,99999,9,999999999,999,0.999,999,99,999,999,99
2021-01-13 19:00:00,-1.96,-13.46,41.05,88674.94,9999,9999,199.8,0.0,-0.0,0.0,999999,999999,999999,9999,246,1.4,99,99,9999,99999,9,999999999,999,0.999,999,99,999,999,99
2021-01-13 20:00:00,-2.24,-15.15,36.5,88754.33,9999,9999,201.4,0.0,-0.0,0.0,999999,999999,999999,9999,262,1.6,99,99,9999,99999,9,999999999,999,0.999,999,99,999,999,99
2021-01-13 21:00:00,-2.82,-15.1,38.25,88798.44,9999,9999,203.4,0.0,-0.0,0.0,999999,999999,999999,9999,248,1.7,99,99,9999,99999,9,999999999,999,0.999,999,99,999,999,99
2021-01-13 22:00:00,-2.69,-14.88,38.6,88833.72,9999,9999,202.4,0.0,-0.0,0.0,999999,999999,999999,9999,247,1.7,99,99,9999,99999,9,999999999,999,0.999,999,99,999,999,99
2021-01-13 23:00:00,-2.45,-14.43,39.35,88886.65,9999,9999,205.2,0.0,-0.0,0.0,999999,999999,999999,9999,250,1.5,99,99,9999,99999,9,999999999,999,0.999,999,99,999,999,99
2021-01-14 00:00:00,-1.92,-13.7,40.15,88877.83,9999,9999,205.6,0.0,-0.0,0.0,999999,999999,999999,9999,265,1.5,99,99,9999,99999,9,999999999,999,0.999,999,99,999,999,99
2021-01-14 01:00:00,-2.83,-13.22,44.65,88921.94,9999,9999,207.2,0.0,-0.0,0.0,999999,999999,999999,9999,274,1.6,99,99,9999,99999,9,999999999,999,0.999,999,99,999,999,99
2021-01-14 02:00:00,-4.18,-12.91,50.65,88957.23,9999,9999,211.2,0.0,-0.0,0.0,999999,999999,999999,9999,283,1.7,99,99,9999,99999,9,999999999,999,0.999,999,99,999,999,99
2021-01-14 03:00:00,-5.23,-12.84,55.15,89001.34,9999,9999,215.2,0.0,-0.0,0.0,999999,999999,999999,9999,291,1.9,99,99,9999,99999,9,999999999,999,0.999,999,99,999,999,99
2021-01-14 04:00:00,-5.94,-12.83,58.25,89054.27,9999,9999,218.0,0.0,-0.0,0.0,999999,999999,999999,9999,299,1.9,99,99,9999,99999,9,999999999,999,0.999,999,99,999,999,99
2021-01-14 05:00:00,-6.44,-13.06,59.4,89063.09,9999,9999,208.0,0.0,-0.0,0.0,999999,999999,999999,9999,301,2.0,99,99,9999,99999,9,999999999,999,0.999,999,99,999,999,99
2021-01-14 06:00:00,-6.93,-13.45,59.75,89124.84,9999,9999,206.2,0.0,-0.0,0.0,999999,999999,999999,9999,302,2.1,99,99,9999,99999,9,999999999,999,0.999,999,99,999,999,99
2021-01-14 07:00:00,-7.47,-13.84,60.35,89142.48,9999,9999,208.0,0.0,-0.0,0.0,999999,999999,999999,9999,305,2.2,99,99,9999,99999,9,999999999,999,0.999,999,99,999,999,99
2021-01-14 08:00:00,-6.17,-13.59,55.7,89168.95,9999,9999,201.2,0.0,-0.0,0.0,999999,999999,999999,9999,305,2.0,99,99,9999,99999,9,999999999,999,0.999,999,99,999,999,99
2021-01-14 09:00:00,-5.11,-12.75,55.05,89186.59,9999,9999,197.4,97.0,277.53,57.0,999999,999999,999999,9999,308,1.9,99,99,9999,99999,9,999999999,999,0.999,999,99,999,999,99
2021-01-14 10:00:00,-1.2,-10.18,50.5,89195.41,9999,9999,215.4,198.0,311.1,116.0,999999,999999,999999,9999,309,1.5,99,99,9999,99999,9,999999999,999,0.999,999,99,999,999,99
2021-01-14 11:00:00,0.57,-8.97,48.85,89168.95,9999,9999,222.4,278.0,356.91,154.0,999999,999999,999999,9999,305,1.2,99,99,9999,99999,9,999999999,999,0.999,999,99,999,999,99
2021-01-14 12:00:00,1.87,-7.67,49.2,89151.3,9999,9999,220.4,365.0,602.64,130.0,999999,999999,999999,9999,294,0.7,99,99,9999,99999,9,999999999,999,0.999,999,99,999,999,99
2021-01-14 13:00:00,2.8,-8.65,42.7,89107.2,9999,9999,228.0,343.0,491.96,152.0,999999,999999,999999,9999,275,0.6,99,99,9999,99999,9,999999999,999,0.999,999,99,999,999,99
2021-01-14 14:00:00,3.13,-9.15,40.1,89124.84,9999,9999,235.6,313.0,581.13,114.0,999999,999999,999999,9999,275,0.5,99,99,9999,99999,9,999999999,999,0.999,999,99,999,999,99
2021-01-14 15:00:00,2.85,-8.48,43.1,89160.12,9999,9999,227.2,139.0,82.15,118.0,999999,999999,999999,9999,274,0.4,99,99,9999,99999,9,999999999,999,0.999,999,99,999,999,99
2021-01-14 16:00:00,2.3,-9.1,42.7,89213.05,9999,9999,231.0,51.0,22.43,48.0,999999,999999,999999,9999,280,0.5,99,99,9999,99999,9,999999999,999,0.999,999,99,999,999,99
2021-01-14 17:00:00,1.18,-9.89,43.5,89292.45,9999,9999,234.6,0.0,-0.0,0.0,999999,999999,999999,9999,312,1.2,99,99,9999,99999,9,999999999,999,0.999,999,99,999,999,99
2021-01-14 18:00:00,-2.45,-10.64,53.4,89363.02,9999,9999,226.4,0.0,-0.0,0.0,999999,999999,999999,9999,315,1.8,99,99,9999,99999,9,999999999,999,0.999,999,99,999,999,99
2021-01-14 19:00:00,-4.53,-11.94,56.2,89442.42,9999,9999,240.4,0.0,-0.0,0.0,999999,999999,999999,9999,313,2.0,99,99,9999,99999,9,999999999,999,0.999,999,99,999,999,99
2021-01-14 20:00:00,-3.59,-13.33,46.85,89512.99,9999,9999,237.6,0.0,-0.0,0.0,999999,999999,999999,9999,311,1.8,99,99,9999,99999,9,999999999,999,0.999,999,99,999,999,99
2021-01-14 21:00:00,-4.8,-13.4,51.0,89565.92,9999,9999,247.0,0.0,-0.0,0.0,999999,999999,999999,9999,310,1.9,99,99,9999,99999,9,999999999,999,0.999,999,99,999,999,99
2021-01-14 22:00:00,-5.39,-13.66,52.2,89601.21,9999,9999,240.2,0.0,-0.0,0.0,999999,999999,999999,9999,308,1.9,99,99,9999,99999,9,999999999,999,0.999,999,99,999,999,99
2021-01-14 23:00:00,-6.15,-14.32,52.4,89548.28,9999,9999,226.4,0.0,-0.0,0.0,999999,999999,999999,9999,306,1.9,99,99,9999,99999,9,999999999,999,0.999,999,99,999,999,99
2021-01-15 00:00:00,-7.09,-15.18,52.5,89557.1,9999,9999,211.8,0.0,-0.0,0.0,999999,999999,999999,9999,306,2.0,99,99,9999,99999,9,999999999,999,0.999,999,99,999,999,99
2021-01-15 01:00:00,-7.91,-16.07,51.95,89574.74,9999,9999,202.8,0.0,-0.0,0.0,999999,999999,999999,9999,308,2.0,99,99,9999,99999,9,999999999,999,0.999,999,99,999,999,99
2021-01-15 02:00:00,-8.55,-16.84,51.2,89557.1,9999,9999,195.0,0.0,-0.0,0.0,999999,999999,999999,9999,311,2.1,99,99,9999,99999,9,999999999,999,0.999,999,99,999,999,99
2021-01-15 03:00:00,-9.05,-17.74,49.35,89574.74,9999,9999,180.8,0.0,-0.0,0.0,999999,999999,999999,9999,312,2.1,99,99,9999,99999,9,999999999,999,0.999,999,99,999,999,99
2021-01-15 04:00:00,-8.93,-18.26,46.8,89574.74,9999,9999,180.6,0.0,-0.0,0.0,999999,999999,999999,9999,312,2.0,99,99,9999,99999,9,999999999,999,0.999,999,99,999,999,99
2021-01-15 05:00:00,-8.79,-18.58,45.05,89583.56,9999,9999,185.2,0.0,-0.0,0.0,999999,999999,999999,9999,311,2.0,99,99,9999,99999,9,999999999,999,0.999,999,99,999,999,99
2021-01-15 06:00:00,-8.67,-18.57,44.65,89618.85,9999,9999,184.2,0.0,-0.0,0.0,999999,999999,999999,9999,310,2.0,99,99,9999,99999,9,999999999,999,0.999,999,99,999,999,99
2021-01-15 07:00:00,-8.59,-18.42,44.95,89689.42,9999,9999,188.8,0.0,-0.0,0.0,999999,999999,999999,9999,308,1.9,99,99,9999,99999,9,999999999,999,0.999,999,99,999,999,99
2021-01-15 08:00:00,-4.89,-16.43,40.0,89768.82,9999,9999,183.2,0.0,-0.0,0.0,999999,999999,999999,9999,310,1.7,99,99,9999,99999,9,999999999,999,0.999,999,99,999,999,99
2021-01-15 09:00:00,-3.45,-15.39,39.15,89839.39,9999,9999,184.0,114.0,472.9,45.0,999999,999999,999999,9999,307,1.7,99,99,9999,99999,9,999999999,999,0.999,999,99,999,999,99
2021-01-15 10:00:00,-1.55,-13.03,41.25,89909.96,9999,9999,186.2,240.0,602.18,80.0,999999,999999,999999,9999,303,1.2,99,99,9999,99999,9,999999999,999,0.999,999,99,999,999,99
2021-01-15 11:00:00,0.25,-12.89,36.6,89865.85,9999,9999,187.6,331.0,651.65,103.0,999999,999999,999999,9999,292,0.8,99,99,9999,99999,9,999999999,999,0.999,999,99,999,999,99
2021-01-15 12:00:00,1.41,-15.04,28.25,89839.39,9999,9999,189.4,376.0,656.97,118.0,999999,999999,999999,9999,258,0.3,99,99,9999,99999,9,999999999,999,0.999,999,99,999,999,99
2021-01-15 13:00:00,1.84,-12.74,33.05,89804.1,9999,9999,192.4,386.0,725.84,102.0,999999,999999,999999,9999,193,0.3,99,99,9999,99999,9,999999999,999,0.999,999,99,999,999,99
2021-01-15 14:00:00,2.28,-14.54,27.65,89742.35,9999,9999,197.0,335.0,714.58,88.0,999999,999999,999999,9999,176,0.4,99,99,9999,99999,9,999999999,999,0.999,999,99,999,999,99
2021-01-15 15:00:00,2.1,-14.7,27.65,89760.0,9999,9999,194.0,244.0,718.19,58.0,999999,999999,999999,9999,176,0.4,99,99,9999,99999,9,999999999,999,0.999,999,99,999,999,99
2021-01-15 16:00:00,1.89,-13.54,30.85,89786.46,9999,9999,193.2,110.0,554.11,34.0,999999,999999,999999,9999,189,0.3,99,99,9999,99999,9,999999999,999,0.999,999,99,999,999,99
2021-01-15 17:00:00,1.09,-12.39,35.85,89804.1,9999,9999,193.0,0.0,-0.0,0.0,999999,999999,999999,9999,217,0.3,99,99,9999,99999,9,999999999,999,0.999,999,99,999,999,99
2021-01-15 18:00:00,0.15,-12.22,38.9,89874.68,9999,9999,190.2,0.0,-0.0,0.0,999999,999999,999999,9999,271,0.5,99,99,9999,99999,9,999999999,999,0.999,999,99,999,999,99
2021-01-15 19:00:00,-0.66,-12.26,41.15,89927.61,9999,9999,192.8,0.0,-0.0,0.0,999999,999999,999999,9999,299,1.0,99,99,9999,99999,9,999999999,999,0.999,999,99,999,999,99
2021-01-15 20:00:00,-0.55,-13.37,37.3,89980.54,9999,9999,193.0,0.0,-0.0,0.0,999999,999999,999999,9999,307,1.2,99,99,9999,99999,9,999999999,999,0.999,999,99,999,999,99
2021-01-15 21:00:00,-1.16,-13.64,38.15,89989.36,9999,9999,189.8,0.0,-0.0,0.0,999999,999999,999999,9999,304,1.4,99,99,9999,99999,9,999999999,999,0.999,999,99,999,999,99
2021-01-15 22:00:00,-1.77,-13.84,39.25,89980.54,9999,9999,188.8,0.0,-0.0,0.0,999999,999999,999999,9999,307,1.4,99,99,9999,99999,9,999999999,999,0.999,999,99,999,999,99
2021-01-15 23:00:00,-2.48,-14.07,40.6,89945.25,9999,9999,191.6,0.0,-0.0,0.0,999999,999999,999999,9999,313,1.4,99,99,9999,99999,9,999999999,999,0.999,999,99,999,999,99
2021-01-16 00:00:00,-3.34,-14.39,42.15,89909.96,9999,9999,188.2,0.0,-0.0,0.0,999999,999999,999999,9999,318,1.4,99,99,9999,99999,9,999999999,999,0.999,999,99,999,999,99
2021-01-16 01:00:00,-4.57,-14.76,44.85,89892.32,9999,9999,188.6,0.0,-0.0,0.0,999999,999999,999999,9999,321,1.5,99,99,9999,99999,9,999999999,999,0.999,999,99,999,999,99
2021-01-16 02:00:00,-5.07,-15.04,45.5,89839.39,9999,9999,189.4,0.0,-0.0,0.0,999999,999999,999999,9999,324,1.4,99,99,9999,99999,9,999999999,999,0.999,999,99,999,999,99
2021-01-16 03:00:00,-4.85,-15.33,43.7,89830.57,9999,9999,184.4,0.0,-0.0,0.0,999999,999999,999999,9999,326,1.3,99,99,9999,99999,9,999999999,999,0.999,999,99,999,999,99
2021-01-16 04:00:00,-4.38,-15.48,41.65,89795.28,9999,9999,182.8,0.0,-0.0,0.0,999999,999999,999999,9999,327,1.2,99,99,9999,99999,9,999999999,999,0.999,999,99,999,999,99
2021-01-16 05:00:00,-4.24,-15.59,40.85,89768.82,9999,9999,186.0,0.0,-0.0,0.0,999999,999999,999999,9999,324,1.1,99,99,9999,99999,9,999999999,999,0.999,999,99,999,999,99
2021-01-16 06:00:00,-4.15,-15.66,40.35,89760.0,9999,9999,182.0,0.0,-0.0,0.0,999999,999999,999999,9999,323,1.0,99,99,9999,99999,9,999999999,999,0.999,999,99,999,999,99
2021-01-16 07:00:00,-4.1,-15.82,39.65,89733.53,9999,9999,182.6,0.0,-0.0,0.0,999999,999999,999999,9999,319,1.0,99,99,9999,99999,9,999999999,999,0.999,999,99,999,999,99
2021-01-16 08:00:00,-4.25,-15.75,40.35,89777.64,9999,9999,182.6,0.0,0.0,0.0,999999,999999,999999,9999,327,0.9,99,99,9999,99999,9,999999999,999,0.999,999,99,999,999,99
2021-01-16 09:00:00,-3.98,-16.64,36.7,89777.64,9999,9999,184.4,119.0,527.72,41.0,999999,999999,999999,9999,319,0.5,99,99,9999,99999,9,999999999,999,0.999,999,99,999,999,99
2021-01-16 10:00:00,-2.63,-14.54,39.5,89821.75,9999,9999,188.6,245.0,627.02,77.0,999999,999999,999999,9999,257,0.3,99,99,9999,99999,9,999999999,999,0.999,999,99,999,999,99
2021-01-16 11:00:00,-0.9,-14.45,35.05,89715.89,9999,9999,197.0,342.0,706.5,93.0,999999,999999,999999,9999,189,0.6,99,99,9999,99999,9,999999999,999,0.999,999,99,999,999,99
2021-01-16 12:00:00,-1.42,-10.69,49.3,89724.71,9999,9999,219.8,391.0,728.05,103.0,999999,999999,999999,9999,150,0.7,99,99,9999,99999,9,999999999,999,0.999,999,99,999,999,99
2021-01-16 13:00:00,0.61,-14.87,30.35,89689.42,9999,9999,223.2,385.0,699.81,109.0,999999,999999,999999,9999,115,1.0,99,99,9999,99999,9,999999999,999,0.999,999,99,999,999,99
2021-01-16 14:00:00,-0.11,-11.15,43.2,89610.03,9999,9999,229.4,343.0,745.04,83.0,999999,999999,999999,9999,110,1.4,99,99,9999,99999,9,999999999,999,0.999,999,99,999,999,99
2021-01-16 15:00:00,-0.67,-10.44,47.6,89610.03,9999,9999,222.2,241.0,659.26,68.0,999999,999999,999999,9999,112,1.4,99,99,9999,99999,9,999999999,999,0.999,999,99,999,999,99
2021-01-16 16:00:00,-2.01,-8.65,60.45,89645.31,9999,9999,234.6,101.0,376.91,48.0,999999,999999,999999,9999,123,1.0,99,99,9999,99999,9,999999999,999,0.999,999,99,999,999,99
2021-01-16 17:00:00,-0.82,-13.13,38.8,89662.96,9999,9999,233.0,0.0,-0.0,0.0,999999,999999,999999,9999,170,0.4,99,99,9999,99999,9,999999999,999,0.999,999,99,999,999,99
2021-01-16 18:00:00,-1.28,-12.88,40.95,89707.07,9999,9999,225.2,0.0,-0.0,0.0,999999,999999,999999,9999,305,0.4,99,99,9999,99999,9,999999999,999,0.999,999,99,999,999,99
2021-01-16 19:00:00,-1.8,-13.36,40.9,89715.89,9999,9999,202.2,0.0,-0.0,0.0,999999,999999,999999,9999,318,0.9,99,99,9999,99999,9,999999999,999,0.999,999,99,999,999,99
2021-01-16 20:00:00,-5.82,-17.87,38.05,89786.46,9999,9999,195.2,0.0,-0.0,0.0,999999,999999,999999,9999,318,1.8,99,99,9999,99999,9,999999999,999,0.999,999,99,999,999,99
2021-01-16 21:00:00,-7.48,-19.0,39.25,89812.92,9999,9999,190.6,0.0,-0.0,0.0,999999,999999,999999,9999,316,1.9,99,99,9999,99999,9,999999999,999,0.999,999,99,999,999,99
2021-01-16 22:00:00,-8.77,-20.08,39.55,89839.39,9999,9999,186.6,0.0,-0.0,0.0,999999,999999,999999,9999,314,2.0,99,99,9999,99999,9,999999999,999,0.999,999,99,999,999,99
2021-01-16 23:00:00,-9.1,-20.89,37.85,89689.42,9999,9999,183.6,0.0,-0.0,0.0,999999,999999,999999,9999,315,2.0,99,99,9999,99999,9,999999999,999,0.999,999,99,999,999,99
2021-01-17 00:00:00,-9.03,-21.34,36.2,89698.24,9999,9999,189.0,0.0,-0.0,0.0,999999,999999,999999,9999,315,2.0,99,99,9999,99999,9,999999999,999,0.999,999,99,999,999,99
2021-01-17 01:00:00,-8.66,-21.44,34.85,89751.17,9999,9999,196.8,0.0,-0.0,0.0,999999,999999,999999,9999,315,1.9,99,99,9999,99999,9,999999999,999,0.999,999,99,999,999,99
2021-01-17 02:00:00,-8.79,-21.43,35.25,89751.17,9999,9999,200.2,0.0,-0.0,0.0,999999,999999,999999,9999,315,1.9,99,99,9999,99999,9,999999999,999,0.999,999,99,999,999,99
2021-01-17 03:00:00,-9.11,-21.13,37.1,89795.28,9999,9999,212.4,0.0,-0.0,0.0,999999,999999,999999,9999,314,1.9,99,99,9999,99999,9,999999999,999,0.999,999,99,999,999,99
2021-01-17 04:00:00,-9.34,-20.82,38.8,89768.82,9999,9999,208.2,0.0,-0.0,0.0,999999,999999,999999,9999,313,1.9,99,99,9999,99999,9,999999999,999,0.999,999,99,999,999,99
2021-01-17 05:00:00,-9.66,-20.66,40.35,89795.28,9999,9999,202.6,0.0,-0.0,0.0,999999,999999,999999,9999,313,1.9,99,99,9999,99999,9,999999999,999,0.999,999,99,999,999,99
2021-01-17 06:00:00,-10.2,-20.75,41.75,89804.1,9999,9999,192.2,0.0,-0.0,0.0,999999,999999,999999,9999,313,1.9,99,99,9999,99999,9,999999999,999,0.999,999,99,999,999,99
2021-01-17 07:00:00,-10.25,-20.84,41.6,89848.21,9999,9999,191.0,0.0,-0.0,0.0,999999,999999,999999,9999,314,1.9,99,99,9999,99999,9,999999999,999,0.999,999,99,999,999,99
2021-01-17 08:00:00,-8.71,-19.92,39.9,89918.78,9999,9999,190.0,0.0,0.0,0.0,999999,999999,999999,9999,313,1.7,99,99,9999,99999,9,999999999,999,0.999,999,99,999,999,99
2021-01-17 09:00:00,-7.22,-18.6,39.8,89989.36,9999,9999,189.4,101.0,273.67,60.0,999999,999999,999999,9999,311,1.6,99,99,9999,99999,9,999999999,999,0.999,999,99,999,999,99
2021-01-17 10:00:00,-3.82,-15.05,41.4,90033.47,9999,9999,190.8,155.0,103.6,127.0,999999,999999,999999,9999,312,1.2,99,99,9999,99999,9,999999999,999,0.999,999,99,999,999,99
2021-01-17 11:00:00,-0.99,-15.71,31.8,89980.54,9999,9999,196.2,205.0,90.11,173.0,999999,999999,999999,9999,312,0.8,99,99,9999,99999,9,999999999,999,0.999,999,99,999,999,99
2021-01-17 12:00:00,-1.34,-12.5,42.4,89980.54,9999,9999,198.8,308.0,296.08,190.0,999999,999999,999999,9999,320,0.8,99,99,9999,99999,9,999999999,999,0.999,999,99,999,999,99
2021-01-17 13:00:00,-0.1,-9.59,48.85,89998.18,9999,9999,208.2,395.0,741.93,100.0,999999,999999,999999,9999,319,0.7,99,99,9999,99999,9,999999999,999,0.999,999,99,999,999,99
2021-01-17 14:00:00,0.04,-8.24,53.7,89936.43,9999,9999,217.8,212.0,110.68,173.0,999999,999999,999999,9999,304,0.8,99,99,9999,99999,9,999999999,999,0.999,999,99,999,999,99
2021-01-17 15:00:00,-0.08,-8.27,54.05,89936.43,9999,9999,221.6,175.0,188.02,125.0,999999,999999,999999,9999,300,1.0,99,99,9999,99999,9,999999999,999,0.999,999,99,999,999,99
2021-01-17 16:00:00,-0.8,-8.53,55.85,89909.96,9999,9999,238.2,72.0,90.19,59.0,999999,999999,999999,9999,302,1.2,99,99,9999,99999,9,999999999,999,0.999,999,99,999,999,99
2021-01-17 17:00:00,-1.55,-11.2,47.8,89909.96,9999,9999,230.6,0.0,-0.0,0.0,999999,999999,999999,9999,310,1.2,99,99,9999,99999,9,999999999,999,0.999,999,99,999,999,99
2021-01-17 18:00:00,-0.55,-14.63,33.65,89954.07,9999,9999,228.4,0.0,-0.0,0.0,999999,999999,999999,9999,321,1.3,99,99,9999,99999,9,999999999,999,0.999,999,99,999,999,99
2021-01-17 19:00:00,-0.17,-15.27,31.05,90033.47,9999,9999,237.2,0.0,-0.0,0.0,999999,999999,999999,9999,326,1.3,99,99,9999,99999,9,999999999,999,0.999,999,99,999,999,99
2021-01-17 20:00:00,-1.38,-13.49,39.25,90156.97,9999,9999,207.0,0.0,-0.0,0.0,999999,999999,999999,9999,3,1.0,99,99,9999,99999,9,999999999,999,0.999,999,99,999,999,99
2021-01-17 21:00:00,-1.5,-13.6,39.25,90271.65,9999,9999,206.8,0.0,-0.0,0.0,999999,999999,999999,9999,351,1.0,99,99,9999,99999,9,999999999,999,0.999,999,99,999,999,99
2021-01-17 22:00:00,-1.77,-13.84,39.25,90333.4,9999,9999,203.2,0.0,-0.0,0.0,999999,999999,999999,9999,333,1.1,99,99,9999,99999,9,999999999,999,0.999,999,99,999,999,99
2021-01-17 23:00:00,-2.13,-14.15,39.3,90245.18,9999,9999,206.4,0.0,-0.0,0.0,999999,999999,999999,9999,316,1.4,99,99,9999,99999,9,999999999,999,0.999,999,99,999,999,99
2021-01-18 00:00:00,-4.18,-14.73,43.65,90245.18,9999,9999,226.4,0.0,-0.0,0.0,999999,999999,999999,9999,307,1.6,99,99,9999,99999,9,999999999,999,0.999,999,99,999,999,99
2021-01-18 01:00:00,-5.23,-14.62,47.7,90236.36,9999,9999,246.0,0.0,-0.0,0.0,999999,999999,999999,9999,306,1.7,99,99,9999,99999,9,999999999,999,0.999,999,99,999,999,99
2021-01-18 02:00:00,-5.6,-14.42,49.85,90254.01,9999,9999,237.6,0.0,-0.0,0.0,999999,999999,999999,9999,306,1.6,99,99,9999,99999,9,999999999,999,0.999,999,99,999,999,99
2021-01-18 03:00:00,-5.5,-14.23,50.25,90377.51,9999,9999,236.8,0.0,-0.0,0.0,999999,999999,999999,9999,304,1.6,99,99,9999,99999,9,999999999,999,0.999,999,99,999,999,99
2021-01-18 04:00:00,-5.61,-14.29,50.45,90368.69,9999,9999,228.0,0.0,-0.0,0.0,999999,999999,999999,9999,305,1.6,99,99,9999,99999,9,999999999,999,0.999,999,99,999,999,99
2021-01-18 05:00:00,-5.72,-14.48,50.05,90324.58,9999,9999,221.0,0.0,-0.0,0.0,999999,999999,999999,9999,307,1.6,99,99,9999,99999,9,999999999,999,0.999,999,99,999,999,99
2021-01-18 06:00:00,-6.36,-14.92,50.7,90315.76,9999,9999,205.0,0.0,-0.0,0.0,999999,999999,999999,9999,308,1.7,99,99,9999,99999,9,999999999,999,0.999,999,99,999,999,99
2021-01-18 07:00:00,-6.97,-15.22,51.85,90342.22,9999,9999,200.2,0.0,-0.0,0.0,999999,999999,999999,9999,308,1.7,99,99,9999,99999,9,999999999,999,0.999,999,99,999,999,99
2021-01-18 08:00:00,-5.96,-15.5,46.9,90386.33,9999,9999,205.4,0.0,0.0,0.0,999999,999999,999999,9999,313,1.6,99,99,9999,99999,9,999999999,999,0.999,999,99,999,999,99
2021-01-18 09:00:00,-4.55,-13.82,48.35,90448.08,9999,9999,206.0,121.0,487.05,47.0,999999,999999,999999,9999,312,1.4,99,99,9999,99999,9,999999999,999,0.999,999,99,999,999,99
2021-01-18 10:00:00,-1.54,-9.99,52.55,90492.19,9999,9999,200.6,258.0,707.66,65.0,999999,999999,999999,9999,303,1.0,99,99,9999,99999,9,999999999,999,0.999,999,99,999,999,99
2021-01-18 11:00:00,1.53,-11.51,37.3,90509.83,9999,9999,208.6,357.0,779.56,78.0,999999,999999,999999,9999,251,0.4,99,99,9999,99999,9,999999999,999,0.999,999,99,999,999,99
2021-01-18 12:00:00,2.37,-10.17,39.05,90421.62,9999,9999,221.0,411.0,819.18,82.0,999999,999999,999999,9999,201,0.7,99,99,9999,99999,9,999999999,999,0.999,999,99,999,999,99
2021-01-18 13:00:00,3.26,-10.71,35.15,90333.4,9999,9999,215.2,410.0,818.1,82.0,999999,999999,999999,9999,180,0.8,99,99,9999,99999,9,999999999,999,0.999,999,99,999,999,99
2021-01-18 14:00:00,3.32,-8.89,40.4,90342.22,9999,9999,216.2,356.0,789.61,75.0,999999,999999,999999,9999,174,0.9,99,99,9999,99999,9,999999999,999,0.999,999,99,999,999,99
2021-01-18 15:00:00,3.19,-7.63,44.95,90386.33,9999,9999,209.8,260.0,771.75,52.0,999999,999999,999999,9999,177,0.8,99,99,9999,99999,9,999999999,999,0.999,999,99,999,999,99
2021-01-18 16:00:00,2.77,-8.27,44.05,90412.8,9999,9999,208.8,123.0,609.14,33.0,999999,999999,999999,9999,174,0.8,99,99,9999,99999,9,999999999,999,0.999,999,99,999,999,99
2021-01-18 17:00:00,2.06,-8.73,44.7,90456.9,9999,9999,206.0,0.0,-0.0,0.0,999999,999999,999999,9999,220,0.5,99,99,9999,99999,9,999999999,999,0.999,999,99,999,999,99
2021-01-18 18:00:00,1.03,-9.12,46.7,90509.83,9999,9999,205.0,0.0,-0.0,0.0,999999,999999,999999,9999,277,0.8,99,99,9999,99999,9,999999999,999,0.999,999,99,999,999,99
2021-01-18 19:00:00,-1.7,-10.13,52.6,90545.12,9999,9999,204.0,0.0,-0.0,0.0,999999,999999,999999,9999,304,1.4,99,99,9999,99999,9,999999999,999,0.999,999,99,999,999,99
2021-01-18 20:00:00,-0.84,-9.96,50.05,90598.05,9999,9999,205.4,0.0,-0.0,0.0,999999,999999,999999,9999,310,1.2,99,99,9999,99999,9,999999999,999,0.999,999,99,999,999,99
2021-01-18 21:00:00,-1.27,-10.6,49.1,90615.69,9999,9999,205.8,0.0,-0.0,0.0,999999,999999,999999,9999,314,1.2,99,99,9999,99999,9,999999999,999,0.999,999,99,999,999,99
2021-01-18 22:00:00,-1.22,-11.03,47.3,90677.44,9999,9999,208.6,0.0,-0.0,0.0,999999,999999,999999,9999,322,1.1,99,99,9999,99999,9,999999999,999,0.999,999,99,999,999,99
2021-01-18 23:00:00,-1.74,-11.29,48.1,90633.34,9999,9999,235.8,0.0,-0.0,0.0,999999,999999,999999,9999,316,1.3,99,99,9999,99999,9,999999999,999,0.999,999,99,999,999,99
2021-01-19 00:00:00,-2.67,-11.69,49.9,90677.44,9999,9999,240.8,0.0,-0.0,0.0,999999,999999,999999,9999,306,1.5,99,99,9999,99999,9,999999999,999,0.999,999,99,999,999,99
2021-01-19 01:00:00,-4.03,-12.08,53.55,90686.27,9999,9999,230.4,0.0,-0.0,0.0,999999,999999,999999,9999,303,1.8,99,99,9999,99999,9,999999999,999,0.999,999,99,999,999,99
2021-01-19 02:00:00,-4.14,-11.89,54.8,90686.27,9999,9999,249.8,0.0,-0.0,0.0,999999,999999,999999,9999,304,1.8,99,99,9999,99999,9,999999999,999,0.999,999,99,999,999,99
2021-01-19 03:00:00,-4.98,-11.98,58.0,90695.09,9999,9999,225.4,0.0,-0.0,0.0,999999,999999,999999,9999,304,1.8,99,99,9999,99999,9,999999999,999,0.999,999,99,999,999,99
2021-01-19 04:00:00,-5.55,-12.09,60.0,90730.37,9999,9999,219.4,0.0,-0.0,0.0,999999,999999,999999,9999,307,1.7,99,99,9999,99999,9,999999999,999,0.999,999,99,999,999,99
2021-01-19 05:00:00,-5.86,-12.27,60.55,90774.48,9999,9999,216.6,0.0,-0.0,0.0,999999,999999,999999,9999,314,1.7,99,99,9999,99999,9,999999999,999,0.999,999,99,999,999,99
2021-01-19 06:00:00,-6.07,-12.44,60.7,90800.95,9999,9999,218.2,0.0,-0.0,0.0,999999,999999,999999,9999,319,1.7,99,99,9999,99999,9,999999999,999,0.999,999,99,999,999,99
2021-01-19 07:00:00,-6.56,-12.73,61.55,90809.77,9999,9999,210.0,0.0,-0.0,0.0,999999,999999,999999,9999,316,1.8,99,99,9999,99999,9,999999999,999,0.999,999,99,999,999,99
2021-01-19 08:00:00,-6.83,-13.99,56.75,90836.23,9999,9999,206.4,0.0,0.0,0.0,999999,999999,999999,9999,306,1.6,99,99,9999,99999,9,999999999,999,0.999,999,99,999,999,99
2021-01-19 09:00:00,-5.84,-12.85,57.7,90871.52,9999,9999,207.4,130.0,596.75,38.0,999999,999999,999999,9999,310,1.5,99,99,9999,99999,9,999999999,999,0.999,999,99,999,999,99
2021-01-19 10:00:00,-1.13,-9.49,53.05,90906.81,9999,9999,210.0,264.0,737.39,61.0,999999,999999,999999,9999,307,0.8,99,99,9999,99999,9,999999999,999,0.999,999,99,999,999,99
2021-01-19 11:00:00,1.84,-8.88,44.9,90880.34,9999,9999,211.2,345.0,668.0,104.0,999999,999999,999999,9999,211,0.2,99,99,9999,99999,9,999999999,999,0.999,999,99,999,999,99
2021-01-19 12:00:00,2.88,-6.98,48.3,90880.34,9999,9999,213.4,371.0,558.31,145.0,999999,999999,999999,9999,168,0.8,99,99,9999,99999,9,999999999,999,0.999,999,99,999,999,99
2021-01-19 13:00:00,3.5,-7.7,43.75,90880.34,9999,9999,214.4,414.0,818.62,83.0,999999,999999,999999,9999,164,1.0,99,99,9999,99999,9,999999999,999,0.999,999,99,999,999,99
2021-01-19 14:00:00,3.45,-6.91,46.65,90871.52,9999,9999,215.4,364.0,823.48,68.0,999999,999999,999999,9999,166,1.1,99,99,9999,99999,9,999999999,999,0.999,999,99,999,999,99
2021-01-19 15:00:00,3.1,-5.66,52.6,90853.88,9999,9999,216.4,266.0,787.01,51.0,999999,999999,999999,9999,168,1.0,99,99,9999,99999,9,999999999,999,0.999,999,99,999,999,99
2021-01-19 16:00:00,2.28,-5.06,58.35,90845.05,9999,9999,216.0,129.0,640.6,32.0,999999,999999,999999,9999,162,1.0,99,99,9999,99999,9,999999999,999,0.999,999,99,999,999,99
2021-01-19 17:00:00,1.3,-5.11,62.35,90871.52,9999,9999,213.2,0.0,0.0,0.0,999999,999999,999999,9999,171,0.7,99,99,9999,99999,9,999999999,999,0.999,999,99,999,999,99
2021-01-19 18:00:00,0.8,-6.33,58.9,90933.27,9999,9999,211.8,0.0,-0.0,0.0,999999,999999,999999,9999,205,0.2,99,99,9999,99999,9,999999999,999,0.999,999,99,999,999,99
2021-01-19 19:00:00,-0.19,-6.66,61.7,90995.02,9999,9999,210.6,0.0,-0.0,0.0,999999,999999,999999,9999,269,0.3,99,99,9999,99999,9,999999999,999,0.999,999,99,999,999,99
2021-01-19 20:00:00,-2.86,-8.24,66.45,91047.95,9999,9999,209.8,0.0,-0.0,0.0,999999,999999,999999,9999,323,1.0,99,99,9999,99999,9,999999999,999,0.999,999,99,999,999,99
2021-01-19 21:00:00,-3.11,-8.84,64.6,91109.7,9999,9999,211.2,0.0,-0.0,0.0,999999,999999,999999,9999,329,1.2,99,99,9999,99999,9,999999999,999,0.999,999,99,999,999,99
2021-01-19 22:00:00,-3.74,-9.53,64.15,91153.81,9999,9999,207.4,0.0,-0.0,0.0,999999,999999,999999,9999,327,1.3,99,99,9999,99999,9,999999999,999,0.999,999,99,999,999,99
2021-01-19 23:00:00,-4.85,-10.24,65.95,91144.99,9999,9999,208.6,0.0,-0.0,0.0,999999,999999,999999,9999,320,1.4,99,99,9999,99999,9,999999999,999,0.999,999,99,999,999,99
2021-01-20 00:00:00,-5.65,-10.81,66.95,91100.88,9999,9999,209.2,0.0,-0.0,0.0,999999,999999,999999,9999,317,1.5,99,99,9999,99999,9,999999999,999,0.999,999,99,999,999,99
2021-01-20 01:00:00,-6.02,-11.12,67.2,91162.63,9999,9999,214.6,0.0,-0.0,0.0,999999,999999,999999,9999,317,1.5,99,99,9999,99999,9,999999999,999,0.999,999,99,999,999,99
2021-01-20 02:00:00,-6.57,-11.39,68.6,91189.1,9999,9999,219.8,0.0,-0.0,0.0,999999,999999,999999,9999,317,1.5,99,99,9999,99999,9,999999999,999,0.999,999,99,999,999,99
2021-01-20 03:00:00,-7.06,-11.67,69.65,91189.1,9999,9999,211.0,0.0,-0.0,0.0,999999,999999,999999,9999,313,1.6,99,99,9999,99999,9,999999999,999,0.999,999,99,999,999,99
2021-01-20 04:00:00,-7.44,-11.95,70.15,91206.74,9999,9999,213.0,0.0,-0.0,0.0,999999,999999,999999,9999,309,1.6,99,99,9999,99999,9,999999999,999,0.999,999,99,999,999,99
2021-01-20 05:00:00,-7.74,-12.23,70.15,91162.63,9999,9999,210.2,0.0,-0.0,0.0,999999,999999,999999,9999,309,1.6,99,99,9999,99999,9,999999999,999,0.999,999,99,999,999,99
2021-01-20 06:00:00,-8.06,-12.54,70.15,91136.17,9999,9999,210.2,0.0,-0.0,0.0,999999,999999,999999,9999,310,1.6,99,99,9999,99999,9,999999999,999,0.999,999,99,999,999,99
2021-01-20 07:00:00,-8.07,-12.71,69.25,91127.35,9999,9999,214.0,0.0,-0.0,0.0,999999,999999,999999,9999,315,1.5,99,99,9999,99999,9,999999999,999,0.999,999,99,999,999,99
2021-01-20 08:00:00,-8.12,-13.6,64.7,91127.35,9999,9999,214.2,0.0,0.0,0.0,999999,999999,999999,9999,318,1.5,99,99,9999,99999,9,999999999,999,0.999,999,99,999,999,99
2021-01-20 09:00:00,-7.23,-12.69,65.0,91153.81,9999,9999,215.8,131.0,587.82,39.0,999999,999999,999999,9999,314,1.3,99,99,9999,99999,9,999999999,999,0.999,999,99,999,999,99
2021-01-20 10:00:00,-2.92,-9.46,60.7,91180.28,9999,9999,218.0,270.0,766.28,57.0,999999,999999,999999,9999,310,0.8,99,99,9999,99999,9,999999999,999,0.999,999,99,999,999,99
2021-01-20 11:00:00,0.47,-9.01,49.05,91180.28,9999,9999,223.2,375.0,860.44,62.0,999999,999999,999999,9999,207,0.1,99,99,9999,99999,9,999999999,999,0.999,999,99,999,999,99
2021-01-20 12:00:00,1.78,-7.85,48.85,91144.99,9999,9999,223.0,430.0,904.27,61.0,999999,999999,999999,9999,176,0.6,99,99,9999,99999,9,999999999,999,0.999,999,99,999,999,99
2021-01-20 13:00:00,2.57,-7.25,48.35,91109.7,9999,9999,228.4,432.0,919.47,57.0,999999,999999,999999,9999,172,0.8,99,99,9999,99999,9,999999999,999,0.999,999,99,999,999,99
2021-01-20 14:00:00,2.77,-6.98,48.7,91021.49,9999,9999,229.4,369.0,826.19,69.0,999999,999999,999999,9999,165,0.7,99,99,9999,99999,9,999999999,999,0.999,999,99,999,999,99
2021-01-20 15:00:00,2.57,-5.8,54.05,91012.67,9999,9999,228.2,272.0,805.27,49.0,999999,999999,999999,9999,146,0.6,99,99,9999,99999,9,999999999,999,0.999,999,99,999,999,99
2021-01-20 16:00:00,1.97,-5.55,57.5,91003.84,9999,9999,222.8,138.0,734.74,24.0,999999,999999,999999,9999,144,0.8,99,99,9999,99999,9,999999999,999,0.999,999,99,999,999,99
2021-01-20 17:00:00,1.14,-5.41,61.65,91030.31,9999,9999,231.2,0.0,0.0,0.0,999999,999999,999999,9999,171,0.5,99,99,9999,99999,9,999999999,999,0.999,999,99,999,999,99
2021-01-20 18:00:00,0.36,-6.18,61.5,91074.42,9999,9999,230.0,0.0,-0.0,0.0,999999,999999,999999,9999,231,0.2,99,99,9999,99999,9,999999999,999,0.999,999,99,999,999,99
2021-01-20 19:00:00,-0.57,-6.52,64.1,91074.42,9999,9999,225.0,0.0,-0.0,0.0,999999,999999,999999,9999,298,0.3,99,99,9999,99999,9,999999999,999,0.999,999,99,999,999,99
2021-01-20 20:00:00,-4.39,-8.06,75.55,91047.95,9999,9999,226.8,0.0,-0.0,0.0,999999,999999,999999,9999,314,1.4,99,99,9999,99999,9,999999999,999,0.999,999,99,999,999,99
2021-01-20 21:00:00,-5.39,-8.93,76.15,91039.13,9999,9999,222.8,0.0,-0.0,0.0,999999,999999,999999,9999,316,1.6,99,99,9999,99999,9,999999999,999,0.999,999,99,999,999,99
2021-01-20 22:00:00,-6.01,-9.72,75.0,91056.77,9999,9999,214.2,0.0,-0.0,0.0,999999,999999,999999,9999,318,1.6,99,99,9999,99999,9,999999999,999,0.999,999,99,999,999,99
2021-01-20 23:00:00,-6.3,-10.32,73.15,91083.24,9999,9999,220.2,0.0,-0.0,0.0,999999,999999,999999,9999,319,1.6,99,99,9999,99999,9,999999999,999,0.999,999,99,999,999,99
2021-01-21 00:00:00,-6.67,-10.89,71.95,91047.95,9999,9999,222.0,0.0,-0.0,0.0,999999,999999,999999,9999,318,1.6,99,99,9999,99999,9,999999999,999,0.999,999,99,999,999,99
2021-01-21 01:00:00,-6.96,-11.4,70.6,91047.95,9999,9999,223.0,0.0,-0.0,0.0,999999,999999,999999,9999,316,1.6,99,99,9999,99999,9,999999999,999,0.999,999,99,999,999,99
2021-01-21 02:00:00,-7.19,-11.92,68.95,91074.42,9999,9999,224.4,0.0,-0.0,0.0,999999,999999,999999,9999,316,1.7,99,99,9999,99999,9,999999999,999,0.999,999,99,999,999,99
2021-01-21 03:00:00,-7.67,-12.29,69.45,91092.06,9999,9999,221.6,0.0,-0.0,0.0,999999,999999,999999,9999,318,1.7,99,99,9999,99999,9,999999999,999,0.999,999,99,999,999,99
2021-01-21 04:00:00,-7.97,-12.59,69.4,91065.6,9999,9999,212.6,0.0,-0.0,0.0,999999,999999,999999,9999,317,1.6,99,99,9999,99999,9,999999999,999,0.999,999,99,999,999,99
2021-01-21 05:00:00,-7.91,-12.72,68.35,91039.13,9999,9999,212.6,0.0,-0.0,0.0,999999,999999,999999,9999,316,1.5,99,99,9999,99999,9,999999999,999,0.999,999,99,999,999,99
2021-01-21 06:00:00,-7.91,-12.75,68.2,91039.13,9999,9999,207.2,0.0,-0.0,0.0,999999,999999,999999,9999,317,1.5,99,99,9999,99999,9,999999999,999,0.999,999,99,999,999,99
2021-01-21 07:00:00,-8.03,-12.89,68.05,91012.67,9999,9999,216.4,0.0,-0.0,0.0,999999,999999,999999,9999,317,1.6,99,99,9999,99999,9,999999999,999,0.999,999,99,999,999,99
2021-01-21 08:00:00,-8.94,-13.43,69.9,90986.2,9999,9999,208.2,0.0,0.0,0.0,999999,999999,999999,9999,313,1.8,99,99,9999,99999,9,999999999,999,0.999,999,99,999,999,99
2021-01-21 09:00:00,-8.14,-12.84,68.9,91021.49,9999,9999,207.8,135.0,603.91,39.0,999999,999999,999999,9999,312,1.7,99,99,9999,99999,9,999999999,999,0.999,999,99,999,999,99
2021-01-21 10:00:00,-3.48,-9.62,62.5,91030.31,9999,9999,209.0,273.0,769.38,57.0,999999,999999,999999,9999,309,1.1,99,99,9999,99999,9,999999999,999,0.999,999,99,999,999,99
2021-01-21 11:00:00,0.88,-8.03,51.4,91021.49,9999,9999,214.2,380.0,880.45,57.0,999999,999999,999999,9999,272,0.3,99,99,9999,99999,9,999999999,999,0.999,999,99,999,999,99
2021-01-21 12:00:00,2.8,-7.4,47.05,90933.27,9999,9999,217.8,434.0,906.59,61.0,999999,999999,999999,9999,176,0.5,99,99,9999,99999,9,999999999,999,0.999,999,99,999,999,99
2021-01-21 13:00:00,3.63,-7.34,44.55,90853.88,9999,9999,218.2,432.0,887.15,67.0,999999,999999,999999,9999,158,0.6,99,99,9999,99999,9,999999999,999,0.999,999,99,999,999,99
2021-01-21 14:00:00,3.98,-6.97,44.75,90774.48,9999,9999,219.0,375.0,845.02,65.0,999999,999999,999999,9999,146,0.6,99,99,9999,99999,9,999999999,999,0.999,999,99,999,999,99
2021-01-21 15:00:00,3.84,-5.66,49.95,90756.84,9999,9999,216.0,276.0,808.57,49.0,999999,999999,999999,9999,137,0.7,99,99,9999,99999,9,999999999,999,0.999,999,99,999,999,99
2021-01-21 16:00:00,3.01,-4.6,57.35,90765.66,9999,9999,215.0,136.0,641.68,34.0,999999,999999,999999,9999,148,0.8,99,99,9999,99999,9,999999999,999,0.999,999,99,999,999,99
2021-01-21 17:00:00,1.92,-5.51,57.85,90800.95,9999,9999,212.2,0.0,0.0,0.0,999999,999999,999999,9999,173,0.4,99,99,9999,99999,9,999999999,999,0.999,999,99,999,999,99
2021-01-21 18:00:00,0.88,-6.3,58.7,90845.05,9999,9999,210.4,0.0,-0.0,0.0,999999,999999,999999,9999,292,0.3,99,99,9999,99999,9,999999999,999,0.999,999,99,999,999,99
2021-01-21 19:00:00,-0.27,-6.78,61.5,90827.41,9999,9999,209.6,0.0,-0.0,0.0,999999,999999,999999,9999,322,0.6,99,99,9999,99999,9,999999999,999,0.999,999,99,999,999,99
2021-01-21 20:00:00,-4.82,-9.93,67.45,90853.88,9999,9999,207.6,0.0,-0.0,0.0,999999,999999,999999,9999,312,1.8,99,99,9999,99999,9,999999999,999,0.999,999,99,999,999,99
2021-01-21 21:00:00,-4.71,-10.81,62.35,90853.88,9999,9999,207.2,0.0,-0.0,0.0,999999,999999,999999,9999,308,1.8,99,99,9999,99999,9,999999999,999,0.999,999,99,999,999,99
2021-01-21 22:00:00,-4.57,-11.31,59.3,90862.7,9999,9999,206.8,0.0,-0.0,0.0,999999,999999,999999,9999,309,1.8,99,99,9999,99999,9,999999999,999,0.999,999,99,999,999,99
2021-01-21 23:00:00,-4.6,-11.79,57.2,90880.34,9999,9999,207.2,0.0,-0.0,0.0,999999,999999,999999,9999,311,1.8,99,99,9999,99999,9,999999999,999,0.999,999,99,999,999,99
2021-01-22 00:00:00,-4.55,-12.07,55.7,90827.41,9999,9999,210.0,0.0,-0.0,0.0,999999,999999,999999,9999,310,1.7,99,99,9999,99999,9,999999999,999,0.999,999,99,999,999,99
2021-01-22 01:00:00,-4.61,-12.19,55.45,90800.95,9999,9999,206.8,0.0,-0.0,0.0,999999,999999,999999,9999,307,1.7,99,99,9999,99999,9,999999999,999,0.999,999,99,999,999,99
2021-01-22 02:00:00,-4.97,-12.42,55.9,90836.23,9999,9999,211.8,0.0,-0.0,0.0,999999,999999,999999,9999,308,1.9,99,99,9999,99999,9,999999999,999,0.999,999,99,999,999,99
2021-01-22 03:00:00,-5.41,-12.84,55.9,90871.52,9999,9999,210.0,0.0,-0.0,0.0,999999,999999,999999,9999,307,1.9,99,99,9999,99999,9,999999999,999,0.999,999,99,999,999,99
2021-01-22 04:00:00,-5.8,-13.24,55.75,90871.52,9999,9999,212.8,0.0,-0.0,0.0,999999,999999,999999,9999,308,1.9,99,99,9999,99999,9,999999999,999,0.999,999,99,999,999,99
2021-01-22 05:00:00,-5.98,-13.62,54.8,90800.95,9999,9999,211.6,0.0,-0.0,0.0,999999,999999,999999,9999,308,1.9,99,99,9999,99999,9,999999999,999,0.999,999,99,999,999,99
2021-01-22 06:00:00,-5.89,-13.88,53.25,90765.66,9999,9999,209.8,0.0,-0.0,0.0,999999,999999,999999,9999,308,1.9,99,99,9999,99999,9,999999999,999,0.999,999,99,999,999,99
2021-01-22 07:00:00,-5.79,-14.11,51.9,90739.2,9999,9999,207.4,0.0,-0.0,0.0,999999,999999,999999,9999,308,1.9,99,99,9999,99999,9,999999999,999,0.999,999,99,999,999,99
2021-01-22 08:00:00,-5.66,-14.81,48.5,90783.3,9999,9999,203.2,0.0,0.0,0.0,999999,999999,999999,9999,305,1.8,99,99,9999,99999,9,999999999,999,0.999,999,99,999,999,99
2021-01-22 09:00:00,-4.69,-13.68,49.45,90818.59,9999,9999,204.0,148.0,798.64,19.0,999999,999999,999999,9999,305,1.7,99,99,9999,99999,9,999999999,999,0.999,999,99,999,999,99
2021-01-22 10:00:00,-0.89,-9.71,51.25,90853.88,9999,9999,206.4,294.0,958.99,22.0,999999,999999,999999,9999,303,1.0,99,99,9999,99999,9,999999999,999,0.999,999,99,999,999,99
2021-01-22 11:00:00,2.92,-9.66,39.1,90871.52,9999,9999,210.2,390.0,932.3,45.0,999999,999999,999999,9999,240,0.3,99,99,9999,99999,9,999999999,999,0.999,999,99,999,999,99
2021-01-22 12:00:00,4.17,-7.54,42.25,90792.12,9999,9999,214.2,441.0,925.53,57.0,999999,999999,999999,9999,163,0.4,99,99,9999,99999,9,999999999,999,0.999,999,99,999,999,99
2021-01-22 13:00:00,4.84,-8.19,38.35,90730.37,9999,9999,217.2,438.0,905.79,62.0,999999,999999,999999,9999,157,1.0,99,99,9999,99999,9,999999999,999,0.999,999,99,999,999,99
2021-01-22 14:00:00,4.74,-7.02,42.25,90650.98,9999,9999,220.4,386.0,895.66,54.0,999999,999999,999999,9999,160,1.0,99,99,9999,99999,9,999999999,999,0.999,999,99,999,999,99
2021-01-22 15:00:00,4.5,-6.13,46.0,90615.69,9999,9999,221.4,267.0,685.11,72.0,999999,999999,999999,9999,166,0.5,99,99,9999,99999,9,999999999,999,0.999,999,99,999,999,99
2021-01-22 16:00:00,4.09,-5.89,48.2,90642.16,9999,9999,227.6,144.0,724.72,26.0,999999,999999,999999,9999,159,0.6,99,99,9999,99999,9,999999999,999,0.999,999,99,999,999,99
2021-01-22 17:00:00,3.31,-6.57,48.35,90642.16,9999,9999,240.6,0.0,0.0,0.0,999999,999999,999999,9999,190,0.3,99,99,9999,99999,9,999999999,999,0.999,999,99,999,999,99
2021-01-22 18:00:00,2.43,-6.63,51.25,90650.98,9999,9999,241.2,0.0,-0.0,0.0,999999,999999,999999,9999,293,0.3,99,99,9999,99999,9,999999999,999,0.999,999,99,999,999,99
2021-01-22 19:00:00,1.83,-6.92,52.3,90668.62,9999,9999,247.4,0.0,-0.0,0.0,999999,999999,999999,9999,314,0.7,99,99,9999,99999,9,999999999,999,0.999,999,99,999,999,99
2021-01-22 20:00:00,-1.32,-8.39,58.65,90668.62,9999,9999,237.8,0.0,-0.0,0.0,999999,999999,999999,9999,310,1.4,99,99,9999,99999,9,999999999,999,0.999,999,99,999,999,99
2021-01-22 21:00:00,-1.98,-9.12,58.15,90659.8,9999,9999,251.0,0.0,-0.0,0.0,999999,999999,999999,9999,312,1.6,99,99,9999,99999,9,999999999,999,0.999,999,99,999,999,99
2021-01-22 22:00:00,-2.01,-9.98,54.45,90633.34,9999,9999,253.2,0.0,-0.0,0.0,999999,999999,999999,9999,309,1.6,99,99,9999,99999,9,999999999,999,0.999,999,99,999,999,99
2021-01-22 23:00:00,-1.59,-10.44,50.9,90598.05,9999,9999,259.4,0.0,-0.0,0.0,999999,999999,999999,9999,306,1.5,99,99,9999,99999,9,999999999,999,0.999,999,99,999,999,99
2021-01-23 00:00:00,-1.24,-10.6,49.0,90518.65,9999,9999,261.8,0.0,-0.0,0.0,999999,999999,999999,9999,309,1.4,99,99,9999,99999,9,999999999,999,0.999,999,99,999,999,99
2021-01-23 01:00:00,-1.14,-10.87,47.6,90492.19,9999,9999,257.6,0.0,-0.0,0.0,999999,999999,999999,9999,314,1.4,99,99,9999,99999,9,999999999,999,0.999,999,99,999,999,99
2021-01-23 02:00:00,0.01,-11.21,42.6,90492.19,9999,9999,245.0,0.0,-0.0,0.0,999999,999999,999999,9999,314,1.1,99,99,9999,99999,9,999999999,999,0.999,999,99,999,999,99
2021-01-23 03:00:00,-0.17,-11.2,43.2,90580.41,9999,9999,230.0,0.0,-0.0,0.0,999999,999999,999999,9999,314,1.2,99,99,9999,99999,9,999999999,999,0.999,999,99,999,999,99
2021-01-23 04:00:00,-1.86,-11.51,47.7,90527.48,9999,9999,229.8,0.0,-0.0,0.0,999999,999999,999999,9999,317,1.5,99,99,9999,99999,9,999999999,999,0.999,999,99,999,999,99
2021-01-23 05:00:00,-2.19,-11.84,47.6,90501.01,9999,9999,252.2,0.0,-0.0,0.0,999999,999999,999999,9999,320,1.5,99,99,9999,99999,9,999999999,999,0.999,999,99,999,999,99
2021-01-23 06:00:00,-2.32,-11.93,47.7,90439.26,9999,9999,261.2,0.0,-0.0,0.0,999999,999999,999999,9999,323,1.4,99,99,9999,99999,9,999999999,999,0.999,999,99,999,999,99
2021-01-23 07:00:00,-2.59,-12.18,47.7,90430.44,9999,9999,233.6,0.0,-0.0,0.0,999999,999999,999999,9999,323,1.4,99,99,9999,99999,9,999999999,999,0.999,999,99,999,999,99
2021-01-23 08:00:00,-3.92,-12.78,50.2,90412.8,9999,9999,222.8,0.0,0.0,0.0,999999,999999,999999,9999,307,1.7,99,99,9999,99999,9,999999999,999,0.999,999,99,999,999,99
2021-01-23 09:00:00,-3.57,-12.15,51.45,90403.97,9999,9999,219.8,131.0,487.23,51.0,999999,999999,999999,9999,313,1.6,99,99,9999,99999,9,999999999,999,0.999,999,99,999,999,99
2021-01-23 10:00:00,0.69,-8.51,50.2,90333.4,9999,9999,228.2,258.0,589.63,89.0,999999,999999,999999,9999,314,0.8,99,99,9999,99999,9,999999999,999,0.999,999,99,999,999,99
2021-01-23 11:00:00,3.48,-8.49,41.2,90333.4,9999,9999,223.6,373.0,771.41,85.0,999999,999999,999999,9999,162,0.3,99,99,9999,99999,9,999999999,999,0.999,999,99,999,999,99
2021-01-23 12:00:00,4.52,-7.75,40.55,90209.9,9999,9999,227.8,411.0,707.37,115.0,999999,999999,999999,9999,154,1.0,99,99,9999,99999,9,999999999,999,0.999,999,99,999,999,99
2021-01-23 13:00:00,4.71,-6.52,44.0,90112.86,9999,9999,228.2,423.0,780.67,96.0,999999,999999,999999,9999,159,1.1,99,99,9999,99999,9,999999999,999,0.999,999,99,999,999,99
2021-01-23 14:00:00,4.63,-5.59,47.5,90077.57,9999,9999,230.8,359.0,672.76,107.0,999999,999999,999999,9999,162,1.0,99,99,9999,99999,9,999999999,999,0.999,999,99,999,999,99
2021-01-23 15:00:00,4.3,-4.74,51.85,90042.29,9999,9999,226.0,287.0,831.66,47.0,999999,999999,999999,9999,156,0.9,99,99,9999,99999,9,999999999,999,0.999,999,99,999,999,99
2021-01-23 16:00:00,3.77,-3.74,58.0,90015.82,9999,9999,223.0,142.0,611.71,40.0,999999,999999,999999,9999,148,0.5,99,99,9999,99999,9,999999999,999,0.999,999,99,999,999,99
2021-01-23 17:00:00,3.51,-5.84,50.4,90024.64,9999,9999,219.8,0.0,0.0,0.0,999999,999999,999999,9999,311,0.3,99,99,9999,99999,9,999999999,999,0.999,999,99,999,999,99
2021-01-23 18:00:00,2.66,-6.17,52.2,90086.4,9999,9999,217.0,0.0,-0.0,0.0,999999,999999,999999,9999,335,0.7,99,99,9999,99999,9,999999999,999,0.999,999,99,999,999,99
2021-01-23 19:00:00,1.45,-6.75,54.45,90104.04,9999,9999,216.2,0.0,-0.0,0.0,999999,999999,999999,9999,333,1.0,99,99,9999,99999,9,999999999,999,0.999,999,99,999,999,99
2021-01-23 20:00:00,1.59,-5.71,58.35,90086.4,9999,9999,216.8,0.0,-0.0,0.0,999999,999999,999999,9999,314,0.8,99,99,9999,99999,9,999999999,999,0.999,999,99,999,999,99
2021-01-23 21:00:00,0.31,-6.62,59.7,90077.57,9999,9999,217.2,0.0,-0.0,0.0,999999,999999,999999,9999,322,1.2,99,99,9999,99999,9,999999999,999,0.999,999,99,999,999,99
2021-01-23 22:00:00,-2.17,-7.96,64.55,90068.75,9999,9999,214.8,0.0,-0.0,0.0,999999,999999,999999,9999,317,1.7,99,99,9999,99999,9,999999999,999,0.999,999,99,999,999,99
2021-01-23 23:00:00,-3.3,-9.03,64.55,90024.64,9999,9999,215.6,0.0,-0.0,0.0,999999,999999,999999,9999,311,1.8,99,99,9999,99999,9,999999999,999,0.999,999,99,999,999,99
2021-01-24 00:00:00,-3.67,-10.04,61.3,89954.07,9999,9999,212.8,0.0,-0.0,0.0,999999,999999,999999,9999,309,1.9,99,99,9999,99999,9,999999999,999,0.999,999,99,999,999,99
2021-01-24 01:00:00,-3.67,-10.63,58.5,89954.07,9999,9999,211.8,0.0,-0.0,0.0,999999,999999,999999,9999,309,1.9,99,99,9999,99999,9,999999999,999,0.999,999,99,999,999,99
2021-01-24 02:00:00,-3.49,-10.91,56.45,89936.43,9999,9999,211.0,0.0,-0.0,0.0,999999,999999,999999,9999,309,1.8,99,99,9999,99999,9,999999999,999,0.999,999,99,999,999,99
2021-01-24 03:00:00,-3.88,-11.17,56.95,89909.96,9999,9999,210.6,0.0,-0.0,0.0,999999,999999,999999,9999,312,1.8,99,99,9999,99999,9,999999999,999,0.999,999,99,999,999,99
2021-01-24 04:00:00,-4.59,-11.63,57.9,89874.68,9999,9999,210.8,0.0,-0.0,0.0,999999,999999,999999,9999,314,1.9,99,99,9999,99999,9,999999999,999,0.999,999,99,999,999,99
2021-01-24 05:00:00,-5.19,-12.11,58.3,89821.75,9999,9999,212.4,0.0,-0.0,0.0,999999,999999,999999,9999,315,2.0,99,99,9999,99999,9,999999999,999,0.999,999,99,999,999,99
2021-01-24 06:00:00,-5.6,-12.53,58.15,89795.28,9999,9999,209.6,0.0,-0.0,0.0,999999,999999,999999,9999,315,1.9,99,99,9999,99999,9,999999999,999,0.999,999,99,999,999,99
2021-01-24 07:00:00,-5.72,-12.81,57.35,89768.82,9999,9999,210.0,0.0,-0.0,0.0,999999,999999,999999,9999,314,1.9,99,99,9999,99999,9,999999999,999,0.999,999,99,999,999,99
2021-01-24 08:00:00,-5.44,-13.5,53.1,89812.92,9999,9999,210.8,0.0,0.0,0.0,999999,999999,999999,9999,312,1.8,99,99,9999,99999,9,999999999,999,0.999,999,99,999,999,99
2021-01-24 09:00:00,-4.46,-12.4,53.9,89857.03,9999,9999,210.8,145.0,646.83,37.0,999999,999999,999999,9999,312,1.7,99,99,9999,99999,9,999999999,999,0.999,999,99,999,999,99
2021-01-24 10:00:00,0.01,-8.5,52.75,89892.32,9999,9999,214.0,291.0,852.57,44.0,999999,999999,999999,9999,314,1.0,99,99,9999,99999,9,999999999,999,0.999,999,99,999,999,99
2021-01-24 11:00:00,4.0,-7.38,43.3,89848.21,9999,9999,217.8,396.0,918.42,50.0,999999,999999,999999,9999,325,0.1,99,99,9999,99999,9,999999999,999,0.999,999,99,999,999,99
2021-01-24 12:00:00,5.66,-4.06,49.65,89804.1,9999,9999,221.4,454.0,964.23,47.0,999999,999999,999999,9999,132,0.5,99,99,9999,99999,9,999999999,999,0.999,999,99,999,999,99
2021-01-24 13:00:00,6.21,-3.11,51.3,89751.17,9999,9999,224.4,450.0,927.33,58.0,999999,999999,999999,9999,121,0.8,99,99,9999,99999,9,999999999,999,0.999,999,99,999,999,99
2021-01-24 14:00:00,6.38,-2.65,52.45,89662.96,9999,9999,226.2,399.0,935.15,45.0,999999,999999,999999,9999,110,0.9,99,99,9999,99999,9,999999999,999,0.999,999,99,999,999,99
2021-01-24 15:00:00,6.12,-1.98,56.1,89707.07,9999,9999,226.6,297.0,898.85,34.0,999999,999999,999999,9999,100,1.0,99,99,9999,99999,9,999999999,999,0.999,999,99,999,999,99
2021-01-24 16:00:00,5.3,-0.8,64.75,89724.71,9999,9999,226.4,153.0,732.17,28.0,999999,999999,999999,9999,90,0.9,99,99,9999,99999,9,999999999,999,0.999,999,99,999,999,99
2021-01-24 17:00:00,5.15,-2.87,56.2,89777.64,9999,9999,226.4,0.0,0.0,0.0,999999,999999,999999,9999,70,0.7,99,99,9999,99999,9,999999999,999,0.999,999,99,999,999,99
2021-01-24 18:00:00,4.18,-3.01,59.5,89830.57,9999,9999,223.6,0.0,-0.0,0.0,999999,999999,999999,9999,24,0.5,99,99,9999,99999,9,999999999,999,0.999,999,99,999,999,99
2021-01-24 19:00:00,3.07,-3.68,61.2,89839.39,9999,9999,223.6,0.0,-0.0,0.0,999999,999999,999999,9999,343,1.0,99,99,9999,99999,9,999999999,999,0.999,999,99,999,999,99
2021-01-24 20:00:00,-0.51,-6.53,63.8,89883.5,9999,9999,222.0,0.0,-0.0,0.0,999999,999999,999999,9999,324,1.6,99,99,9999,99999,9,999999999,999,0.999,999,99,999,999,99
2021-01-24 21:00:00,-2.47,-8.07,65.4,89936.43,9999,9999,222.6,0.0,-0.0,0.0,999999,999999,999999,9999,321,1.9,99,99,9999,99999,9,999999999,999,0.999,999,99,999,999,99
2021-01-24 22:00:00,-2.9,-9.14,62.15,89980.54,9999,9999,224.4,0.0,-0.0,0.0,999999,999999,999999,9999,318,1.9,99,99,9999,99999,9,999999999,999,0.999,999,99,999,999,99
2021-01-24 23:00:00,-2.61,-9.36,59.75,89954.07,9999,9999,247.4,0.0,-0.0,0.0,999999,999999,999999,9999,317,1.8,99,99,9999,99999,9,999999999,999,0.999,999,99,999,999,99
2021-01-25 00:00:00,-2.68,-9.32,60.25,89989.36,9999,9999,242.4,0.0,-0.0,0.0,999999,999999,999999,9999,318,1.7,99,99,9999,99999,9,999999999,999,0.999,999,99,999,999,99
2021-01-25 01:00:00,-2.37,-8.71,61.8,90024.64,9999,9999,253.6,0.0,-0.0,0.0,999999,999999,999999,9999,325,1.6,99,99,9999,99999,9,999999999,999,0.999,999,99,999,999,99
2021-01-25 02:00:00,-1.78,-8.51,60.1,90059.93,9999,9999,251.6,0.0,-0.0,0.0,999999,999999,999999,9999,334,1.4,99,99,9999,99999,9,999999999,999,0.999,999,99,999,999,99
2021-01-25 03:00:00,-1.02,-8.66,56.15,90104.04,9999,9999,248.8,0.0,-0.0,0.0,999999,999999,999999,9999,339,1.2,99,99,9999,99999,9,999999999,999,0.999,999,99,999,999,99
2021-01-25 04:00:00,-0.63,-8.95,53.35,90121.68,9999,9999,247.2,0.0,-0.0,0.0,999999,999999,999999,9999,340,1.0,99,99,9999,99999,9,999999999,999,0.999,999,99,999,999,99
2021-01-25 05:00:00,-1.21,-9.02,55.35,90139.32,9999,9999,239.0,0.0,-0.0,0.0,999999,999999,999999,9999,334,1.1,99,99,9999,99999,9,999999999,999,0.999,999,99,999,999,99
2021-01-25 06:00:00,-1.92,-9.17,57.65,90192.25,9999,9999,248.6,0.0,-0.0,0.0,999999,999999,999999,9999,328,1.2,99,99,9999,99999,9,999999999,999,0.999,999,99,999,999,99
2021-01-25 07:00:00,-2.22,-9.31,58.3,90262.83,9999,9999,242.8,0.0,-0.0,0.0,999999,999999,999999,9999,328,1.2,99,99,9999,99999,9,999999999,999,0.999,999,99,999,999,99
2021-01-25 08:00:00,-3.46,-9.24,64.25,90298.11,9999,9999,241.4,0.0,0.0,0.0,999999,999999,999999,9999,312,1.5,99,99,9999,99999,9,999999999,999,0.999,999,99,999,999,99
2021-01-25 09:00:00,-3.38,-8.39,68.3,90342.22,9999,9999,229.2,150.0,677.08,35.0,999999,999999,999999,9999,311,1.3,99,99,9999,99999,9,999999999,999,0.999,999,99,999,999,99
2021-01-25 10:00:00,0.75,-5.43,63.3,90377.51,9999,9999,217.2,293.0,839.86,47.0,999999,999999,999999,9999,307,0.8,99,99,9999,99999,9,999999999,999,0.999,999,99,999,999,99
2021-01-25 11:00:00,3.19,-5.6,52.5,90368.69,9999,9999,221.0,404.0,954.71,41.0,999999,999999,999999,9999,237,0.1,99,99,9999,99999,9,999999999,999,0.999,999,99,999,999,99
2021-01-25 12:00:00,4.6,-5.56,47.7,90289.29,9999,9999,223.2,458.0,965.16,47.0,999999,999999,999999,9999,139,0.3,99,99,9999,99999,9,999999999,999,0.999,999,99,999,999,99
2021-01-25 13:00:00,5.32,-5.18,46.7,90218.72,9999,9999,224.8,459.0,965.68,47.0,999999,999999,999999,9999,130,0.4,99,99,9999,99999,9,999999999,999,0.999,999,99,999,999,99
2021-01-25 14:00:00,5.58,-3.85,50.7,90209.9,9999,9999,230.0,404.0,935.72,46.0,999999,999999,999999,9999,130,0.5,99,99,9999,99999,9,999999999,999,0.999,999,99,999,999,99
2021-01-25 15:00:00,5.55,-3.53,52.05,90245.18,9999,9999,225.6,302.0,903.33,34.0,999999,999999,999999,9999,138,0.6,99,99,9999,99999,9,999999999,999,0.999,999,99,999,999,99
2021-01-25 16:00:00,4.9,-1.83,61.75,90280.47,9999,9999,226.0,155.0,698.09,33.0,999999,999999,999999,9999,151,0.8,99,99,9999,99999,9,999999999,999,0.999,999,99,999,999,99
2021-01-25 17:00:00,4.65,-4.89,50.0,90289.29,9999,9999,227.4,0.0,0.0,0.0,999999,999999,999999,9999,177,0.4,99,99,9999,99999,9,999999999,999,0.999,999,99,999,999,99
2021-01-25 18:00:00,3.58,-4.92,53.8,90324.58,9999,9999,221.6,0.0,-0.0,0.0,999999,999999,999999,9999,260,0.3,99,99,9999,99999,9,999999999,999,0.999,999,99,999,999,99
2021-01-25 19:00:00,2.45,-5.21,57.0,90324.58,9999,9999,217.0,0.0,-0.0,0.0,999999,999999,999999,9999,291,0.6,99,99,9999,99999,9,999999999,999,0.999,999,99,999,999,99
2021-01-25 20:00:00,-3.74,-7.78,73.55,90342.22,9999,9999,213.6,0.0,-0.0,0.0,999999,999999,999999,9999,313,1.8,99,99,9999,99999,9,999999999,999,0.999,999,99,999,999,99
2021-01-25 21:00:00,-4.33,-8.5,72.7,90368.69,9999,9999,215.4,0.0,-0.0,0.0,999999,999999,999999,9999,318,1.8,99,99,9999,99999,9,999999999,999,0.999,999,99,999,999,99
2021-01-25 22:00:00,-4.43,-9.01,70.4,90395.15,9999,9999,212.4,0.0,-0.0,0.0,999999,999999,999999,9999,316,1.9,99,99,9999,99999,9,999999999,999,0.999,999,99,999,999,99
2021-01-25 23:00:00,-4.61,-9.51,68.6,90448.08,9999,9999,212.2,0.0,-0.0,0.0,999999,999999,999999,9999,312,1.9,99,99,9999,99999,9,999999999,999,0.999,999,99,999,999,99
2021-01-26 00:00:00,-4.88,-9.91,67.85,90439.26,9999,9999,212.6,0.0,-0.0,0.0,999999,999999,999999,9999,313,1.8,99,99,9999,99999,9,999999999,999,0.999,999,99,999,999,99
2021-01-26 01:00:00,-4.91,-10.12,66.85,90448.08,9999,9999,218.8,0.0,-0.0,0.0,999999,999999,999999,9999,317,1.7,99,99,9999,99999,9,999999999,999,0.999,999,99,999,999,99
2021-01-26 02:00:00,-4.75,-10.51,64.05,90465.72,9999,9999,211.0,0.0,-0.0,0.0,999999,999999,999999,9999,321,1.7,99,99,9999,99999,9,999999999,999,0.999,999,99,999,999,99
2021-01-26 03:00:00,-4.92,-11.19,61.5,90456.9,9999,9999,212.6,0.0,-0.0,0.0,999999,999999,999999,9999,323,1.6,99,99,9999,99999,9,999999999,999,0.999,999,99,999,999,99
2021-01-26 04:00:00,-4.63,-11.52,58.6,90448.08,9999,9999,214.0,0.0,-0.0,0.0,999999,999999,999999,9999,321,1.5,99,99,9999,99999,9,999999999,999,0.999,999,99,999,999,99
2021-01-26 05:00:00,-4.42,-11.83,56.25,90439.26,9999,9999,209.8,0.0,-0.0,0.0,999999,999999,999999,9999,316,1.4,99,99,9999,99999,9,999999999,999,0.999,999,99,999,999,99
2021-01-26 06:00:00,-3.67,-11.95,52.65,90448.08,9999,9999,207.8,0.0,-0.0,0.0,999999,999999,999999,9999,319,1.3,99,99,9999,99999,9,999999999,999,0.999,999,99,999,999,99
2021-01-26 07:00:00,-2.91,-12.0,49.55,90421.62,9999,9999,208.0,0.0,-0.0,0.0,999999,999999,999999,9999,328,1.1,99,99,9999,99999,9,999999999,999,0.999,999,99,999,999,99
2021-01-26 08:00:00,-4.4,-13.14,50.55,90448.08,9999,9999,214.4,0.0,0.0,0.0,999999,999999,999999,9999,324,1.4,99,99,9999,99999,9,999999999,999,0.999,999,99,999,999,99
2021-01-26 09:00:00,-3.03,-11.93,50.3,90483.37,9999,9999,214.4,150.0,642.25,39.0,999999,999999,999999,9999,327,1.1,99,99,9999,99999,9,999999999,999,0.999,999,99,999,999,99
2021-01-26 10:00:00,1.04,-9.14,46.6,90562.76,9999,9999,221.8,140.0,37.14,129.0,999999,999999,999999,9999,25,0.3,99,99,9999,99999,9,999999999,999,0.999,999,99,999,999,99
2021-01-26 11:00:00,2.16,-7.7,48.1,90606.87,9999,9999,225.2,168.0,18.24,161.0,999999,999999,999999,9999,111,1.0,99,99,9999,99999,9,999999999,999,0.999,999,99,999,999,99
2021-01-26 12:00:00,2.94,-5.92,52.15,90589.23,9999,9999,225.4,315.0,237.4,213.0,999999,999999,999999,9999,112,1.1,99,99,9999,99999,9,999999999,999,0.999,999,99,999,999,99
2021-01-26 13:00:00,3.07,-5.31,54.15,90571.58,9999,9999,231.8,277.0,137.0,218.0,999999,999999,999999,9999,115,1.0,99,99,9999,99999,9,999999999,999,0.999,999,99,999,999,99
2021-01-26 14:00:00,3.34,-4.79,55.25,90562.76,9999,9999,238.8,263.0,183.6,192.0,999999,999999,999999,9999,113,1.0,99,99,9999,99999,9,999999999,999,0.999,999,99,999,999,99
2021-01-26 15:00:00,3.03,-4.38,58.25,90553.94,9999,9999,243.8,162.0,73.13,140.0,999999,999999,999999,9999,120,1.0,99,99,9999,99999,9,999999999,999,0.999,999,99,999,999,99
2021-01-26 16:00:00,2.69,-3.77,62.45,90606.87,9999,9999,255.4,45.0,0.0,45.0,999999,999999,999999,9999,122,1.0,99,99,9999,99999,9,999999999,999,0.999,999,99,999,999,99
2021-01-26 17:00:00,1.48,-2.97,72.25,90695.09,9999,9999,253.4,0.0,0.0,0.0,999999,999999,999999,9999,126,0.8,99,99,9999,99999,9,999999999,999,0.999,999,99,999,999,99
2021-01-26 18:00:00,1.38,-4.23,66.25,90739.2,9999,9999,255.6,0.0,-0.0,0.0,999999,999999,999999,9999,116,0.5,99,99,9999,99999,9,999999999,999,0.999,999,99,999,999,99
2021-01-26 19:00:00,0.76,-4.32,68.8,90756.84,9999,9999,255.4,0.0,-0.0,0.0,999999,999999,999999,9999,109,0.4,99,99,9999,99999,9,999999999,999,0.999,999,99,999,999,99
2021-01-26 20:00:00,0.11,-4.78,69.65,90809.77,9999,9999,263.0,0.0,-0.0,0.0,999999,999999,999999,9999,99,0.3,99,99,9999,99999,9,999999999,999,0.999,999,99,999,999,99
2021-01-26 21:00:00,-0.36,-4.8,71.95,90862.7,9999,9999,255.8,0.0,-0.0,0.0,999999,999999,999999,9999,87,0.3,99,99,9999,99999,9,999999999,999,0.999,999,99,999,999,99
2021-01-26 22:00:00,-0.91,-4.83,74.75,90924.45,9999,9999,258.8,0.0,-0.0,0.0,999999,999999,999999,9999,47,0.3,99,99,9999,99999,9,999999999,999,0.999,999,99,999,999,99
2021-01-26 23:00:00,-1.23,-4.88,76.2,90942.09,9999,9999,269.6,0.0,-0.0,0.0,999999,999999,999999,9999,24,0.2,99,99,9999,99999,9,999999999,999,0.999,999,99,999,999,99
2021-01-27 00:00:00,-1.54,-4.94,77.6,90959.74,9999,9999,267.2,0.0,-0.0,0.0,999999,999999,999999,9999,2,0.2,99,99,9999,99999,9,999999999,999,0.999,999,99,999,999,99
2021-01-27 01:00:00,-1.67,-5.01,77.95,90968.56,9999,9999,269.0,0.0,-0.0,0.0,999999,999999,999999,9999,332,0.1,99,99,9999,99999,9,999999999,999,0.999,999,99,999,999,99
2021-01-27 02:00:00,-1.92,-5.09,78.9,90959.74,9999,9999,262.6,0.0,-0.0,0.0,999999,999999,999999,9999,315,0.1,99,99,9999,99999,9,999999999,999,0.999,999,99,999,999,99
2021-01-27 03:00:00,-2.24,-5.24,79.9,90995.02,9999,9999,248.0,0.0,-0.0,0.0,999999,999999,999999,9999,316,0.3,99,99,9999,99999,9,999999999,999,0.999,999,99,999,999,99
2021-01-27 04:00:00,-2.27,-5.39,79.2,90995.02,9999,9999,262.2,0.0,-0.0,0.0,999999,999999,999999,9999,307,0.3,99,99,9999,99999,9,999999999,999,0.999,999,99,999,999,99
2021-01-27 05:00:00,-2.51,-5.59,79.4,90968.56,9999,9999,240.6,0.0,-0.0,0.0,999999,999999,999999,9999,310,0.5,99,99,9999,99999,9,999999999,999,0.999,999,99,999,999,99
2021-01-27 06:00:00,-2.57,-5.85,78.15,90942.09,9999,9999,249.0,0.0,-0.0,0.0,999999,999999,999999,9999,306,0.6,99,99,9999,99999,9,999999999,999,0.999,999,99,999,999,99
2021-01-27 07:00:00,-2.8,-6.08,78.1,90906.81,9999,9999,236.2,0.0,-0.0,0.0,999999,999999,999999,9999,299,0.6,99,99,9999,99999,9,999999999,999,0.999,999,99,999,999,99
2021-01-27 08:00:00,-1.89,-6.05,73.2,90906.81,9999,9999,276.2,0.0,0.0,0.0,999999,999999,999999,9999,290,0.7,99,99,9999,99999,9,999999999,999,0.999,999,99,999,999,99
2021-01-27 09:00:00,-1.43,-5.99,71.1,90915.63,9999,9999,270.2,79.0,45.48,71.0,999999,999999,999999,9999,298,0.6,99,99,9999,99999,9,999999999,999,0.999,999,99,999,999,99
2021-01-27 10:00:00,0.21,-5.19,67.05,90942.09,9999,9999,275.0,110.0,6.68,108.0,999999,999999,999999,9999,252,0.2,99,99,9999,99999,9,999999999,999,0.999,999,99,999,999,99
2021-01-27 11:00:00,1.23,-4.15,67.35,90897.98,9999,9999,279.8,101.0,0.0,101.0,999999,999999,999999,9999,160,0.3,99,99,9999,99999,9,999999999,999,0.999,999,99,999,999,99
2021-01-27 12:00:00,2.0,-3.8,65.45,90836.23,9999,9999,270.8,75.0,0.0,75.0,999999,999999,999999,9999,148,0.5,99,99,9999,99999,9,999999999,999,0.999,999,99,999,999,99
2021-01-27 13:00:00,2.51,-3.54,64.35,90783.3,9999,9999,280.8,123.0,0.0,123.0,999999,999999,999999,9999,142,0.6,99,99,9999,99999,9,999999999,999,0.999,999,99,999,999,99
2021-01-27 14:00:00,2.2,-3.18,67.6,90703.91,9999,9999,276.6,100.0,0.0,100.0,999999,999999,999999,9999,150,0.6,99,99,9999,99999,9,999999999,999,0.999,999,99,999,999,99
2021-01-27 15:00:00,1.92,-2.06,74.9,90668.62,9999,9999,291.6,107.0,3.28,106.0,999999,999999,999999,9999,161,0.6,99,99,9999,99999,9,999999999,999,0.999,999,99,999,999,99
2021-01-27 16:00:00,1.61,-1.8,78.1,90668.62,9999,9999,298.0,64.0,10.93,62.0,999999,999999,999999,9999,171,0.5,99,99,9999,99999,9,999999999,999,0.999,999,99,999,999,99
2021-01-27 17:00:00,1.67,-2.67,72.9,90668.62,9999,9999,301.0,0.0,0.0,0.0,999999,999999,999999,9999,177,0.3,99,99,9999,99999,9,999999999,999,0.999,999,99,999,999,99
2021-01-27 18:00:00,1.49,-2.63,74.05,90642.16,9999,9999,300.0,0.0,-0.0,0.0,999999,999999,999999,9999,199,0.3,99,99,9999,99999,9,999999999,999,0.999,999,99,999,999,99
2021-01-27 19:00:00,1.29,-2.65,75.05,90668.62,9999,9999,295.2,0.0,-0.0,0.0,999999,999999,999999,9999,241,0.3,99,99,9999,99999,9,999999999,999,0.999,999,99,999,999,99
2021-01-27 20:00:00,0.94,-2.86,75.75,90668.62,9999,9999,293.8,0.0,-0.0,0.0,999999,999999,999999,9999,229,0.1,99,99,9999,99999,9,999999999,999,0.999,999,99,999,999,99
2021-01-27 21:00:00,0.74,-2.87,76.8,90642.16,9999,9999,294.2,0.0,-0.0,0.0,999999,999999,999999,9999,264,0.2,99,99,9999,99999,9,999999999,999,0.999,999,99,999,999,99
2021-01-27 22:00:00,0.62,-2.87,77.45,90598.05,9999,9999,294.0,0.0,-0.0,0.0,999999,999999,999999,9999,263,0.2,99,99,9999,99999,9,999999999,999,0.999,999,99,999,999,99
2021-01-27 23:00:00,0.65,-2.89,77.2,90642.16,9999,9999,298.0,0.0,-0.0,0.0,999999,999999,999999,9999,280,0.1,99,99,9999,99999,9,999999999,999,0.999,999,99,999,999,99
2021-01-28 00:00:00,0.58,-2.84,77.85,90624.51,9999,9999,293.4,0.0,-0.0,0.0,999999,999999,999999,9999,238,0.2,99,99,9999,99999,9,999999999,999,0.999,999,99,999,999,99
2021-01-28 01:00:00,0.51,-2.78,78.6,90598.05,9999,9999,298.8,0.0,-0.0,0.0,999999,999999,999999,9999,215,0.3,99,99,9999,99999,9,999999999,999,0.999,999,99,999,999,99
2021-01-28 02:00:00,0.42,-2.66,79.8,90571.58,9999,9999,301.8,0.0,-0.0,0.0,999999,999999,999999,9999,202,0.1,99,99,9999,99999,9,999999999,999,0.999,999,99,999,999,99
2021-01-28 03:00:00,0.33,-2.57,80.9,90562.76,9999,9999,300.8,0.0,-0.0,0.0,999999,999999,999999,9999,154,0.1,99,99,9999,99999,9,999999999,999,0.999,999,99,999,999,99
2021-01-28 04:00:00,0.28,-2.51,81.5,90545.12,9999,9999,298.2,0.0,-0.0,0.0,999999,999999,999999,9999,120,0.1,99,99,9999,99999,9,999999999,999,0.999,999,99,999,999,99
2021-01-28 05:00:00,0.13,-2.54,82.25,90545.12,9999,9999,295.0,0.0,-0.0,0.0,999999,999999,999999,9999,100,0.1,99,99,9999,99999,9,999999999,999,0.999,999,99,999,999,99
2021-01-28 06:00:00,0.0,-2.56,82.9,90545.12,9999,9999,294.8,0.0,-0.0,0.0,999999,999999,999999,9999,152,0.1,99,99,9999,99999,9,999999999,999,0.999,999,99,999,999,99
2021-01-28 07:00:00,-0.28,-2.65,84.05,90553.94,9999,9999,288.2,0.0,-0.0,0.0,999999,999999,999999,9999,179,0.3,99,99,9999,99999,9,999999999,999,0.999,999,99,999,999,99
2021-01-28 08:00:00,-0.1,-2.2,85.75,90580.41,9999,9999,288.8,0.0,0.0,0.0,999999,999999,999999,9999,210,0.2,99,99,9999,99999,9,999999999,999,0.999,999,99,999,999,99
2021-01-28 09:00:00,0.09,-2.11,85.15,90571.58,9999,9999,292.2,35.0,0.0,35.0,999999,999999,999999,9999,219,0.3,99,99,9999,99999,9,999999999,999,0.999,999,99,999,999,99
2021-01-28 10:00:00,0.66,-1.11,87.95,90589.23,9999,9999,295.8,53.0,0.0,53.0,999999,999999,999999,9999,194,0.4,99,99,9999,99999,9,999999999,999,0.999,999,99,999,999,99
2021-01-28 11:00:00,1.85,-0.81,82.55,90615.69,9999,9999,290.8,98.0,0.0,98.0,999999,999999,999999,9999,170,0.7,99,99,9999,99999,9,999999999,999,0.999,999,99,999,999,99
2021-01-28 12:00:00,2.3,-0.85,79.7,90553.94,9999,9999,292.6,99.0,0.0,99.0,999999,999999,999999,9999,161,0.9,99,99,9999,99999,9,999999999,999,0.999,999,99,999,999,99
2021-01-28 13:00:00,2.44,-0.49,81.0,90483.37,9999,9999,294.8,112.0,0.0,112.0,999999,999999,999999,9999,166,0.9,99,99,9999,99999,9,999999999,999,0.999,999,99,999,999,99
2021-01-28 14:00:00,2.82,-0.16,80.75,90421.62,9999,9999,289.0,99.0,0.0,99.0,999999,999999,999999,9999,165,0.8,99,99,9999,99999,9,999999999,999,0.999,999,99,999,999,99
2021-01-28 15:00:00,2.78,0.27,83.55,90439.26,9999,9999,294.8,107.0,3.23,106.0,999999,999999,999999,9999,162,0.8,99,99,9999,99999,9,999999999,999,0.999,999,99,999,999,99
2021-01-28 16:00:00,2.5,0.43,86.2,90421.62,9999,9999,284.6,69.0,10.68,67.0,999999,999999,999999,9999,164,0.8,99,99,9999,99999,9,999999999,999,0.999,999,99,999,999,99
2021-01-28 17:00:00,1.94,0.48,90.05,90456.9,9999,9999,291.6,0.0,0.0,0.0,999999,999999,999999,9999,171,0.7,99,99,9999,99999,9,999999999,999,0.999,999,99,999,999,99
2021-01-28 18:00:00,1.76,0.26,89.75,90465.72,9999,9999,292.0,0.0,-0.0,0.0,999999,999999,999999,9999,199,0.5,99,99,9999,99999,9,999999999,999,0.999,999,99,999,999,99
2021-01-28 19:00:00,1.55,0.01,89.5,90465.72,9999,9999,288.6,0.0,-0.0,0.0,999999,999999,999999,9999,227,0.4,99,99,9999,99999,9,999999999,999,0.999,999,99,999,999,99
2021-01-28 20:00:00,1.11,-1.19,84.65,90474.55,9999,9999,273.4,0.0,-0.0,0.0,999999,999999,999999,9999,242,0.3,99,99,9999,99999,9,999999999,999,0.999,999,99,999,999,99
2021-01-28 21:00:00,0.49,-1.68,85.4,90492.19,9999,9999,264.6,0.0,-0.0,0.0,999999,999999,999999,9999,274,0.6,99,99,9999,99999,9,999999999,999,0.999,999,99,999,999,99
2021-01-28 22:00:00,-0.08,-2.34,84.75,90483.37,9999,9999,253.4,0.0,-0.0,0.0,999999,999999,999999,9999,288,1.0,99,99,9999,99999,9,999999999,999,0.999,999,99,999,999,99
2021-01-28 23:00:00,-0.65,-3.14,83.25,90465.72,9999,9999,241.2,0.0,-0.0,0.0,999999,999999,999999,9999,302,1.0,99,99,9999,99999,9,999999999,999,0.999,999,99,999,999,99
2021-01-29 00:00:00,-2.31,-4.49,85.0,90448.08,9999,9999,230.0,0.0,-0.0,0.0,999999,999999,999999,9999,312,1.2,99,99,9999,99999,9,999999999,999,0.999,999,99,999,999,99
2021-01-29 01:00:00,-3.7,-5.68,86.15,90465.72,9999,9999,229.6,0.0,-0.0,0.0,999999,999999,999999,9999,315,1.6,99,99,9999,99999,9,999999999,999,0.999,999,99,999,999,99
2021-01-29 02:00:00,-4.42,-6.72,83.95,90465.72,9999,9999,228.0,0.0,-0.0,0.0,999999,999999,999999,9999,316,1.8,99,99,9999,99999,9,999999999,999,0.999,999,99,999,999,99
2021-01-29 03:00:00,-5.18,-7.5,83.75,90439.26,9999,9999,230.2,0.0,-0.0,0.0,999999,999999,999999,9999,315,1.9,99,99,9999,99999,9,999999999,999,0.999,999,99,999,999,99
2021-01-29 04:00:00,-5.62,-8.16,82.3,90421.62,9999,9999,225.2,0.0,-0.0,0.0,999999,999999,999999,9999,314,1.9,99,99,9999,99999,9,999999999,999,0.999,999,99,999,999,99
2021-01-29 05:00:00,-5.82,-8.38,82.15,90412.8,9999,9999,229.4,0.0,-0.0,0.0,999999,999999,999999,9999,313,1.9,99,99,9999,99999,9,999999999,999,0.999,999,99,999,999,99
2021-01-29 06:00:00,-6.0,-8.46,82.75,90430.44,9999,9999,236.2,0.0,-0.0,0.0,999999,999999,999999,9999,314,1.8,99,99,9999,99999,9,999999999,999,0.999,999,99,999,999,99
2021-01-29 07:00:00,-5.28,-7.71,83.05,90439.26,9999,9999,253.2,0.0,-0.0,0.0,999999,999999,999999,9999,313,1.7,99,99,9999,99999,9,999999999,999,0.999,999,99,999,999,99
2021-01-29 08:00:00,-4.34,-6.25,86.5,90474.55,9999,9999,262.4,0.0,0.0,0.0,999999,999999,999999,9999,312,1.7,99,99,9999,99999,9,999999999,999,0.999,999,99,999,999,99
2021-01-29 09:00:00,-3.55,-5.49,86.4,90474.55,9999,9999,249.0,143.0,433.13,64.0,999999,999999,999999,9999,312,1.5,99,99,9999,99999,9,999999999,999,0.999,999,99,999,999,99
2021-01-29 10:00:00,0.12,-2.69,81.4,90474.55,9999,9999,236.0,279.0,596.74,96.0,999999,999999,999999,9999,310,0.8,99,99,9999,99999,9,999999999,999,0.999,999,99,999,999,99
2021-01-29 11:00:00,3.79,-1.45,68.65,90465.72,9999,9999,241.8,368.0,602.4,130.0,999999,999999,999999,9999,204,0.2,99,99,9999,99999,9,999999999,999,0.999,999,99,999,999,99
2021-01-29 12:00:00,5.53,-1.61,60.05,90377.51,9999,9999,238.6,449.0,790.26,100.0,999999,999999,999999,9999,158,0.7,99,99,9999,99999,9,999999999,999,0.999,999,99,999,999,99
2021-01-29 13:00:00,6.02,-0.23,64.25,90306.94,9999,9999,238.4,461.0,850.8,84.0,999999,999999,999999,9999,151,0.8,99,99,9999,99999,9,999999999,999,0.999,999,99,999,999,99
2021-01-29 14:00:00,6.25,0.25,65.45,90245.18,9999,9999,238.6,426.0,963.84,41.0,999999,999999,999999,9999,146,1.0,99,99,9999,99999,9,999999999,999,0.999,999,99,999,999,99
2021-01-29 15:00:00,6.13,0.63,67.85,90245.18,9999,9999,240.4,328.0,978.97,21.0,999999,999999,999999,9999,139,1.0,99,99,9999,99999,9,999999999,999,0.999,999,99,999,999,99
2021-01-29 16:00:00,5.52,1.14,73.4,90236.36,9999,9999,239.0,174.0,736.59,33.0,999999,999999,999999,9999,135,0.8,99,99,9999,99999,9,999999999,999,0.999,999,99,999,999,99
2021-01-29 17:00:00,4.73,0.59,74.55,90271.65,9999,9999,238.8,0.0,0.0,0.0,999999,999999,999999,9999,136,0.6,99,99,9999,99999,9,999999999,999,0.999,999,99,999,999,99
2021-01-29 18:00:00,4.36,0.1,73.85,90298.11,9999,9999,246.4,0.0,-0.0,0.0,999999,999999,999999,9999,118,0.1,99,99,9999,99999,9,999999999,999,0.999,999,99,999,999,99
2021-01-29 19:00:00,3.57,-0.33,75.65,90324.58,9999,9999,253.8,0.0,-0.0,0.0,999999,999999,999999,9999,354,0.1,99,99,9999,99999,9,999999999,999,0.999,999,99,999,999,99
2021-01-29 20:00:00,2.3,-1.1,78.25,90342.22,9999,9999,247.4,0.0,-0.0,0.0,999999,999999,999999,9999,332,0.6,99,99,9999,99999,9,999999999,999,0.999,999,99,999,999,99
2021-01-29 21:00:00,1.39,-1.91,78.65,90377.51,9999,9999,235.4,0.0,-0.0,0.0,999999,999999,999999,9999,330,0.8,99,99,9999,99999,9,999999999,999,0.999,999,99,999,999,99
2021-01-29 22:00:00,0.35,-2.77,79.55,90403.97,9999,9999,244.6,0.0,-0.0,0.0,999999,999999,999999,9999,330,1.0,99,99,9999,99999,9,999999999,999,0.999,999,99,999,999,99
2021-01-29 23:00:00,-2.16,-4.48,84.1,90421.62,9999,9999,234.8,0.0,-0.0,0.0,999999,999999,999999,9999,328,1.3,99,99,9999,99999,9,999999999,999,0.999,999,99,999,999,99
2021-01-30 00:00:00,-3.69,-5.81,85.2,90386.33,9999,9999,230.2,0.0,-0.0,0.0,999999,999999,999999,9999,322,1.6,99,99,9999,99999,9,999999999,999,0.999,999,99,999,999,99
2021-01-30 01:00:00,-4.01,-6.12,85.25,90386.33,9999,9999,257.8,0.0,-0.0,0.0,999999,999999,999999,9999,318,1.6,99,99,9999,99999,9,999999999,999,0.999,999,99,999,999,99
2021-01-30 02:00:00,-3.86,-6.1,84.4,90386.33,9999,9999,268.6,0.0,-0.0,0.0,999999,999999,999999,9999,316,1.5,99,99,9999,99999,9,999999999,999,0.999,999,99,999,999,99
2021-01-30 03:00:00,-3.86,-6.14,84.15,90368.69,9999,9999,257.0,0.0,-0.0,0.0,999999,999999,999999,9999,316,1.5,99,99,9999,99999,9,999999999,999,0.999,999,99,999,999,99
2021-01-30 04:00:00,-3.65,-5.99,83.8,90342.22,9999,9999,265.6,0.0,-0.0,0.0,999999,999999,999999,9999,317,1.4,99,99,9999,99999,9,999999999,999,0.999,999,99,999,999,99
2021-01-30 05:00:00,-3.79,-6.18,83.5,90289.29,9999,9999,257.6,0.0,-0.0,0.0,999999,999999,999999,9999,318,1.4,99,99,9999,99999,9,999999999,999,0.999,999,99,999,999,99
2021-01-30 06:00:00,-3.39,-5.93,82.6,90306.94,9999,9999,275.0,0.0,-0.0,0.0,999999,999999,999999,9999,319,1.4,99,99,9999,99999,9,999999999,999,0.999,999,99,999,999,99
2021-01-30 07:00:00,-3.49,-6.17,81.7,90298.11,9999,9999,269.0,0.0,-0.0,0.0,999999,999999,999999,9999,320,1.3,99,99,9999,99999,9,999999999,999,0.999,999,99,999,999,99
2021-01-30 08:00:00,-2.18,-4.97,81.2,90280.47,9999,9999,276.6,0.0,0.0,0.0,999999,999999,999999,9999,319,1.0,99,99,9999,99999,9,999999999,999,0.999,999,99,999,999,99
2021-01-30 09:00:00,-1.9,-4.92,79.8,90298.11,9999,9999,272.8,148.0,457.53,63.0,999999,999999,999999,9999,311,1.1,99,99,9999,99999,9,999999999,999,0.999,999,99,999,999,99
2021-01-30 10:00:00,1.23,-3.38,71.35,90289.29,9999,9999,274.4,265.0,483.33,115.0,999999,999999,999999,9999,301,0.3,99,99,9999,99999,9,999999999,999,0.999,999,99,999,999,99
2021-01-30 11:00:00,2.93,-2.03,69.9,90298.11,9999,9999,284.2,393.0,726.77,103.0,999999,999999,999999,9999,185,0.2,99,99,9999,99999,9,999999999,999,0.999,999,99,999,999,99
2021-01-30 12:00:00,4.27,-1.29,67.15,90236.36,9999,9999,289.6,344.0,287.14,216.0,999999,999999,999999,9999,153,0.7,99,99,9999,99999,9,999999999,999,0.999,999,99,999,999,99
2021-01-30 13:00:00,4.63,-0.18,71.0,90148.15,9999,9999,289.2,412.0,556.54,163.0,999999,999999,999999,9999,141,0.9,99,99,9999,99999,9,999999999,999,0.999,999,99,999,999,99
2021-01-30 14:00:00,4.45,0.35,74.7,90112.86,9999,9999,301.6,218.0,61.91,193.0,999999,999999,999999,9999,142,0.9,99,99,9999,99999,9,999999999,999,0.999,999,99,999,999,99
2021-01-30 15:00:00,4.48,0.82,77.1,90068.75,9999,9999,300.6,168.0,62.9,148.0,999999,999999,999999,9999,145,0.9,99,99,9999,99999,9,999999999,999,0.999,999,99,999,999,99
2021-01-30 16:00:00,3.91,1.1,81.9,90059.93,9999,9999,300.4,139.0,301.48,80.0,999999,999999,999999,9999,147,0.8,99,99,9999,99999,9,999999999,999,0.999,999,99,999,999,99
2021-01-30 17:00:00,3.02,1.23,88.0,90068.75,9999,9999,303.0,2.0,0.0,2.0,999999,999999,999999,9999,143,0.7,99,99,9999,99999,9,999999999,999,0.999,999,99,999,999,99
2021-01-30 18:00:00,3.36,1.03,84.7,90104.04,9999,9999,297.0,0.0,-0.0,0.0,999999,999999,999999,9999,138,0.5,99,99,9999,99999,9,999999999,999,0.999,999,99,999,999,99
2021-01-30 19:00:00,3.23,0.96,85.05,90077.57,9999,9999,303.2,0.0,-0.0,0.0,999999,999999,999999,9999,141,0.4,99,99,9999,99999,9,999999999,999,0.999,999,99,999,999,99
2021-01-30 20:00:00,3.1,0.09,80.6,90104.04,9999,9999,299.6,0.0,-0.0,0.0,999999,999999,999999,9999,121,0.3,99,99,9999,99999,9,999999999,999,0.999,999,99,999,999,99
2021-01-30 21:00:00,2.63,-0.09,82.25,90095.22,9999,9999,267.0,0.0,-0.0,0.0,999999,999999,999999,9999,122,0.3,99,99,9999,99999,9,999999999,999,0.999,999,99,999,999,99
2021-01-30 22:00:00,2.46,-0.19,82.65,90121.68,9999,9999,292.4,0.0,-0.0,0.0,999999,999999,999999,9999,126,0.2,99,99,9999,99999,9,999999999,999,0.999,999,99,999,999,99
2021-01-30 23:00:00,2.11,-0.35,83.75,90201.08,9999,9999,281.8,0.0,-0.0,0.0,999999,999999,999999,9999,130,0.1,99,99,9999,99999,9,999999999,999,0.999,999,99,999,999,99
2021-01-31 00:00:00,1.78,-0.5,84.85,90148.15,9999,9999,293.6,0.0,-0.0,0.0,999999,999999,999999,9999,328,0.0,99,99,9999,99999,9,999999999,999,0.999,999,99,999,999,99
2021-01-31 01:00:00,1.4,-0.73,85.75,90077.57,9999,9999,288.8,0.0,-0.0,0.0,999999,999999,999999,9999,332,0.1,99,99,9999,99999,9,999999999,999,0.999,999,99,999,999,99
2021-01-31 02:00:00,1.47,-0.96,83.85,90077.57,9999,9999,292.4,0.0,-0.0,0.0,999999,999999,999999,9999,274,0.1,99,99,9999,99999,9,999999999,999,0.999,999,99,999,999,99
2021-01-31 03:00:00,1.5,-1.02,83.3,90059.93,9999,9999,291.6,0.0,-0.0,0.0,999999,999999,999999,9999,224,0.1,99,99,9999,99999,9,999999999,999,0.999,999,99,999,999,99
2021-01-31 04:00:00,1.35,-1.12,83.6,90033.47,9999,9999,270.4,0.0,-0.0,0.0,999999,999999,999999,9999,246,0.1,99,99,9999,99999,9,999999999,999,0.999,999,99,999,999,99
2021-01-31 05:00:00,1.09,-1.09,85.4,90042.29,9999,9999,284.8,0.0,-0.0,0.0,999999,999999,999999,9999,261,0.3,99,99,9999,99999,9,999999999,999,0.999,999,99,999,999,99
2021-01-31 06:00:00,0.89,-1.02,87.05,90033.47,9999,9999,288.2,0.0,-0.0,0.0,999999,999999,999999,9999,255,0.4,99,99,9999,99999,9,999999999,999,0.999,999,99,999,999,99
2021-01-31 07:00:00,0.48,-1.11,89.1,90033.47,9999,9999,270.2,0.0,-0.0,0.0,999999,999999,999999,9999,265,0.6,99,99,9999,99999,9,999999999,999,0.999,999,99,999,999,99
2021-01-31 08:00:00,1.05,-2.18,79.05,90059.93,9999,9999,266.2,0.0,0.0,0.0,999999,999999,999999,9999,311,0.4,99,99,9999,99999,9,999999999,999,0.999,999,99,999,999,99
2021-01-31 09:00:00,1.4,-1.87,78.85,90051.11,9999,9999,281.0,84.0,36.99,77.0,999999,999999,999999,9999,291,0.1,99,99,9999,99999,9,999999999,999,0.999,999,99,999,999,99
2021-01-31 10:00:00,2.53,-0.78,78.8,90077.57,9999,9999,292.4,129.0,12.73,125.0,999999,999999,999999,9999,184,0.1,99,99,9999,99999,9,999999999,999,0.999,999,99,999,999,99
2021-01-31 11:00:00,4.19,-0.04,73.95,90156.97,9999,9999,293.4,173.0,14.89,167.0,999999,999999,999999,9999,138,0.8,99,99,9999,99999,9,999999999,999,0.999,999,99,999,999,99
2021-01-31 12:00:00,4.94,1.01,75.7,90121.68,9999,9999,306.0,273.0,102.22,227.0,999999,999999,999999,9999,141,1.0,99,99,9999,99999,9,999999999,999,0.999,999,99,999,999,99
2021-01-31 13:00:00,4.83,1.51,79.1,90033.47,9999,9999,301.6,243.0,57.55,217.0,999999,999999,999999,9999,146,1.0,99,99,9999,99999,9,999999999,999,0.999,999,99,999,999,99
2021-01-31 14:00:00,5.59,2.06,78.05,89980.54,9999,9999,293.2,196.0,31.84,183.0,999999,999999,999999,9999,146,1.2,99,99,9999,99999,9,999999999,999,0.999,999,99,999,999,99
2021-01-31 15:00:00,5.09,2.74,84.8,89954.07,9999,9999,300.8,240.0,285.38,148.0,999999,999999,999999,9999,144,1.2,99,99,9999,99999,9,999999999,999,0.999,999,99,999,999,99
2021-01-31 16:00:00,5.05,2.78,85.25,89927.61,9999,9999,284.2,151.0,379.95,75.0,999999,999999,999999,9999,143,1.0,99,99,9999,99999,9,999999999,999,0.999,999,99,999,999,99
2021-01-31 17:00:00,7.14,6.74,97.5,89927.61,9999,9999,321.07,11.0,0.0,11.0,999999,999999,999999,9999,149,0.3,99,99,9999,99999,9,999999999,999,0.999,999,99,999,999,99
2021-01-31 18:00:00,5.46,4.7,95.07,89927.61,9999,9999,309.28,0.0,-0.0,0.0,999999,999999,999999,9999,161,0.4,99,99,9999,99999,9,999999999,999,0.999,999,99,999,999,99
2021-01-31 19:00:00,3.78,2.67,92.64,89945.25,9999,9999,297.49,0.0,-0.0,0.0,999999,999999,999999,9999,185,0.5,99,99,9999,99999,9,999999999,999,0.999,999,99,999,999,99
2021-01-31 20:00:00,2.09,0.63,90.21,89945.25,9999,9999,285.7,0.0,-0.0,0.0,999999,999999,999999,9999,172,0.7,99,99,9999,99999,9,999999999,999,0.999,999,99,999,999,99
2021-01-31 21:00:00,0.41,-1.41,87.78,89918.78,9999,9999,273.91,0.0,-0.0,0.0,999999,999999,999999,9999,190,0.8,99,99,9999,99999,9,999999999,999,0.999,999,99,999,999,99
2021-01-31 22:00:00,-1.27,-3.44,85.35,89892.32,9999,9999,262.11,0.0,-0.0,0.0,999999,999999,999999,9999,192,0.9,99,99,9999,99999,9,999999999,999,0.999,999,99,999,999,99
2021-01-31 23:00:00,-2.96,-5.48,82.92,89962.89,9999,9999,250.32,0.0,-0.0,0.0,999999,999999,999999,9999,222,1.1,99,99,9999,99999,9,999999999,999,0.999,999,99,999,999,99
2021-02-01 00:00:00,-4.64,-7.51,80.49,89892.32,9999,9999,238.53,0.0,-0.0,0.0,999999,999999,999999,9999,238,1.2,99,99,9999,99999,9,999999999,999,0.999,999,99,999,999,99
2021-02-01 01:00:00,-6.32,-9.55,78.06,89124.84,9999,9999,226.74,0.0,-0.0,0.0,999999,999999,999999,9999,313,1.3,99,99,9999,99999,9,999999999,999,0.999,999,99,999,999,99
2021-02-01 02:00:00,-8.0,-11.58,75.63,89133.66,9999,9999,214.95,0.0,-0.0,0.0,999999,999999,999999,9999,313,1.5,99,99,9999,99999,9,999999999,999,0.999,999,99,999,999,99
2021-02-01 03:00:00,-9.69,-13.62,73.2,89168.95,9999,9999,203.16,0.0,-0.0,0.0,999999,999999,999999,9999,313,1.6,99,99,9999,99999,9,999999999,999,0.999,999,99,999,999,99
2021-02-01 04:00:00,-11.37,-15.66,70.77,89168.95,9999,9999,191.37,0.0,-0.0,0.0,999999,999999,999999,9999,312,1.7,99,99,9999,99999,9,999999999,999,0.999,999,99,999,999,99
2021-02-01 05:00:00,-13.05,-17.69,68.34,89168.95,9999,9999,179.58,0.0,-0.0,0.0,999999,999999,999999,9999,313,1.9,99,99,9999,99999,9,999999999,999,0.999,999,99,999,999,99
2021-02-01 06:00:00,-14.73,-19.73,65.91,89195.41,9999,9999,167.79,0.0,-0.0,0.0,999999,999999,999999,9999,315,2.0,99,99,9999,99999,9,999999999,999,0.999,999,99,999,999,99
2021-02-01 07:00:00,-16.42,-21.76,63.48,89230.7,9999,9999,156.0,0.0,-0.0,0.0,999999,999999,999999,9999,316,2.1,99,99,9999,99999,9,999999999,999,0.999,999,99,999,999,99
2021-02-01 08:00:00,-18.1,-23.8,61.05,89274.81,9999,9999,144.21,0.0,0.0,0.0,999999,999999,999999,9999,315,2.2,99,99,9999,99999,9,999999999,999,0.999,999,99,999,999,99
2021-02-01 09:00:00,-13.51,-17.78,70.2,89336.56,9999,9999,166.6,156.0,482.25,63.0,999999,999999,999999,9999,316,1.9,99,99,9999,99999,9,999999999,999,0.999,999,99,999,999,99
2021-02-01 10:00:00,-8.77,-14.62,62.6,89380.67,9999,9999,168.8,309.0,748.48,71.0,999999,999999,999999,9999,316,1.4,99,99,9999,99999,9,999999999,999,0.999,999,99,999,999,99
2021-02-01 11:00:00,-3.84,-13.53,46.95,89424.77,9999,9999,172.2,412.0,795.77,88.0,999999,999999,999999,9999,317,0.5,99,99,9999,99999,9,999999999,999,0.999,999,99,999,999,99
2021-02-01 12:00:00,-1.39,-14.11,37.35,89451.24,9999,9999,176.0,478.0,887.09,75.0,999999,999999,999999,9999,287,0.1,99,99,9999,99999,9,999999999,999,0.999,999,99,999,999,99
2021-02-01 13:00:00,-0.19,-12.85,37.9,89442.42,9999,9999,179.2,488.0,938.2,60.0,999999,999999,999999,9999,235,0.2,99,99,9999,99999,9,999999999,999,0.999,999,99,999,999,99
2021-02-01 14:00:00,0.39,-13.95,33.25,89398.31,9999,9999,181.4,425.0,845.61,76.0,999999,999999,999999,9999,240,0.3,99,99,9999,99999,9,999999999,999,0.999,999,99,999,999,99
2021-02-01 15:00:00,0.61,-13.73,33.3,89389.49,9999,9999,182.4,323.0,798.57,62.0,999999,999999,999999,9999,245,0.3,99,99,9999,99999,9,999999999,999,0.999,999,99,999,999,99
2021-02-01 16:00:00,0.39,-12.14,38.5,89433.6,9999,9999,188.6,180.0,645.83,48.0,999999,999999,999999,9999,245,0.3,99,99,9999,99999,9,999999999,999,0.999,999,99,999,999,99
2021-02-01 17:00:00,-0.17,-11.72,41.45,89504.17,9999,9999,190.4,14.0,0.0,14.0,999999,999999,999999,9999,248,0.4,99,99,9999,99999,9,999999999,999,0.999,999,99,999,999,99
2021-02-01 18:00:00,-1.12,-11.74,44.35,89601.21,9999,9999,187.2,0.0,-0.0,0.0,999999,999999,999999,9999,272,0.8,99,99,9999,99999,9,999999999,999,0.999,999,99,999,999,99
2021-02-01 19:00:00,-3.45,-12.28,50.45,89671.78,9999,9999,192.8,0.0,-0.0,0.0,999999,999999,999999,9999,282,1.4,99,99,9999,99999,9,999999999,999,0.999,999,99,999,999,99
2021-02-01 20:00:00,-5.45,-14.12,50.5,89724.71,9999,9999,195.8,0.0,-0.0,0.0,999999,999999,999999,9999,282,1.7,99,99,9999,99999,9,999999999,999,0.999,999,99,999,999,99
2021-02-01 21:00:00,-7.1,-14.69,54.7,89777.64,9999,9999,198.8,0.0,-0.0,0.0,999999,999999,999999,9999,291,1.9,99,99,9999,99999,9,999999999,999,0.999,999,99,999,999,99
2021-02-01 22:00:00,-8.17,-15.22,56.85,89830.57,9999,9999,194.0,0.0,-0.0,0.0,999999,999999,999999,9999,296,1.9,99,99,9999,99999,9,999999999,999,0.999,999,99,999,999,99
2021-02-01 23:00:00,-8.67,-15.66,57.0,89804.1,9999,9999,191.8,0.0,-0.0,0.0,999999,999999,999999,9999,297,1.9,99,99,9999,99999,9,999999999,999,0.999,999,99,999,999,99
2021-02-02 00:00:00,-9.28,-16.18,57.25,89848.21,9999,9999,192.4,0.0,-0.0,0.0,999999,999999,999999,9999,300,2.0,99,99,9999,99999,9,999999999,999,0.999,999,99,999,999,99
2021-02-02 01:00:00,-10.04,-16.77,57.9,89909.96,9999,9999,188.8,0.0,-0.0,0.0,999999,999999,999999,9999,302,2.1,99,99,9999,99999,9,999999999,999,0.999,999,99,999,999,99
2021-02-02 02:00:00,-10.39,-17.13,57.75,89936.43,9999,9999,189.2,0.0,-0.0,0.0,999999,999999,999999,9999,305,2.1,99,99,9999,99999,9,999999999,999,0.999,999,99,999,999,99
2021-02-02 03:00:00,-10.86,-17.52,58.0,89998.18,9999,9999,187.0,0.0,-0.0,0.0,999999,999999,999999,9999,308,2.1,99,99,9999,99999,9,999999999,999,0.999,999,99,999,999,99
2021-02-02 04:00:00,-11.45,-17.82,59.25,90007.0,9999,9999,188.0,0.0,-0.0,0.0,999999,999999,999999,9999,308,2.1,99,99,9999,99999,9,999999999,999,0.999,999,99,999,999,99
2021-02-02 05:00:00,-11.85,-18.03,60.1,90015.82,9999,9999,187.2,0.0,-0.0,0.0,999999,999999,999999,9999,309,2.1,99,99,9999,99999,9,999999999,999,0.999,999,99,999,999,99
2021-02-02 06:00:00,-12.15,-18.0,61.75,90024.64,9999,9999,201.8,0.0,-0.0,0.0,999999,999999,999999,9999,310,2.1,99,99,9999,99999,9,999999999,999,0.999,999,99,999,999,99
2021-02-02 07:00:00,-12.31,-17.93,62.9,90024.64,9999,9999,200.6,0.0,-0.0,0.0,999999,999999,999999,9999,310,2.1,99,99,9999,99999,9,999999999,999,0.999,999,99,999,999,99
2021-02-02 08:00:00,-12.02,-17.29,64.85,90033.47,9999,9999,199.6,21.0,206.07,12.0,999999,999999,999999,9999,311,2.0,99,99,9999,99999,9,999999999,999,0.999,999,99,999,999,99
2021-02-02 09:00:00,-10.88,-15.81,67.0,90086.4,9999,9999,200.4,168.0,580.09,54.0,999999,999999,999999,9999,312,1.8,99,99,9999,99999,9,999999999,999,0.999,999,99,999,999,99
2021-02-02 10:00:00,-7.43,-12.56,66.7,90086.4,9999,9999,205.2,312.0,739.3,74.0,999999,999999,999999,9999,313,1.4,99,99,9999,99999,9,999999999,999,0.999,999,99,999,999,99
2021-02-02 11:00:00,-3.4,-11.37,54.05,90112.86,9999,9999,192.8,288.0,206.64,203.0,999999,999999,999999,9999,316,0.6,99,99,9999,99999,9,999999999,999,0.999,999,99,999,999,99
2021-02-02 12:00:00,-0.64,-8.58,54.95,90130.5,9999,9999,199.4,481.0,872.1,81.0,999999,999999,999999,9999,317,0.1,99,99,9999,99999,9,999999999,999,0.999,999,99,999,999,99
2021-02-02 13:00:00,0.29,-6.78,59.05,90051.11,9999,9999,208.2,446.0,666.4,139.0,999999,999999,999999,9999,148,0.3,99,99,9999,99999,9,999999999,999,0.999,999,99,999,999,99
2021-02-02 14:00:00,0.91,-7.31,54.2,89971.71,9999,9999,228.4,430.0,848.4,76.0,999999,999999,999999,9999,150,0.6,99,99,9999,99999,9,999999999,999,0.999,999,99,999,999,99
2021-02-02 15:00:00,1.17,-7.35,53.05,89909.96,9999,9999,215.0,321.0,742.44,75.0,999999,999999,999999,9999,151,1.0,99,99,9999,99999,9,999999999,999,0.999,999,99,999,999,99
2021-02-02 16:00:00,0.83,-7.01,55.8,89909.96,9999,9999,219.0,180.0,589.11,57.0,999999,999999,999999,9999,150,1.0,99,99,9999,99999,9,999999999,999,0.999,999,99,999,999,99
2021-02-02 17:00:00,-0.11,-6.48,62.2,89909.96,9999,9999,229.2,12.0,0.0,12.0,999999,999999,999999,9999,148,0.7,99,99,9999,99999,9,999999999,999,0.999,999,99,999,999,99
2021-02-02 18:00:00,0.22,-8.64,51.4,89901.14,9999,9999,243.4,0.0,-0.0,0.0,999999,999999,999999,9999,161,0.5,99,99,9999,99999,9,999999999,999,0.999,999,99,999,999,99
2021-02-02 19:00:00,-0.28,-8.77,52.75,89918.78,9999,9999,238.8,0.0,-0.0,0.0,999999,999999,999999,9999,175,0.3,99,99,9999,99999,9,999999999,999,0.999,999,99,999,999,99
2021-02-02 20:00:00,-0.78,-8.95,53.95,89901.14,9999,9999,216.8,0.0,-0.0,0.0,999999,999999,999999,9999,152,0.1,99,99,9999,99999,9,999999999,999,0.999,999,99,999,999,99
2021-02-02 21:00:00,-1.27,-9.1,55.25,89901.14,9999,9999,212.8,0.0,-0.0,0.0,999999,999999,999999,9999,145,0.1,99,99,9999,99999,9,999999999,999,0.999,999,99,999,999,99
2021-02-02 22:00:00,-1.73,-9.19,56.75,89909.96,9999,9999,212.8,0.0,-0.0,0.0,999999,999999,999999,9999,15,0.1,99,99,9999,99999,9,999999999,999,0.999,999,99,999,999,99
2021-02-02 23:00:00,-2.04,-9.23,57.9,89971.71,9999,9999,213.2,0.0,-0.0,0.0,999999,999999,999999,9999,342,0.2,99,99,9999,99999,9,999999999,999,0.999,999,99,999,999,99
2021-02-03 00:00:00,-2.3,-9.3,58.7,89954.07,9999,9999,210.8,0.0,-0.0,0.0,999999,999999,999999,9999,331,0.3,99,99,9999,99999,9,999999999,999,0.999,999,99,999,999,99
2021-02-03 01:00:00,-2.68,-9.43,59.75,89909.96,9999,9999,212.2,0.0,-0.0,0.0,999999,999999,999999,9999,312,0.3,99,99,9999,99999,9,999999999,999,0.999,999,99,999,999,99
2021-02-03 02:00:00,-3.47,-9.86,61.25,89892.32,9999,9999,211.6,0.0,-0.0,0.0,999999,999999,999999,9999,298,0.4,99,99,9999,99999,9,999999999,999,0.999,999,99,999,999,99
2021-02-03 03:00:00,-4.42,-10.26,63.75,89857.03,9999,9999,209.0,0.0,-0.0,0.0,999999,999999,999999,9999,301,0.7,99,99,9999,99999,9,999999999,999,0.999,999,99,999,999,99
2021-02-03 04:00:00,-5.59,-10.76,66.95,89812.92,9999,9999,210.2,0.0,-0.0,0.0,999999,999999,999999,9999,307,0.9,99,99,9999,99999,9,999999999,999,0.999,999,99,999,999,99
2021-02-03 05:00:00,-6.45,-11.04,69.9,89786.46,9999,9999,212.0,0.0,-0.0,0.0,999999,999999,999999,9999,311,1.0,99,99,9999,99999,9,999999999,999,0.999,999,99,999,999,99
2021-02-03 06:00:00,-6.94,-11.36,70.75,89777.64,9999,9999,212.2,0.0,-0.0,0.0,999999,999999,999999,9999,312,1.2,99,99,9999,99999,9,999999999,999,0.999,999,99,999,999,99
2021-02-03 07:00:00,-7.11,-11.54,70.65,89795.28,9999,9999,212.0,0.0,-0.0,0.0,999999,999999,999999,9999,312,1.2,99,99,9999,99999,9,999999999,999,0.999,999,99,999,999,99
2021-02-03 08:00:00,-6.23,-10.96,69.15,89768.82,9999,9999,215.6,24.0,233.27,13.0,999999,999999,999999,9999,314,0.9,99,99,9999,99999,9,999999999,999,0.999,999,99,999,999,99
2021-02-03 09:00:00,-5.21,-9.94,69.4,89795.28,9999,9999,218.8,173.0,594.14,54.0,999999,999999,999999,9999,306,0.8,99,99,9999,99999,9,999999999,999,0.999,999,99,999,999,99
2021-02-03 10:00:00,-2.3,-7.83,65.8,89777.64,9999,9999,223.8,314.0,727.09,77.0,999999,999999,999999,9999,287,0.3,99,99,9999,99999,9,999999999,999,0.999,999,99,999,999,99
2021-02-03 11:00:00,-0.32,-6.29,64.1,89795.28,9999,9999,223.6,426.0,832.53,80.0,999999,999999,999999,9999,179,0.4,99,99,9999,99999,9,999999999,999,0.999,999,99,999,999,99
2021-02-03 12:00:00,2.26,-5.09,58.3,89760.0,9999,9999,224.0,483.0,859.42,85.0,999999,999999,999999,9999,166,0.8,99,99,9999,99999,9,999999999,999,0.999,999,99,999,999,99
2021-02-03 13:00:00,2.77,-4.13,60.45,89707.07,9999,9999,226.4,489.0,874.84,82.0,999999,999999,999999,9999,163,1.2,99,99,9999,99999,9,999999999,999,0.999,999,99,999,999,99
2021-02-03 14:00:00,3.08,-3.59,61.6,89662.96,9999,9999,229.2,430.0,817.85,85.0,999999,999999,999999,9999,162,1.3,99,99,9999,99999,9,999999999,999,0.999,999,99,999,999,99
2021-02-03 15:00:00,3.13,-3.29,62.75,89654.14,9999,9999,226.4,334.0,803.85,64.0,999999,999999,999999,9999,160,1.3,99,99,9999,99999,9,999999999,999,0.999,999,99,999,999,99
2021-02-03 16:00:00,2.63,-3.09,66.0,89680.6,9999,9999,221.6,190.0,651.89,51.0,999999,999999,999999,9999,158,1.2,99,99,9999,99999,9,999999999,999,0.999,999,99,999,999,99
2021-02-03 17:00:00,1.59,-2.96,71.75,89680.6,9999,9999,223.4,18.0,0.0,18.0,999999,999999,999999,9999,157,0.8,99,99,9999,99999,9,999999999,999,0.999,999,99,999,999,99
2021-02-03 18:00:00,1.94,-4.0,64.75,89715.89,9999,9999,219.6,0.0,-0.0,0.0,999999,999999,999999,9999,171,0.3,99,99,9999,99999,9,999999999,999,0.999,999,99,999,999,99
2021-02-03 19:00:00,1.31,-4.5,65.25,89724.71,9999,9999,215.4,0.0,-0.0,0.0,999999,999999,999999,9999,225,0.0,99,99,9999,99999,9,999999999,999,0.999,999,99,999,999,99
2021-02-03 20:00:00,0.51,-5.23,65.4,89768.82,9999,9999,218.0,0.0,-0.0,0.0,999999,999999,999999,9999,151,0.1,99,99,9999,99999,9,999999999,999,0.999,999,99,999,999,99
2021-02-03 21:00:00,-0.01,-5.74,65.35,89795.28,9999,9999,216.2,0.0,-0.0,0.0,999999,999999,999999,9999,321,0.1,99,99,9999,99999,9,999999999,999,0.999,999,99,999,999,99
2021-02-03 22:00:00,-0.55,-6.28,65.2,89839.39,9999,9999,213.2,0.0,-0.0,0.0,999999,999999,999999,9999,312,0.2,99,99,9999,99999,9,999999999,999,0.999,999,99,999,999,99
2021-02-03 23:00:00,-1.14,-6.81,65.4,89892.32,9999,9999,214.2,0.0,-0.0,0.0,999999,999999,999999,9999,300,0.3,99,99,9999,99999,9,999999999,999,0.999,999,99,999,999,99
2021-02-04 00:00:00,-1.69,-7.29,65.6,89962.89,9999,9999,213.8,0.0,-0.0,0.0,999999,999999,999999,9999,312,0.6,99,99,9999,99999,9,999999999,999,0.999,999,99,999,999,99
2021-02-04 01:00:00,-2.72,-8.04,66.8,90024.64,9999,9999,216.2,0.0,-0.0,0.0,999999,999999,999999,9999,321,1.0,99,99,9999,99999,9,999999999,999,0.999,999,99,999,999,99
2021-02-04 02:00:00,-3.16,-8.63,65.9,90051.11,9999,9999,220.4,0.0,-0.0,0.0,999999,999999,999999,9999,323,1.2,99,99,9999,99999,9,999999999,999,0.999,999,99,999,999,99
2021-02-04 03:00:00,-2.78,-9.21,61.25,90059.93,9999,9999,219.8,0.0,-0.0,0.0,999999,999999,999999,9999,324,1.2,99,99,9999,99999,9,999999999,999,0.999,999,99,999,999,99
2021-02-04 04:00:00,-2.06,-9.74,55.7,90077.57,9999,9999,219.8,0.0,-0.0,0.0,999999,999999,999999,9999,326,1.0,99,99,9999,99999,9,999999999,999,0.999,999,99,999,999,99
2021-02-04 05:00:00,-1.64,-10.15,52.3,90086.4,9999,9999,226.8,0.0,-0.0,0.0,999999,999999,999999,9999,332,0.6,99,99,9999,99999,9,999999999,999,0.999,999,99,999,999,99
2021-02-04 06:00:00,-1.6,-10.3,51.5,90121.68,9999,9999,236.0,0.0,-0.0,0.0,999999,999999,999999,9999,336,0.5,99,99,9999,99999,9,999999999,999,0.999,999,99,999,999,99
2021-02-04 07:00:00,-1.37,-10.39,50.3,90165.79,9999,9999,243.6,0.0,-0.0,0.0,999999,999999,999999,9999,326,0.3,99,99,9999,99999,9,999999999,999,0.999,999,99,999,999,99
2021-02-04 08:00:00,-1.55,-9.45,54.9,90201.08,9999,9999,268.4,9.0,0.0,9.0,999999,999999,999999,9999,297,0.3,99,99,9999,99999,9,999999999,999,0.999,999,99,999,999,99
2021-02-04 09:00:00,-1.15,-9.1,54.8,90254.01,9999,9999,279.0,54.0,0.0,54.0,999999,999999,999999,9999,296,0.3,99,99,9999,99999,9,999999999,999,0.999,999,99,999,999,99
2021-02-04 10:00:00,-0.73,-8.55,55.45,90280.47,9999,9999,272.0,156.0,36.36,144.0,999999,999999,999999,9999,285,0.2,99,99,9999,99999,9,999999999,999,0.999,999,99,999,999,99
2021-02-04 11:00:00,0.24,-6.96,58.45,90271.65,9999,9999,276.8,75.0,0.0,75.0,999999,999999,999999,9999,199,0.1,99,99,9999,99999,9,999999999,999,0.999,999,99,999,999,99
2021-02-04 12:00:00,0.99,-5.67,61.1,90351.04,9999,9999,281.6,77.0,0.0,77.0,999999,999999,999999,9999,150,0.6,99,99,9999,99999,9,999999999,999,0.999,999,99,999,999,99
2021-02-04 13:00:00,1.3,-3.38,71.0,90359.87,9999,9999,274.0,85.0,0.0,85.0,999999,999999,999999,9999,143,0.8,99,99,9999,99999,9,999999999,999,0.999,999,99,999,999,99
2021-02-04 14:00:00,1.07,-2.0,80.0,90315.76,9999,9999,281.2,96.0,0.0,96.0,999999,999999,999999,9999,137,0.8,99,99,9999,99999,9,999999999,999,0.999,999,99,999,999,99
2021-02-04 15:00:00,1.17,-1.65,81.5,90254.01,9999,9999,276.6,133.0,8.81,130.0,999999,999999,999999,9999,140,0.9,99,99,9999,99999,9,999999999,999,0.999,999,99,999,999,99
2021-02-04 16:00:00,0.71,-1.7,83.9,90289.29,9999,9999,265.6,87.0,18.37,83.0,999999,999999,999999,9999,144,0.8,99,99,9999,99999,9,999999999,999,0.999,999,99,999,999,99
2021-02-04 17:00:00,1.15,-1.9,80.1,90280.47,9999,9999,277.8,21.0,0.0,21.0,999999,999999,999999,9999,147,0.4,99,99,9999,99999,9,999999999,999,0.999,999,99,999,999,99
2021-02-04 18:00:00,1.08,-1.96,80.15,90280.47,9999,9999,286.2,0.0,-0.0,0.0,999999,999999,999999,9999,161,0.2,99,99,9999,99999,9,999999999,999,0.999,999,99,999,999,99
2021-02-04 19:00:00,0.91,-2.08,80.45,90289.29,9999,9999,288.4,0.0,-0.0,0.0,999999,999999,999999,9999,185,0.3,99,99,9999,99999,9,999999999,999,0.999,999,99,999,999,99
2021-02-04 20:00:00,0.17,-2.74,80.8,90306.94,9999,9999,290.6,0.0,-0.0,0.0,999999,999999,999999,9999,253,0.1,99,99,9999,99999,9,999999999,999,0.999,999,99,999,999,99
2021-02-04 21:00:00,0.19,-2.63,81.35,90306.94,9999,9999,299.2,0.0,-0.0,0.0,999999,999999,999999,9999,259,0.2,99,99,9999,99999,9,999999999,999,0.999,999,99,999,999,99
2021-02-04 22:00:00,0.2,-2.54,81.8,90262.83,9999,9999,297.6,0.0,-0.0,0.0,999999,999999,999999,9999,297,0.2,99,99,9999,99999,9,999999999,999,0.999,999,99,999,999,99
2021-02-04 23:00:00,0.26,-2.73,80.35,90218.72,9999,9999,294.6,0.0,-0.0,0.0,999999,999999,999999,9999,311,0.2,99,99,9999,99999,9,999999999,999,0.999,999,99,999,999,99
2021-02-05 00:00:00,0.37,-2.81,79.2,90201.08,9999,9999,295.8,0.0,-0.0,0.0,999999,999999,999999,9999,246,0.1,99,99,9999,99999,9,999999999,999,0.999,999,99,999,999,99
2021-02-05 01:00:00,0.09,-2.75,81.2,90174.61,9999,9999,299.4,0.0,-0.0,0.0,999999,999999,999999,9999,251,0.1,99,99,9999,99999,9,999999999,999,0.999,999,99,999,999,99
2021-02-05 02:00:00,-0.39,-2.14,87.95,90130.5,9999,9999,298.2,0.0,-0.0,0.0,999999,999999,999999,9999,325,0.5,99,99,9999,99999,9,999999999,999,0.999,999,99,999,999,99
2021-02-05 03:00:00,-1.32,-2.36,92.65,90042.29,9999,9999,298.2,0.0,-0.0,0.0,999999,999999,999999,9999,334,0.8,99,99,9999,99999,9,999999999,999,0.999,999,99,999,999,99
2021-02-05 04:00:00,-1.39,-2.32,93.4,89971.71,9999,9999,300.0,0.0,-0.0,0.0,999999,999999,999999,9999,328,0.8,99,99,9999,99999,9,999999999,999,0.999,999,99,999,999,99
2021-02-05 05:00:00,-1.3,-2.26,93.2,89901.14,9999,9999,298.8,0.0,-0.0,0.0,999999,999999,999999,9999,329,0.7,99,99,9999,99999,9,999999999,999,0.999,999,99,999,999,99
2021-02-05 06:00:00,-1.07,-2.18,92.15,89865.85,9999,9999,298.6,0.0,-0.0,0.0,999999,999999,999999,9999,347,0.6,99,99,9999,99999,9,999999999,999,0.999,999,99,999,999,99
2021-02-05 07:00:00,-0.73,-1.99,91.15,89812.92,9999,9999,302.2,0.0,-0.0,0.0,999999,999999,999999,9999,344,0.5,99,99,9999,99999,9,999999999,999,0.999,999,99,999,999,99
2021-02-05 08:00:00,-0.68,-2.06,90.35,89786.46,9999,9999,293.6,16.0,18.38,15.0,999999,999999,999999,9999,21,0.4,99,99,9999,99999,9,999999999,999,0.999,999,99,999,999,99
2021-02-05 09:00:00,-0.57,-1.79,91.45,89786.46,9999,9999,295.8,45.0,0.0,45.0,999999,999999,999999,9999,14,0.4,99,99,9999,99999,9,999999999,999,0.999,999,99,999,999,99
2021-02-05 10:00:00,-0.14,-1.41,91.15,89733.53,9999,9999,291.8,33.0,0.0,33.0,999999,999999,999999,9999,24,0.4,99,99,9999,99999,9,999999999,999,0.999,999,99,999,999,99
2021-02-05 11:00:00,0.08,-1.03,92.25,89689.42,9999,9999,291.8,47.0,0.0,47.0,999999,999999,999999,9999,42,0.6,99,99,9999,99999,9,999999999,999,0.999,999,99,999,999,99
2021-02-05 12:00:00,0.02,-0.74,94.65,89574.74,9999,9999,296.8,44.0,0.0,44.0,999999,999999,999999,9999,50,0.8,99,99,9999,99999,9,999999999,999,0.999,999,99,999,999,99
2021-02-05 13:00:00,-0.09,-0.63,96.15,89477.7,9999,9999,299.6,58.0,0.0,58.0,999999,999999,999999,9999,55,0.7,99,99,9999,99999,9,999999999,999,0.999,999,99,999,999,99
2021-02-05 14:00:00,-0.27,-0.66,97.2,89407.13,9999,9999,299.6,71.0,0.0,71.0,999999,999999,999999,9999,25,0.4,99,99,9999,99999,9,999999999,999,0.999,999,99,999,999,99
2021-02-05 15:00:00,-0.08,-0.71,95.5,89310.09,9999,9999,299.4,40.0,0.0,40.0,999999,999999,999999,9999,344,0.6,99,99,9999,99999,9,999999999,999,0.999,999,99,999,999,99
2021-02-05 16:00:00,-0.1,-0.68,95.9,89230.7,9999,9999,301.4,39.0,0.0,39.0,999999,999999,999999,9999,311,0.5,99,99,9999,99999,9,999999999,999,0.999,999,99,999,999,99
2021-02-05 17:00:00,0.12,-0.63,94.7,89151.3,9999,9999,298.2,16.0,0.0,16.0,999999,999999,999999,9999,281,0.2,99,99,9999,99999,9,999999999,999,0.999,999,99,999,999,99
2021-02-05 18:00:00,-0.01,-0.79,94.5,89151.3,9999,9999,294.6,0.0,-0.0,0.0,999999,999999,999999,9999,281,0.4,99,99,9999,99999,9,999999999,999,0.999,999,99,999,999,99
2021-02-05 19:00:00,0.23,-0.93,91.9,89133.66,9999,9999,289.4,0.0,-0.0,0.0,999999,999999,999999,9999,277,0.7,99,99,9999,99999,9,999999999,999,0.999,999,99,999,999,99
2021-02-05 20:00:00,0.08,-1.83,87.0,89124.84,9999,9999,285.0,0.0,-0.0,0.0,999999,999999,999999,9999,250,0.8,99,99,9999,99999,9,999999999,999,0.999,999,99,999,999,99
2021-02-05 21:00:00,-0.57,-2.72,85.4,89116.02,9999,9999,270.8,0.0,-0.0,0.0,999999,999999,999999,9999,256,1.2,99,99,9999,99999,9,999999999,999,0.999,999,99,999,999,99
2021-02-05 22:00:00,-0.81,-3.29,83.3,89071.91,9999,9999,273.8,0.0,-0.0,0.0,999999,999999,999999,9999,263,1.3,99,99,9999,99999,9,999999999,999,0.999,999,99,999,999,99
2021-02-05 23:00:00,-0.8,-3.74,80.45,89018.98,9999,9999,272.0,0.0,-0.0,0.0,999999,999999,999999,9999,265,1.4,99,99,9999,99999,9,999999999,999,0.999,999,99,999,999,99
2021-02-06 00:00:00,-0.56,-4.07,77.15,88974.87,9999,9999,270.4,0.0,-0.0,0.0,999999,999999,999999,9999,266,1.3,99,99,9999,99999,9,999999999,999,0.999,999,99,999,999,99
2021-02-06 01:00:00,-0.57,-4.51,74.7,88974.87,9999,9999,265.6,0.0,-0.0,0.0,999999,999999,999999,9999,280,1.4,99,99,9999,99999,9,999999999,999,0.999,999,99,999,999,99
2021-02-06 02:00:00,-0.58,-4.96,72.25,88948.41,9999,9999,263.8,0.0,-0.0,0.0,999999,999999,999999,9999,296,1.5,99,99,9999,99999,9,999999999,999,0.999,999,99,999,999,99
2021-02-06 03:00:00,-0.97,-5.68,70.4,88913.12,9999,9999,256.6,0.0,-0.0,0.0,999999,999999,999999,9999,315,1.7,99,99,9999,99999,9,999999999,999,0.999,999,99,999,999,99
2021-02-06 04:00:00,-1.72,-6.48,69.95,88895.48,9999,9999,254.8,0.0,-0.0,0.0,999999,999999,999999,9999,317,1.9,99,99,9999,99999,9,999999999,999,0.999,999,99,999,999,99
2021-02-06 05:00:00,-2.85,-7.7,69.25,88860.19,9999,9999,240.8,0.0,-0.0,0.0,999999,999999,999999,9999,306,2.3,99,99,9999,99999,9,999999999,999,0.999,999,99,999,999,99
2021-02-06 06:00:00,-3.99,-8.79,69.25,88851.37,9999,9999,237.8,0.0,-0.0,0.0,999999,999999,999999,9999,306,2.6,99,99,9999,99999,9,999999999,999,0.999,999,99,999,999,99
2021-02-06 07:00:00,-5.15,-9.2,73.2,88807.26,9999,9999,236.2,0.0,-0.0,0.0,999999,999999,999999,9999,309,2.6,99,99,9999,99999,9,999999999,999,0.999,999,99,999,999,99
2021-02-06 08:00:00,-4.72,-7.74,79.4,88798.44,9999,9999,248.0,28.0,171.9,18.0,999999,999999,999999,9999,310,2.5,99,99,9999,99999,9,999999999,999,0.999,999,99,999,999,99
2021-02-06 09:00:00,-4.3,-7.42,78.85,88798.44,9999,9999,244.8,131.0,169.71,95.0,999999,999999,999999,9999,312,2.3,99,99,9999,99999,9,999999999,999,0.999,999,99,999,999,99
2021-02-06 10:00:00,-2.5,-5.89,77.55,88754.33,9999,9999,242.0,227.0,186.08,164.0,999999,999999,999999,9999,313,1.9,99,99,9999,99999,9,999999999,999,0.999,999,99,999,999,99
2021-02-06 11:00:00,0.67,-3.79,72.05,88745.51,9999,9999,242.0,312.0,235.52,211.0,999999,999999,999999,9999,314,1.5,99,99,9999,99999,9,999999999,999,0.999,999,99,999,999,99
2021-02-06 12:00:00,4.77,-3.42,55.4,88736.69,9999,9999,241.0,331.0,188.76,241.0,999999,999999,999999,9999,327,0.9,99,99,9999,99999,9,999999999,999,0.999,999,99,999,999,99
2021-02-06 13:00:00,6.81,-4.47,44.45,88736.69,9999,9999,235.4,301.0,121.03,243.0,999999,999999,999999,9999,7,0.3,99,99,9999,99999,9,999999999,999,0.999,999,99,999,999,99
2021-02-06 14:00:00,7.28,-4.42,43.2,88710.22,9999,9999,241.8,269.0,117.01,218.0,999999,999999,999999,9999,60,0.1,99,99,9999,99999,9,999999999,999,0.999,999,99,999,999,99
2021-02-06 15:00:00,7.33,-3.58,45.85,88701.4,9999,9999,247.2,252.0,248.75,165.0,999999,999999,999999,9999,145,0.1,99,99,9999,99999,9,999999999,999,0.999,999,99,999,999,99
2021-02-06 16:00:00,6.73,-2.25,52.75,88710.22,9999,9999,242.6,150.0,220.53,100.0,999999,999999,999999,9999,186,0.1,99,99,9999,99999,9,999999999,999,0.999,999,99,999,999,99
2021-02-06 17:00:00,5.96,-2.11,56.2,88736.69,9999,9999,243.8,39.0,186.26,25.0,999999,999999,999999,9999,258,0.3,99,99,9999,99999,9,999999999,999,0.999,999,99,999,999,99
2021-02-06 18:00:00,5.0,-2.32,59.15,88736.69,9999,9999,221.2,0.0,-0.0,0.0,999999,999999,999999,9999,295,0.8,99,99,9999,99999,9,999999999,999,0.999,999,99,999,999,99
2021-02-06 19:00:00,3.34,-3.15,62.5,88771.97,9999,9999,217.0,0.0,-0.0,0.0,999999,999999,999999,9999,310,1.2,99,99,9999,99999,9,999999999,999,0.999,999,99,999,999,99
2021-02-06 20:00:00,0.96,-4.16,68.65,88833.72,9999,9999,218.8,0.0,-0.0,0.0,999999,999999,999999,9999,308,1.6,99,99,9999,99999,9,999999999,999,0.999,999,99,999,999,99
2021-02-06 21:00:00,-2.64,-6.56,74.4,88877.83,9999,9999,223.6,0.0,-0.0,0.0,999999,999999,999999,9999,305,2.2,99,99,9999,99999,9,999999999,999,0.999,999,99,999,999,99
2021-02-06 22:00:00,-4.62,-7.99,77.3,88886.65,9999,9999,223.4,0.0,-0.0,0.0,999999,999999,999999,9999,310,2.4,99,99,9999,99999,9,999999999,999,0.999,999,99,999,999,99
2021-02-06 23:00:00,-5.71,-8.77,79.0,88913.12,9999,9999,221.8,0.0,-0.0,0.0,999999,999999,999999,9999,314,2.3,99,99,9999,99999,9,999999999,999,0.999,999,99,999,999,99
2021-02-07 00:00:00,-6.19,-9.29,78.65,88974.87,9999,9999,219.8,0.0,-0.0,0.0,999999,999999,999999,9999,316,2.4,99,99,9999,99999,9,999999999,999,0.999,999,99,999,999,99
2021-02-07 01:00:00,-5.99,-9.39,76.9,89018.98,9999,9999,226.4,0.0,-0.0,0.0,999999,999999,999999,9999,315,2.4,99,99,9999,99999,9,999999999,999,0.999,999,99,999,999,99
2021-02-07 02:00:00,-6.08,-9.69,75.6,89036.62,9999,9999,222.6,0.0,-0.0,0.0,999999,999999,999999,9999,313,2.3,99,99,9999,99999,9,999999999,999,0.999,999,99,999,999,99
2021-02-07 03:00:00,-5.94,-9.71,74.7,89054.27,9999,9999,228.4,0.0,-0.0,0.0,999999,999999,999999,9999,313,2.3,99,99,9999,99999,9,999999999,999,0.999,999,99,999,999,99
2021-02-07 04:00:00,-5.95,-9.86,73.85,89071.91,9999,9999,228.6,0.0,-0.0,0.0,999999,999999,999999,9999,313,2.2,99,99,9999,99999,9,999999999,999,0.999,999,99,999,999,99
2021-02-07 05:00:00,-6.05,-10.07,73.2,89080.73,9999,9999,228.4,0.0,-0.0,0.0,999999,999999,999999,9999,313,2.2,99,99,9999,99999,9,999999999,999,0.999,999,99,999,999,99
2021-02-07 06:00:00,-6.21,-10.31,72.7,89080.73,9999,9999,227.2,0.0,-0.0,0.0,999999,999999,999999,9999,312,2.2,99,99,9999,99999,9,999999999,999,0.999,999,99,999,999,99
2021-02-07 07:00:00,-6.35,-10.51,72.35,89080.73,9999,9999,228.8,0.0,-0.0,0.0,999999,999999,999999,9999,311,2.2,99,99,9999,99999,9,999999999,999,0.999,999,99,999,999,99
2021-02-07 08:00:00,-6.42,-10.05,75.45,89098.37,9999,9999,234.4,31.0,193.46,19.0,999999,999999,999999,9999,313,2.4,99,99,9999,99999,9,999999999,999,0.999,999,99,999,999,99
2021-02-07 09:00:00,-5.35,-9.17,74.5,89124.84,9999,9999,238.0,156.0,305.2,90.0,999999,999999,999999,9999,314,2.2,99,99,9999,99999,9,999999999,999,0.999,999,99,999,999,99
2021-02-07 10:00:00,-2.49,-6.97,71.35,89142.48,9999,9999,236.6,271.0,352.85,150.0,999999,999999,999999,9999,316,1.8,99,99,9999,99999,9,999999999,999,0.999,999,99,999,999,99
2021-02-07 11:00:00,1.8,-5.11,60.15,89168.95,9999,9999,247.4,347.0,343.8,198.0,999999,999999,999999,9999,323,1.2,99,99,9999,99999,9,999999999,999,0.999,999,99,999,999,99
2021-02-07 12:00:00,4.37,-4.96,50.75,89168.95,9999,9999,226.2,425.0,475.6,196.0,999999,999999,999999,9999,327,0.6,99,99,9999,99999,9,999999999,999,0.999,999,99,999,999,99
2021-02-07 13:00:00,6.17,-4.86,45.1,89107.2,9999,9999,218.0,444.0,545.49,180.0,999999,999999,999999,9999,106,0.1,99,99,9999,99999,9,999999999,999,0.999,999,99,999,999,99
2021-02-07 14:00:00,5.66,-3.96,50.0,89063.09,9999,9999,219.6,403.0,553.75,159.0,999999,999999,999999,9999,129,0.6,99,99,9999,99999,9,999999999,999,0.999,999,99,999,999,99
2021-02-07 15:00:00,4.1,-3.02,59.8,89045.44,9999,9999,219.8,334.0,663.01,99.0,999999,999999,999999,9999,126,1.0,99,99,9999,99999,9,999999999,999,0.999,999,99,999,999,99
2021-02-07 16:00:00,4.55,-2.54,60.05,89027.8,9999,9999,224.6,198.0,557.77,69.0,999999,999999,999999,9999,130,0.8,99,99,9999,99999,9,999999999,999,0.999,999,99,999,999,99
2021-02-07 17:00:00,5.03,-2.34,58.95,89089.55,9999,9999,221.2,51.0,377.23,21.0,999999,999999,999999,9999,157,0.4,99,99,9999,99999,9,999999999,999,0.999,999,99,999,999,99
2021-02-07 18:00:00,3.83,-2.64,62.7,89124.84,9999,9999,218.4,0.0,-0.0,0.0,999999,999999,999999,9999,274,0.4,99,99,9999,99999,9,999999999,999,0.999,999,99,999,999,99
2021-02-07 19:00:00,2.83,-3.14,64.8,89124.84,9999,9999,215.0,0.0,-0.0,0.0,999999,999999,999999,9999,302,0.9,99,99,9999,99999,9,999999999,999,0.999,999,99,999,999,99
2021-02-07 20:00:00,0.68,-3.93,71.25,89133.66,9999,9999,220.0,0.0,-0.0,0.0,999999,999999,999999,9999,326,1.4,99,99,9999,99999,9,999999999,999,0.999,999,99,999,999,99
2021-02-07 21:00:00,-2.91,-5.65,81.4,89116.02,9999,9999,215.6,0.0,-0.0,0.0,999999,999999,999999,9999,327,1.8,99,99,9999,99999,9,999999999,999,0.999,999,99,999,999,99
2021-02-07 22:00:00,-4.88,-6.99,85.15,89116.02,9999,9999,213.0,0.0,-0.0,0.0,999999,999999,999999,9999,322,2.0,99,99,9999,99999,9,999999999,999,0.999,999,99,999,999,99
2021-02-07 23:00:00,-6.1,-8.19,85.15,89124.84,9999,9999,211.2,0.0,-0.0,0.0,999999,999999,999999,9999,318,2.1,99,99,9999,99999,9,999999999,999,0.999,999,99,999,999,99
2021-02-08 00:00:00,-6.99,-9.09,84.95,89124.84,9999,9999,208.4,0.0,-0.0,0.0,999999,999999,999999,9999,316,2.1,99,99,9999,99999,9,999999999,999,0.999,999,99,999,999,99
2021-02-08 01:00:00,-7.18,-9.48,83.65,89098.37,9999,9999,208.2,0.0,-0.0,0.0,999999,999999,999999,9999,318,2.0,99,99,9999,99999,9,999999999,999,0.999,999,99,999,999,99
2021-02-08 02:00:00,-7.49,-10.1,81.55,89098.37,9999,9999,207.4,0.0,-0.0,0.0,999999,999999,999999,9999,321,2.0,99,99,9999,99999,9,999999999,999,0.999,999,99,999,999,99
2021-02-08 03:00:00,-7.38,-10.42,78.85,89098.37,9999,9999,207.4,0.0,-0.0,0.0,999999,999999,999999,9999,324,1.9,99,99,9999,99999,9,999999999,999,0.999,999,99,999,999,99
2021-02-08 04:00:00,-7.21,-10.59,76.8,89080.73,9999,9999,208.6,0.0,-0.0,0.0,999999,999999,999999,9999,325,1.8,99,99,9999,99999,9,999999999,999,0.999,999,99,999,999,99
2021-02-08 05:00:00,-6.55,-10.58,73.05,89080.73,9999,9999,210.4,0.0,-0.0,0.0,999999,999999,999999,9999,327,1.7,99,99,9999,99999,9,999999999,999,0.999,999,99,999,999,99
2021-02-08 06:00:00,-5.14,-10.08,68.25,89089.55,9999,9999,216.8,0.0,-0.0,0.0,999999,999999,999999,9999,333,1.4,99,99,9999,99999,9,999999999,999,0.999,999,99,999,999,99
2021-02-08 07:00:00,-4.42,-9.69,66.65,89098.37,9999,9999,224.0,0.0,-0.0,0.0,999999,999999,999999,9999,338,1.3,99,99,9999,99999,9,999999999,999,0.999,999,99,999,999,99
2021-02-08 08:00:00,-4.42,-9.6,67.15,89107.2,9999,9999,227.0,4.0,0.0,4.0,999999,999999,999999,9999,315,1.4,99,99,9999,99999,9,999999999,999,0.999,999,99,999,999,99
2021-02-08 09:00:00,-3.51,-7.5,73.85,89142.48,9999,9999,246.8,123.0,108.86,99.0,999999,999999,999999,9999,314,1.0,99,99,9999,99999,9,999999999,999,0.999,999,99,999,999,99
2021-02-08 10:00:00,-1.49,-5.36,74.9,89142.48,9999,9999,267.8,180.0,57.58,160.0,999999,999999,999999,9999,340,0.4,99,99,9999,99999,9,999999999,999,0.999,999,99,999,999,99
2021-02-08 11:00:00,-0.68,-4.0,78.25,89168.95,9999,9999,274.0,187.0,13.7,181.0,999999,999999,999999,9999,77,0.5,99,99,9999,99999,9,999999999,999,0.999,999,99,999,999,99
2021-02-08 12:00:00,0.37,-3.11,77.5,89116.02,9999,9999,275.2,205.0,12.34,199.0,999999,999999,999999,9999,110,0.8,99,99,9999,99999,9,999999999,999,0.999,999,99,999,999,99
2021-02-08 13:00:00,0.22,-2.36,82.8,89063.09,9999,9999,291.6,435.0,488.98,196.0,999999,999999,999999,9999,119,0.9,99,99,9999,99999,9,999999999,999,0.999,999,99,999,999,99
2021-02-08 14:00:00,0.42,-2.06,83.45,88974.87,9999,9999,288.2,283.0,132.46,224.0,999999,999999,999999,9999,124,0.9,99,99,9999,99999,9,999999999,999,0.999,999,99,999,999,99
2021-02-08 15:00:00,0.49,-1.97,83.55,88939.58,9999,9999,293.4,130.0,5.57,128.0,999999,999999,999999,9999,128,1.0,99,99,9999,99999,9,999999999,999,0.999,999,99,999,999,99
2021-02-08 16:00:00,-0.03,-2.04,86.35,88904.3,9999,9999,266.4,101.0,29.68,94.0,999999,999999,999999,9999,130,1.1,99,99,9999,99999,9,999999999,999,0.999,999,99,999,999,99
2021-02-08 17:00:00,-0.15,-1.43,91.1,88904.3,9999,9999,287.8,46.0,214.52,28.0,999999,999999,999999,9999,134,0.8,99,99,9999,99999,9,999999999,999,0.999,999,99,999,999,99
2021-02-08 18:00:00,-0.53,-1.44,93.55,88904.3,9999,9999,288.4,0.0,-0.0,0.0,999999,999999,999999,9999,129,0.5,99,99,9999,99999,9,999999999,999,0.999,999,99,999,999,99
2021-02-08 19:00:00,-0.29,-1.46,91.8,88895.48,9999,9999,289.8,0.0,-0.0,0.0,999999,999999,999999,9999,123,0.2,99,99,9999,99999,9,999999999,999,0.999,999,99,999,999,99
2021-02-08 20:00:00,-1.71,-2.62,93.5,88895.48,9999,9999,255.8,0.0,-0.0,0.0,999999,999999,999999,9999,188,0.1,99,99,9999,99999,9,999999999,999,0.999,999,99,999,999,99
2021-02-08 21:00:00,-1.92,-2.89,93.05,88851.37,9999,9999,266.0,0.0,-0.0,0.0,999999,999999,999999,9999,353,0.2,99,99,9999,99999,9,999999999,999,0.999,999,99,999,999,99
2021-02-08 22:00:00,-2.11,-3.19,92.3,88851.37,9999,9999,270.6,0.0,-0.0,0.0,999999,999999,999999,9999,2,0.3,99,99,9999,99999,9,999999999,999,0.999,999,99,999,999,99
2021-02-08 23:00:00,-2.24,-3.44,91.45,88842.55,9999,9999,273.2,0.0,-0.0,0.0,999999,999999,999999,9999,1,0.2,99,99,9999,99999,9,999999999,999,0.999,999,99,999,999,99
2021-02-09 00:00:00,-2.84,-3.72,93.65,88824.9,9999,9999,267.8,0.0,-0.0,0.0,999999,999999,999999,9999,348,0.3,99,99,9999,99999,9,999999999,999,0.999,999,99,999,999,99
2021-02-09 01:00:00,-3.53,-4.33,94.15,88816.08,9999,9999,263.8,0.0,-0.0,0.0,999999,999999,999999,9999,340,0.8,99,99,9999,99999,9,999999999,999,0.999,999,99,999,999,99
2021-02-09 02:00:00,-4.84,-5.78,93.1,88780.8,9999,9999,261.0,0.0,-0.0,0.0,999999,999999,999999,9999,330,1.1,99,99,9999,99999,9,999999999,999,0.999,999,99,999,999,99
2021-02-09 03:00:00,-4.82,-5.74,93.3,88763.15,9999,9999,275.4,0.0,-0.0,0.0,999999,999999,999999,9999,323,1.1,99,99,9999,99999,9,999999999,999,0.999,999,99,999,999,99
2021-02-09 04:00:00,-4.9,-5.98,92.15,88745.51,9999,9999,272.0,0.0,-0.0,0.0,999999,999999,999999,9999,322,1.2,99,99,9999,99999,9,999999999,999,0.999,999,99,999,999,99
2021-02-09 05:00:00,-4.99,-6.12,91.8,88710.22,9999,9999,272.2,0.0,-0.0,0.0,999999,999999,999999,9999,321,1.2,99,99,9999,99999,9,999999999,999,0.999,999,99,999,999,99
2021-02-09 06:00:00,-5.19,-6.35,91.55,88719.04,9999,9999,270.0,0.0,-0.0,0.0,999999,999999,999999,9999,323,1.2,99,99,9999,99999,9,999999999,999,0.999,999,99,999,999,99
2021-02-09 07:00:00,-5.17,-6.33,91.55,88710.22,9999,9999,275.2,0.0,-0.0,0.0,999999,999999,999999,9999,321,1.1,99,99,9999,99999,9,999999999,999,0.999,999,99,999,999,99
2021-02-09 08:00:00,-5.53,-6.36,93.85,88745.51,9999,9999,277.6,23.0,28.57,21.0,999999,999999,999999,9999,313,1.1,99,99,9999,99999,9,999999999,999,0.999,999,99,999,999,99
2021-02-09 09:00:00,-4.08,-5.27,91.4,88780.8,9999,9999,275.6,57.0,0.0,57.0,999999,999999,999999,9999,312,0.9,99,99,9999,99999,9,999999999,999,0.999,999,99,999,999,99
2021-02-09 10:00:00,-2.0,-4.34,84.0,88780.8,9999,9999,283.2,103.0,0.0,103.0,999999,999999,999999,9999,328,0.3,99,99,9999,99999,9,999999999,999,0.999,999,99,999,999,99
2021-02-09 11:00:00,-1.27,-3.58,84.3,88771.97,9999,9999,283.2,191.0,15.81,184.0,999999,999999,999999,9999,93,0.2,99,99,9999,99999,9,999999999,999,0.999,999,99,999,999,99
2021-02-09 12:00:00,-0.75,-2.89,85.45,88719.04,9999,9999,280.4,150.0,0.0,150.0,999999,999999,999999,9999,114,0.6,99,99,9999,99999,9,999999999,999,0.999,999,99,999,999,99
2021-02-09 13:00:00,-0.26,-2.7,83.6,88719.04,9999,9999,282.6,139.0,0.0,139.0,999999,999999,999999,9999,111,0.8,99,99,9999,99999,9,999999999,999,0.999,999,99,999,999,99
2021-02-09 14:00:00,-0.15,-2.62,83.45,88683.76,9999,9999,285.2,122.0,0.0,122.0,999999,999999,999999,9999,118,1.0,99,99,9999,99999,9,999999999,999,0.999,999,99,999,999,99
2021-02-09 15:00:00,-0.15,-2.42,84.65,88630.83,9999,9999,289.6,79.0,0.0,79.0,999999,999999,999999,9999,120,1.0,99,99,9999,99999,9,999999999,999,0.999,999,99,999,999,99
2021-02-09 16:00:00,-0.49,-2.13,88.65,88595.54,9999,9999,286.6,87.0,8.32,85.0,999999,999999,999999,9999,131,0.8,99,99,9999,99999,9,999999999,999,0.999,999,99,999,999,99
2021-02-09 17:00:00,-0.84,-1.84,92.95,88586.72,9999,9999,290.0,39.0,90.59,31.0,999999,999999,999999,9999,144,0.6,99,99,9999,99999,9,999999999,999,0.999,999,99,999,999,99
2021-02-09 18:00:00,-1.18,-1.79,95.65,88586.72,9999,9999,288.2,0.0,-0.0,0.0,999999,999999,999999,9999,148,0.3,99,99,9999,99999,9,999999999,999,0.999,999,99,999,999,99
2021-02-09 19:00:00,-1.1,-1.8,95.0,88613.18,9999,9999,287.0,0.0,-0.0,0.0,999999,999999,999999,9999,155,0.2,99,99,9999,99999,9,999999999,999,0.999,999,99,999,999,99
2021-02-09 20:00:00,-1.57,-2.12,96.05,88613.18,9999,9999,288.6,0.0,-0.0,0.0,999999,999999,999999,9999,144,0.4,99,99,9999,99999,9,999999999,999,0.999,999,99,999,999,99
2021-02-09 21:00:00,-1.66,-2.16,96.4,88639.65,9999,9999,283.0,0.0,-0.0,0.0,999999,999999,999999,9999,134,0.3,99,99,9999,99999,9,999999999,999,0.999,999,99,999,999,99
2021-02-09 22:00:00,-1.69,-2.2,96.3,88622.01,9999,9999,288.2,0.0,-0.0,0.0,999999,999999,999999,9999,121,0.2,99,99,9999,99999,9,999999999,999,0.999,999,99,999,999,99
2021-02-09 23:00:00,-1.72,-2.29,95.9,88604.36,9999,9999,287.4,0.0,-0.0,0.0,999999,999999,999999,9999,121,0.2,99,99,9999,99999,9,999999999,999,0.999,999,99,999,999,99
2021-02-10 00:00:00,-1.84,-2.41,95.9,88542.61,9999,9999,279.4,0.0,-0.0,0.0,999999,999999,999999,9999,128,0.2,99,99,9999,99999,9,999999999,999,0.999,999,99,999,999,99
2021-02-10 01:00:00,-1.96,-2.54,95.8,88516.15,9999,9999,281.0,0.0,-0.0,0.0,999999,999999,999999,9999,151,0.2,99,99,9999,99999,9,999999999,999,0.999,999,99,999,999,99
2021-02-10 02:00:00,-2.01,-2.6,95.75,88472.04,9999,9999,284.0,0.0,-0.0,0.0,999999,999999,999999,9999,180,0.2,99,99,9999,99999,9,999999999,999,0.999,999,99,999,999,99
2021-02-10 03:00:00,-2.07,-2.67,95.65,88419.11,9999,9999,283.0,0.0,-0.0,0.0,999999,999999,999999,9999,213,0.3,99,99,9999,99999,9,999999999,999,0.999,999,99,999,999,99
2021-02-10 04:00:00,-2.28,-2.85,95.85,88375.0,9999,9999,278.6,0.0,-0.0,0.0,999999,999999,999999,9999,237,0.6,99,99,9999,99999,9,999999999,999,0.999,999,99,999,999,99
2021-02-10 05:00:00,-2.35,-3.18,94.05,88304.43,9999,9999,282.8,0.0,-0.0,0.0,999999,999999,999999,9999,257,0.8,99,99,9999,99999,9,999999999,999,0.999,999,99,999,999,99
2021-02-10 06:00:00,-2.39,-3.67,90.95,88260.32,9999,9999,262.4,0.0,-0.0,0.0,999999,999999,999999,9999,262,0.9,99,99,9999,99999,9,999999999,999,0.999,999,99,999,999,99
2021-02-10 07:00:00,-2.46,-4.11,88.4,88207.39,9999,9999,263.6,0.0,-0.0,0.0,999999,999999,999999,9999,268,1.0,99,99,9999,99999,9,999999999,999,0.999,999,99,999,999,99
2021-02-10 08:00:00,-3.11,-5.51,83.5,88189.75,9999,9999,271.8,37.0,161.86,25.0,999999,999999,999999,9999,292,1.2,99,99,9999,99999,9,999999999,999,0.999,999,99,999,999,99
2021-02-10 09:00:00,-1.83,-4.55,81.65,88163.28,9999,9999,270.6,174.0,362.26,91.0,999999,999999,999999,9999,290,1.0,99,99,9999,99999,9,999999999,999,0.999,999,99,999,999,99
2021-02-10 10:00:00,0.06,-3.73,75.65,88119.17,9999,9999,267.0,318.0,541.46,125.0,999999,999999,999999,9999,251,0.6,99,99,9999,99999,9,999999999,999,0.999,999,99,999,999,99
2021-02-10 11:00:00,0.98,-3.79,70.45,88039.78,9999,9999,258.8,385.0,444.76,186.0,999999,999999,999999,9999,200,0.7,99,99,9999,99999,9,999999999,999,0.999,999,99,999,999,99
2021-02-10 12:00:00,1.65,-2.93,71.6,87978.03,9999,9999,245.2,502.0,766.29,122.0,999999,999999,999999,9999,189,0.7,99,99,9999,99999,9,999999999,999,0.999,999,99,999,999,99
2021-02-10 13:00:00,2.02,-3.14,68.65,87898.63,9999,9999,241.4,519.0,840.48,100.0,999999,999999,999999,9999,192,0.7,99,99,9999,99999,9,999999999,999,0.999,999,99,999,999,99
2021-02-10 14:00:00,2.8,-3.72,62.2,87775.13,9999,9999,237.2,467.0,819.53,94.0,999999,999999,999999,9999,193,0.6,99,99,9999,99999,9,999999999,999,0.999,999,99,999,999,99
2021-02-10 15:00:00,3.36,-4.25,57.45,87686.91,9999,9999,238.8,368.0,797.41,74.0,999999,999999,999999,9999,181,0.6,99,99,9999,99999,9,999999999,999,0.999,999,99,999,999,99
2021-02-10 16:00:00,3.57,-4.52,55.5,87651.63,9999,9999,236.4,234.0,799.73,38.0,999999,999999,999999,9999,171,0.5,99,99,9999,99999,9,999999999,999,0.999,999,99,999,999,99
2021-02-10 17:00:00,3.33,-4.26,57.55,87651.63,9999,9999,228.2,53.0,237.25,31.0,999999,999999,999999,9999,165,0.3,99,99,9999,99999,9,999999999,999,0.999,999,99,999,999,99
2021-02-10 18:00:00,2.34,-4.5,60.6,87660.45,9999,9999,224.4,0.0,-0.0,0.0,999999,999999,999999,9999,292,0.2,99,99,9999,99999,9,999999999,999,0.999,999,99,999,999,99
2021-02-10 19:00:00,1.26,-4.7,64.5,87678.09,9999,9999,235.6,0.0,-0.0,0.0,999999,999999,999999,9999,316,0.8,99,99,9999,99999,9,999999999,999,0.999,999,99,999,999,99
2021-02-10 20:00:00,-1.62,-6.97,66.9,87713.38,9999,9999,233.6,0.0,-0.0,0.0,999999,999999,999999,9999,318,1.7,99,99,9999,99999,9,999999999,999,0.999,999,99,999,999,99
2021-02-10 21:00:00,-3.45,-8.15,69.9,87739.84,9999,9999,251.4,0.0,-0.0,0.0,999999,999999,999999,9999,315,1.9,99,99,9999,99999,9,999999999,999,0.999,999,99,999,999,99
2021-02-10 22:00:00,-4.4,-9.25,68.9,87748.67,9999,9999,250.8,0.0,-0.0,0.0,999999,999999,999999,9999,314,1.9,99,99,9999,99999,9,999999999,999,0.999,999,99,999,999,99
2021-02-10 23:00:00,-5.31,-10.25,68.2,87686.91,9999,9999,244.6,0.0,-0.0,0.0,999999,999999,999999,9999,313,2.0,99,99,9999,99999,9,999999999,999,0.999,999,99,999,999,99
2021-02-11 00:00:00,-5.43,-10.94,65.2,87660.45,9999,9999,250.4,0.0,-0.0,0.0,999999,999999,999999,9999,312,1.9,99,99,9999,99999,9,999999999,999,0.999,999,99,999,999,99
2021-02-11 01:00:00,-5.22,-11.06,63.55,87678.09,9999,9999,263.0,0.0,-0.0,0.0,999999,999999,999999,9999,312,1.9,99,99,9999,99999,9,999999999,999,0.999,999,99,999,999,99
2021-02-11 02:00:00,-5.23,-11.28,62.5,87678.09,9999,9999,255.6,0.0,-0.0,0.0,999999,999999,999999,9999,311,1.7,99,99,9999,99999,9,999999999,999,0.999,999,99,999,999,99
2021-02-11 03:00:00,-5.45,-11.64,61.75,87695.74,9999,9999,245.4,0.0,-0.0,0.0,999999,999999,999999,9999,310,1.7,99,99,9999,99999,9,999999999,999,0.999,999,99,999,999,99
2021-02-11 04:00:00,-5.38,-11.72,61.0,87713.38,9999,9999,251.6,0.0,-0.0,0.0,999999,999999,999999,9999,311,1.6,99,99,9999,99999,9,999999999,999,0.999,999,99,999,999,99
2021-02-11 05:00:00,-5.14,-11.57,60.65,87713.38,9999,9999,257.6,0.0,-0.0,0.0,999999,999999,999999,9999,312,1.4,99,99,9999,99999,9,999999999,999,0.999,999,99,999,999,99
2021-02-11 06:00:00,-5.03,-11.45,60.7,87713.38,9999,9999,250.0,0.0,-0.0,0.0,999999,999999,999999,9999,317,1.3,99,99,9999,99999,9,999999999,999,0.999,999,99,999,999,99
2021-02-11 07:00:00,-4.98,-11.79,58.85,87731.02,9999,9999,239.0,0.0,-0.0,0.0,999999,999999,999999,9999,323,1.2,99,99,9999,99999,9,999999999,999,0.999,999,99,999,999,99
2021-02-11 08:00:00,-3.59,-10.49,58.8,87766.31,9999,9999,265.2,23.0,12.76,22.0,999999,999999,999999,9999,334,1.0,99,99,9999,99999,9,999999999,999,0.999,999,99,999,999,99
2021-02-11 09:00:00,-3.39,-9.63,62.0,87836.88,9999,9999,259.2,65.0,0.0,65.0,999999,999999,999999,9999,338,0.8,99,99,9999,99999,9,999999999,999,0.999,999,99,999,999,99
2021-02-11 10:00:00,-2.65,-8.73,63.0,87872.17,9999,9999,267.8,92.0,0.0,92.0,999999,999999,999999,9999,356,0.7,99,99,9999,99999,9,999999999,999,0.999,999,99,999,999,99
2021-02-11 11:00:00,-1.65,-8.14,61.25,87880.99,9999,9999,269.2,159.0,2.21,158.0,999999,999999,999999,9999,10,0.6,99,99,9999,99999,9,999999999,999,0.999,999,99,999,999,99
2021-02-11 12:00:00,-0.94,-6.61,65.4,87889.81,9999,9999,269.2,182.0,2.0,181.0,999999,999999,999999,9999,54,0.5,99,99,9999,99999,9,999999999,999,0.999,999,99,999,999,99
2021-02-11 13:00:00,-0.7,-5.53,69.8,87872.17,9999,9999,271.8,222.0,15.89,214.0,999999,999999,999999,9999,80,0.8,99,99,9999,99999,9,999999999,999,0.999,999,99,999,999,99
2021-02-11 14:00:00,-0.7,-5.08,72.25,87889.81,9999,9999,276.8,144.0,0.0,144.0,999999,999999,999999,9999,92,0.8,99,99,9999,99999,9,999999999,999,0.999,999,99,999,999,99
2021-02-11 15:00:00,-0.86,-4.36,77.15,87907.45,9999,9999,278.2,146.0,8.03,143.0,999999,999999,999999,9999,104,0.6,99,99,9999,99999,9,999999999,999,0.999,999,99,999,999,99
2021-02-11 16:00:00,-1.09,-3.99,80.65,87933.92,9999,9999,273.6,49.0,0.0,49.0,999999,999999,999999,9999,90,0.6,99,99,9999,99999,9,999999999,999,0.999,999,99,999,999,99
2021-02-11 17:00:00,-1.32,-3.98,82.1,87969.21,9999,9999,278.0,40.0,61.75,34.0,999999,999999,999999,9999,82,0.8,99,99,9999,99999,9,999999999,999,0.999,999,99,999,999,99
2021-02-11 18:00:00,-2.31,-4.23,86.65,88013.31,9999,9999,268.4,0.0,-0.0,0.0,999999,999999,999999,9999,64,0.8,99,99,9999,99999,9,999999999,999,0.999,999,99,999,999,99
2021-02-11 19:00:00,-2.15,-4.36,84.8,88083.89,9999,9999,267.0,0.0,-0.0,0.0,999999,999999,999999,9999,46,0.8,99,99,9999,99999,9,999999999,999,0.999,999,99,999,999,99
2021-02-11 20:00:00,-2.5,-4.64,85.25,88163.28,9999,9999,267.4,0.0,-0.0,0.0,999999,999999,999999,9999,35,1.0,99,99,9999,99999,9,999999999,999,0.999,999,99,999,999,99
2021-02-11 21:00:00,-2.94,-4.74,87.4,88233.85,9999,9999,278.0,0.0,-0.0,0.0,999999,999999,999999,9999,14,1.1,99,99,9999,99999,9,999999999,999,0.999,999,99,999,999,99
2021-02-11 22:00:00,-3.05,-4.89,87.1,88295.61,9999,9999,279.6,0.0,-0.0,0.0,999999,999999,999999,9999,358,1.0,99,99,9999,99999,9,999999999,999,0.999,999,99,999,999,99
2021-02-11 23:00:00,-3.05,-5.05,86.05,88348.54,9999,9999,275.0,0.0,-0.0,0.0,999999,999999,999999,9999,356,1.0,99,99,9999,99999,9,999999999,999,0.999,999,99,999,999,99
2021-02-12 00:00:00,-3.01,-5.16,85.1,88419.11,9999,9999,274.4,0.0,-0.0,0.0,999999,999999,999999,9999,353,1.0,99,99,9999,99999,9,999999999,999,0.999,999,99,999,999,99
2021-02-12 01:00:00,-3.16,-5.35,84.85,88472.04,9999,9999,276.0,0.0,-0.0,0.0,999999,999999,999999,9999,347,1.0,99,99,9999,99999,9,999999999,999,0.999,999,99,999,999,99
2021-02-12 02:00:00,-3.45,-5.61,85.0,88472.04,9999,9999,278.4,0.0,-0.0,0.0,999999,999999,999999,9999,338,1.0,99,99,9999,99999,9,999999999,999,0.999,999,99,999,999,99
2021-02-12 03:00:00,-3.68,-5.91,84.5,88445.57,9999,9999,274.4,0.0,-0.0,0.0,999999,999999,999999,9999,332,1.0,99,99,9999,99999,9,999999999,999,0.999,999,99,999,999,99
2021-02-12 04:00:00,-4.03,-6.5,82.95,88419.11,9999,9999,262.4,0.0,-0.0,0.0,999999,999999,999999,9999,326,1.1,99,99,9999,99999,9,999999999,999,0.999,999,99,999,999,99
2021-02-12 05:00:00,-5.07,-7.78,81.25,88419.11,9999,9999,232.8,0.0,-0.0,0.0,999999,999999,999999,9999,320,1.2,99,99,9999,99999,9,999999999,999,0.999,999,99,999,999,99
2021-02-12 06:00:00,-6.35,-9.34,79.3,88454.4,9999,9999,213.8,0.0,-0.0,0.0,999999,999999,999999,9999,318,1.4,99,99,9999,99999,9,999999999,999,0.999,999,99,999,999,99
2021-02-12 07:00:00,-7.66,-10.53,79.9,88507.32,9999,9999,211.6,0.0,-0.0,0.0,999999,999999,999999,9999,315,1.6,99,99,9999,99999,9,999999999,999,0.999,999,99,999,999,99
2021-02-12 08:00:00,-9.09,-11.25,84.3,88560.25,9999,9999,213.6,30.0,36.3,27.0,999999,999999,999999,9999,312,1.7,99,99,9999,99999,9,999999999,999,0.999,999,99,999,999,99
2021-02-12 09:00:00,-6.57,-9.43,80.1,88613.18,9999,9999,208.8,53.0,0.0,53.0,999999,999999,999999,9999,308,1.5,99,99,9999,99999,9,999999999,999,0.999,999,99,999,999,99
2021-02-12 10:00:00,-3.37,-8.24,69.05,88622.01,9999,9999,213.2,195.0,65.61,171.0,999999,999999,999999,9999,308,1.2,99,99,9999,99999,9,999999999,999,0.999,999,99,999,999,99
2021-02-12 11:00:00,-0.43,-7.68,58.05,88648.47,9999,9999,206.6,287.0,124.7,230.0,999999,999999,999999,9999,297,0.8,99,99,9999,99999,9,999999999,999,0.999,999,99,999,999,99
2021-02-12 12:00:00,1.71,-7.89,48.95,88648.47,9999,9999,212.8,354.0,191.79,257.0,999999,999999,999999,9999,282,0.3,99,99,9999,99999,9,999999999,999,0.999,999,99,999,999,99
2021-02-12 13:00:00,2.74,-8.17,44.5,88586.72,9999,9999,208.2,356.0,190.78,259.0,999999,999999,999999,9999,185,0.3,99,99,9999,99999,9,999999999,999,0.999,999,99,999,999,99
2021-02-12 14:00:00,2.35,-6.51,52.0,88533.79,9999,9999,213.0,352.0,270.99,226.0,999999,999999,999999,9999,177,0.6,99,99,9999,99999,9,999999999,999,0.999,999,99,999,999,99
2021-02-12 15:00:00,2.04,-5.97,55.4,88533.79,9999,9999,212.4,305.0,372.71,164.0,999999,999999,999999,9999,173,0.8,99,99,9999,99999,9,999999999,999,0.999,999,99,999,999,99
2021-02-12 16:00:00,1.65,-5.89,57.3,88560.25,9999,9999,210.0,202.0,408.84,98.0,999999,999999,999999,9999,165,0.8,99,99,9999,99999,9,999999999,999,0.999,999,99,999,999,99
2021-02-12 17:00:00,2.23,-6.25,53.5,88622.01,9999,9999,208.8,65.0,314.92,33.0,999999,999999,999999,9999,169,0.6,99,99,9999,99999,9,999999999,999,0.999,999,99,999,999,99
2021-02-12 18:00:00,1.63,-6.57,54.5,88666.11,9999,9999,204.4,0.0,-0.0,0.0,999999,999999,999999,9999,264,0.3,99,99,9999,99999,9,999999999,999,0.999,999,99,999,999,99
2021-02-12 19:00:00,0.54,-6.98,57.1,88692.58,9999,9999,202.4,0.0,-0.0,0.0,999999,999999,999999,9999,300,0.8,99,99,9999,99999,9,999999999,999,0.999,999,99,999,999,99
2021-02-12 20:00:00,-4.46,-10.35,63.5,88745.51,9999,9999,200.6,0.0,-0.0,0.0,999999,999999,999999,9999,312,1.9,99,99,9999,99999,9,999999999,999,0.999,999,99,999,999,99
2021-02-12 21:00:00,-7.74,-11.59,73.85,88780.8,9999,9999,200.0,0.0,-0.0,0.0,999999,999999,999999,9999,314,2.1,99,99,9999,99999,9,999999999,999,0.999,999,99,999,999,99
2021-02-12 22:00:00,-9.29,-12.46,77.7,88798.44,9999,9999,196.4,0.0,-0.0,0.0,999999,999999,999999,9999,313,2.1,99,99,9999,99999,9,999999999,999,0.999,999,99,999,999,99
2021-02-12 23:00:00,-9.97,-13.16,77.5,88833.72,9999,9999,195.2,0.0,-0.0,0.0,999999,999999,999999,9999,314,2.2,99,99,9999,99999,9,999999999,999,0.999,999,99,999,999,99
2021-02-13 00:00:00,-10.52,-13.5,78.75,88869.01,9999,9999,196.2,0.0,-0.0,0.0,999999,999999,999999,9999,316,2.2,99,99,9999,99999,9,999999999,999,0.999,999,99,999,999,99
2021-02-13 01:00:00,-10.65,-13.77,77.8,88869.01,9999,9999,196.4,0.0,-0.0,0.0,999999,999999,999999,9999,317,2.1,99,99,9999,99999,9,999999999,999,0.999,999,99,999,999,99
2021-02-13 02:00:00,-10.49,-13.86,76.25,88895.48,9999,9999,195.0,0.0,-0.0,0.0,999999,999999,999999,9999,316,2.1,99,99,9999,99999,9,999999999,999,0.999,999,99,999,999,99
2021-02-13 03:00:00,-10.57,-14.01,75.8,88895.48,9999,9999,195.8,0.0,-0.0,0.0,999999,999999,999999,9999,316,2.1,99,99,9999,99999,9,999999999,999,0.999,999,99,999,999,99
2021-02-13 04:00:00,-10.78,-14.35,75.0,88895.48,9999,9999,193.6,0.0,-0.0,0.0,999999,999999,999999,9999,315,2.1,99,99,9999,99999,9,999999999,999,0.999,999,99,999,999,99
2021-02-13 05:00:00,-10.95,-14.59,74.55,88895.48,9999,9999,192.6,0.0,-0.0,0.0,999999,999999,999999,9999,315,2.1,99,99,9999,99999,9,999999999,999,0.999,999,99,999,999,99
2021-02-13 06:00:00,-11.13,-14.85,74.0,88930.76,9999,9999,193.2,0.0,-0.0,0.0,999999,999999,999999,9999,314,2.1,99,99,9999,99999,9,999999999,999,0.999,999,99,999,999,99
2021-02-13 07:00:00,-11.43,-15.17,73.8,88948.41,9999,9999,191.0,0.0,-0.0,0.0,999999,999999,999999,9999,312,2.1,99,99,9999,99999,9,999999999,999,0.999,999,99,999,999,99
2021-02-13 08:00:00,-11.73,-14.73,78.4,88974.87,9999,9999,196.2,51.0,252.82,29.0,999999,999999,999999,9999,313,2.1,99,99,9999,99999,9,999999999,999,0.999,999,99,999,999,99
2021-02-13 09:00:00,-8.63,-11.81,77.75,89018.98,9999,9999,197.0,179.0,317.28,102.0,999999,999999,999999,9999,314,1.8,99,99,9999,99999,9,999999999,999,0.999,999,99,999,999,99
2021-02-13 10:00:00,-3.35,-9.13,64.3,89054.27,9999,9999,198.2,300.0,380.47,159.0,999999,999999,999999,9999,319,1.2,99,99,9999,99999,9,999999999,999,0.999,999,99,999,999,99
2021-02-13 11:00:00,0.66,-9.51,46.5,89116.02,9999,9999,200.6,386.0,396.08,203.0,999999,999999,999999,9999,351,0.4,99,99,9999,99999,9,999999999,999,0.999,999,99,999,999,99
2021-02-13 12:00:00,2.09,-9.63,41.6,89124.84,9999,9999,202.6,454.0,483.61,207.0,999999,999999,999999,9999,83,0.4,99,99,9999,99999,9,999999999,999,0.999,999,99,999,999,99
2021-02-13 13:00:00,2.28,-8.58,44.55,89107.2,9999,9999,205.2,478.0,566.77,187.0,999999,999999,999999,9999,81,0.6,99,99,9999,99999,9,999999999,999,0.999,999,99,999,999,99
2021-02-13 14:00:00,2.36,-7.86,46.85,89063.09,9999,9999,207.4,444.0,615.0,155.0,999999,999999,999999,9999,81,0.6,99,99,9999,99999,9,999999999,999,0.999,999,99,999,999,99
2021-02-13 15:00:00,2.24,-7.35,49.15,89045.44,9999,9999,208.6,359.0,639.44,114.0,999999,999999,999999,9999,82,0.6,99,99,9999,99999,9,999999999,999,0.999,999,99,999,999,99
2021-02-13 16:00:00,2.83,-8.53,43.0,89027.8,9999,9999,207.4,170.0,196.87,119.0,999999,999999,999999,9999,83,0.6,99,99,9999,99999,9,999999999,999,0.999,999,99,999,999,99
2021-02-13 17:00:00,2.51,-8.12,45.4,89054.27,9999,9999,215.4,73.0,395.96,31.0,999999,999999,999999,9999,74,0.5,99,99,9999,99999,9,999999999,999,0.999,999,99,999,999,99
2021-02-13 18:00:00,1.87,-7.83,48.6,89071.91,9999,9999,220.2,0.0,-0.0,0.0,999999,999999,999999,9999,29,0.3,99,99,9999,99999,9,999999999,999,0.999,999,99,999,999,99
2021-02-13 19:00:00,0.85,-7.92,51.95,89116.02,9999,9999,210.6,0.0,-0.0,0.0,999999,999999,999999,9999,343,0.9,99,99,9999,99999,9,999999999,999,0.999,999,99,999,999,99
2021-02-13 20:00:00,-1.86,-9.18,57.35,89133.66,9999,9999,208.2,0.0,-0.0,0.0,999999,999999,999999,9999,332,1.4,99,99,9999,99999,9,999999999,999,0.999,999,99,999,999,99
2021-02-13 21:00:00,-4.65,-10.29,64.7,89151.3,9999,9999,210.8,0.0,-0.0,0.0,999999,999999,999999,9999,326,1.7,99,99,9999,99999,9,999999999,999,0.999,999,99,999,999,99
2021-02-13 22:00:00,-6.47,-11.18,69.2,89168.95,9999,9999,206.2,0.0,-0.0,0.0,999999,999999,999999,9999,322,1.8,99,99,9999,99999,9,999999999,999,0.999,999,99,999,999,99
2021-02-13 23:00:00,-7.65,-11.81,72.1,89151.3,9999,9999,204.2,0.0,-0.0,0.0,999999,999999,999999,9999,320,1.8,99,99,9999,99999,9,999999999,999,0.999,999,99,999,999,99
2021-02-14 00:00:00,-8.55,-12.26,74.55,89142.48,9999,9999,204.0,0.0,-0.0,0.0,999999,999999,999999,9999,319,1.9,99,99,9999,99999,9,999999999,999,0.999,999,99,999,999,99
2021-02-14 01:00:00,-9.48,-12.64,77.75,89160.12,9999,9999,207.4,0.0,-0.0,0.0,999999,999999,999999,9999,318,1.9,99,99,9999,99999,9,999999999,999,0.999,999,99,999,999,99
2021-02-14 02:00:00,-10.44,-13.11,80.75,89160.12,9999,9999,207.2,0.0,-0.0,0.0,999999,999999,999999,9999,316,1.9,99,99,9999,99999,9,999999999,999,0.999,999,99,999,999,99
2021-02-14 03:00:00,-10.98,-13.52,81.55,89142.48,9999,9999,202.4,0.0,-0.0,0.0,999999,999999,999999,9999,314,2.0,99,99,9999,99999,9,999999999,999,0.999,999,99,999,999,99
2021-02-14 04:00:00,-11.09,-13.59,81.8,89116.02,9999,9999,210.6,0.0,-0.0,0.0,999999,999999,999999,9999,314,2.0,99,99,9999,99999,9,999999999,999,0.999,999,99,999,999,99
2021-02-14 05:00:00,-11.26,-13.83,81.3,89089.55,9999,9999,209.2,0.0,-0.0,0.0,999999,999999,999999,9999,314,2.0,99,99,9999,99999,9,999999999,999,0.999,999,99,999,999,99
2021-02-14 06:00:00,-11.09,-13.74,80.8,89116.02,9999,9999,215.2,0.0,-0.0,0.0,999999,999999,999999,9999,314,2.0,99,99,9999,99999,9,999999999,999,0.999,999,99,999,999,99
2021-02-14 07:00:00,-11.48,-14.1,80.95,89107.2,9999,9999,207.2,0.0,-0.0,0.0,999999,999999,999999,9999,313,2.0,99,99,9999,99999,9,999999999,999,0.999,999,99,999,999,99
2021-02-14 08:00:00,-9.9,-13.09,77.5,89124.84,9999,9999,221.0,44.0,109.32,34.0,999999,999999,999999,9999,314,1.9,99,99,9999,99999,9,999999999,999,0.999,999,99,999,999,99
2021-02-14 09:00:00,-8.48,-11.31,80.0,89160.12,9999,9999,212.2,168.0,234.48,110.0,999999,999999,999999,9999,315,1.7,99,99,9999,99999,9,999999999,999,0.999,999,99,999,999,99
2021-02-14 10:00:00,-2.83,-8.33,65.85,89160.12,9999,9999,215.2,292.0,327.61,169.0,999999,999999,999999,9999,320,1.1,99,99,9999,99999,9,999999999,999,0.999,999,99,999,999,99
2021-02-14 11:00:00,-0.07,-8.8,51.85,89124.84,9999,9999,222.4,317.0,173.45,236.0,999999,999999,999999,9999,349,0.6,99,99,9999,99999,9,999999999,999,0.999,999,99,999,999,99
2021-02-14 12:00:00,0.69,-5.56,62.95,89124.84,9999,9999,222.6,382.0,240.41,258.0,999999,999999,999999,9999,48,0.5,99,99,9999,99999,9,999999999,999,0.999,999,99,999,999,99
2021-02-14 13:00:00,0.84,-4.98,65.1,89063.09,9999,9999,227.6,229.0,17.36,220.0,999999,999999,999999,9999,78,0.6,99,99,9999,99999,9,999999999,999,0.999,999,99,999,999,99
2021-02-14 14:00:00,1.14,-5.31,62.15,89018.98,9999,9999,225.2,331.0,193.73,239.0,999999,999999,999999,9999,85,0.6,99,99,9999,99999,9,999999999,999,0.999,999,99,999,999,99
2021-02-14 15:00:00,1.42,-5.94,58.05,88992.51,9999,9999,219.8,230.0,103.09,190.0,999999,999999,999999,9999,85,0.6,99,99,9999,99999,9,999999999,999,0.999,999,99,999,999,99
2021-02-14 16:00:00,1.27,-5.95,58.65,88966.05,9999,9999,229.0,172.0,193.38,121.0,999999,999999,999999,9999,93,0.6,99,99,9999,99999,9,999999999,999,0.999,999,99,999,999,99
2021-02-14 17:00:00,1.26,-6.27,57.25,88939.58,9999,9999,223.6,65.0,226.16,40.0,999999,999999,999999,9999,101,0.6,99,99,9999,99999,9,999999999,999,0.999,999,99,999,999,99
2021-02-14 18:00:00,1.16,-6.71,55.75,88966.05,9999,9999,224.4,0.0,-0.0,0.0,999999,999999,999999,9999,83,0.1,99,99,9999,99999,9,999999999,999,0.999,999,99,999,999,99
2021-02-14 19:00:00,0.37,-6.74,58.9,88992.51,9999,9999,225.0,0.0,-0.0,0.0,999999,999999,999999,9999,309,0.4,99,99,9999,99999,9,999999999,999,0.999,999,99,999,999,99
2021-02-14 20:00:00,-1.47,-6.0,71.25,88992.51,9999,9999,210.4,0.0,-0.0,0.0,999999,999999,999999,9999,308,0.9,99,99,9999,99999,9,999999999,999,0.999,999,99,999,999,99
2021-02-14 21:00:00,-4.4,-8.1,75.4,88992.51,9999,9999,218.6,0.0,-0.0,0.0,999999,999999,999999,9999,315,1.4,99,99,9999,99999,9,999999999,999,0.999,999,99,999,999,99
2021-02-14 22:00:00,-7.75,-10.43,81.1,88966.05,9999,9999,204.4,0.0,-0.0,0.0,999999,999999,999999,9999,315,1.8,99,99,9999,99999,9,999999999,999,0.999,999,99,999,999,99
2021-02-14 23:00:00,-9.56,-11.84,83.45,88921.94,9999,9999,201.8,0.0,-0.0,0.0,999999,999999,999999,9999,313,1.9,99,99,9999,99999,9,999999999,999,0.999,999,99,999,999,99
2021-02-15 00:00:00,-10.37,-12.77,82.55,88904.3,9999,9999,202.4,0.0,-0.0,0.0,999999,999999,999999,9999,314,2.0,99,99,9999,99999,9,999999999,999,0.999,999,99,999,999,99
2021-02-15 01:00:00,-10.76,-13.45,80.6,88877.83,9999,9999,203.0,0.0,-0.0,0.0,999999,999999,999999,9999,315,2.1,99,99,9999,99999,9,999999999,999,0.999,999,99,999,999,99
2021-02-15 02:00:00,-11.08,-14.03,78.85,88860.19,9999,9999,200.6,0.0,-0.0,0.0,999999,999999,999999,9999,315,2.1,99,99,9999,99999,9,999999999,999,0.999,999,99,999,999,99
2021-02-15 03:00:00,-11.11,-14.33,77.1,88851.37,9999,9999,203.6,0.0,-0.0,0.0,999999,999999,999999,9999,314,2.1,99,99,9999,99999,9,999999999,999,0.999,999,99,999,999,99
2021-02-15 04:00:00,-11.16,-14.58,75.85,88816.08,9999,9999,203.8,0.0,-0.0,0.0,999999,999999,999999,9999,314,2.1,99,99,9999,99999,9,999999999,999,0.999,999,99,999,999,99
2021-02-15 05:00:00,-11.24,-14.82,74.85,88816.08,9999,9999,200.8,0.0,-0.0,0.0,999999,999999,999999,9999,315,2.1,99,99,9999,99999,9,999999999,999,0.999,999,99,999,999,99
2021-02-15 06:00:00,-11.25,-15.0,73.8,88833.72,9999,9999,201.4,0.0,-0.0,0.0,999999,999999,999999,9999,317,2.1,99,99,9999,99999,9,999999999,999,0.999,999,99,999,999,99
2021-02-15 07:00:00,-11.29,-15.14,73.2,88824.9,9999,9999,200.4,0.0,-0.0,0.0,999999,999999,999999,9999,316,2.0,99,99,9999,99999,9,999999999,999,0.999,999,99,999,999,99
2021-02-15 08:00:00,-10.94,-14.22,76.75,88860.19,9999,9999,216.2,62.0,322.9,31.0,999999,999999,999999,9999,316,1.9,99,99,9999,99999,9,999999999,999,0.999,999,99,999,999,99
2021-02-15 09:00:00,-7.24,-11.02,74.4,88904.3,9999,9999,226.4,143.0,111.07,115.0,999999,999999,999999,9999,319,1.5,99,99,9999,99999,9,999999999,999,0.999,999,99,999,999,99
2021-02-15 10:00:00,-3.71,-8.81,67.7,88930.76,9999,9999,236.2,218.0,92.02,183.0,999999,999999,999999,9999,332,0.9,99,99,9999,99999,9,999999999,999,0.999,999,99,999,999,99
2021-02-15 11:00:00,-1.4,-6.57,67.85,88957.23,9999,9999,249.8,363.0,288.12,227.0,999999,999999,999999,9999,32,0.3,99,99,9999,99999,9,999999999,999,0.999,999,99,999,999,99
2021-02-15 12:00:00,0.36,-6.6,59.55,88957.23,9999,9999,260.0,536.0,802.52,118.0,999999,999999,999999,9999,99,0.6,99,99,9999,99999,9,999999999,999,0.999,999,99,999,999,99
2021-02-15 13:00:00,0.0,-4.91,69.55,88948.41,9999,9999,263.0,558.0,901.54,86.0,999999,999999,999999,9999,110,0.6,99,99,9999,99999,9,999999999,999,0.999,999,99,999,999,99
2021-02-15 14:00:00,0.1,-4.34,72.05,88921.94,9999,9999,269.4,490.0,798.09,107.0,999999,999999,999999,9999,99,0.6,99,99,9999,99999,9,999999999,999,0.999,999,99,999,999,99
2021-02-15 15:00:00,-0.14,-3.96,75.45,88886.65,9999,9999,272.6,383.0,722.88,99.0,999999,999999,999999,9999,110,0.8,99,99,9999,99999,9,999999999,999,0.999,999,99,999,999,99
2021-02-15 16:00:00,-0.07,-3.71,76.5,88877.83,9999,9999,274.2,244.0,644.51,71.0,999999,999999,999999,9999,111,0.6,99,99,9999,99999,9,999999999,999,0.999,999,99,999,999,99
2021-02-15 17:00:00,-0.26,-3.59,78.25,88895.48,9999,9999,275.2,84.0,452.11,32.0,999999,999999,999999,9999,100,0.6,99,99,9999,99999,9,999999999,999,0.999,999,99,999,999,99
2021-02-15 18:00:00,-0.13,-4.2,74.05,88904.3,9999,9999,270.4,0.0,-0.0,0.0,999999,999999,999999,9999,99,0.5,99,99,9999,99999,9,999999999,999,0.999,999,99,999,999,99
2021-02-15 19:00:00,-0.08,-4.3,73.25,88939.58,9999,9999,274.2,0.0,-0.0,0.0,999999,999999,999999,9999,52,0.3,99,99,9999,99999,9,999999999,999,0.999,999,99,999,999,99
2021-02-15 20:00:00,-1.24,-4.21,80.2,88957.23,9999,9999,272.6,0.0,-0.0,0.0,999999,999999,999999,9999,10,0.5,99,99,9999,99999,9,999999999,999,0.999,999,99,999,999,99
2021-02-15 21:00:00,-1.58,-4.49,80.55,88957.23,9999,9999,269.0,0.0,-0.0,0.0,999999,999999,999999,9999,4,0.7,99,99,9999,99999,9,999999999,999,0.999,999,99,999,999,99
2021-02-15 22:00:00,-2.33,-5.08,81.4,88992.51,9999,9999,266.4,0.0,-0.0,0.0,999999,999999,999999,9999,358,0.8,99,99,9999,99999,9,999999999,999,0.999,999,99,999,999,99
2021-02-15 23:00:00,-3.46,-5.91,83.15,89036.62,9999,9999,270.2,0.0,-0.0,0.0,999999,999999,999999,9999,351,0.9,99,99,9999,99999,9,999999999,999,0.999,999,99,999,999,99
2021-02-16 00:00:00,-3.81,-6.26,83.1,89045.44,9999,9999,269.0,0.0,-0.0,0.0,999999,999999,999999,9999,349,0.9,99,99,9999,99999,9,999999999,999,0.999,999,99,999,999,99
2021-02-16 01:00:00,-4.05,-6.27,84.5,89071.91,9999,9999,278.2,0.0,-0.0,0.0,999999,999999,999999,9999,343,0.9,99,99,9999,99999,9,999999999,999,0.999,999,99,999,999,99
2021-02-16 02:00:00,-4.72,-6.58,86.8,89071.91,9999,9999,278.0,0.0,-0.0,0.0,999999,999999,999999,9999,337,1.0,99,99,9999,99999,9,999999999,999,0.999,999,99,999,999,99
2021-02-16 03:00:00,-4.99,-6.63,88.25,89018.98,9999,9999,281.0,0.0,-0.0,0.0,999999,999999,999999,9999,333,1.1,99,99,9999,99999,9,999999999,999,0.999,999,99,999,999,99
2021-02-16 04:00:00,-4.88,-6.61,87.7,88983.69,9999,9999,281.8,0.0,-0.0,0.0,999999,999999,999999,9999,332,1.1,99,99,9999,99999,9,999999999,999,0.999,999,99,999,999,99
2021-02-16 05:00:00,-4.78,-6.57,87.25,88966.05,9999,9999,281.0,0.0,-0.0,0.0,999999,999999,999999,9999,331,1.1,99,99,9999,99999,9,999999999,999,0.999,999,99,999,999,99
2021-02-16 06:00:00,-5.01,-6.74,87.65,88966.05,9999,9999,276.6,0.0,-0.0,0.0,999999,999999,999999,9999,329,1.1,99,99,9999,99999,9,999999999,999,0.999,999,99,999,999,99
2021-02-16 07:00:00,-5.01,-6.73,87.75,88957.23,9999,9999,281.0,0.0,-0.0,0.0,999999,999999,999999,9999,325,1.1,99,99,9999,99999,9,999999999,999,0.999,999,99,999,999,99
2021-02-16 08:00:00,-4.75,-6.63,86.65,88974.87,9999,9999,281.6,50.0,119.27,38.0,999999,999999,999999,9999,324,1.0,99,99,9999,99999,9,999999999,999,0.999,999,99,999,999,99
2021-02-16 09:00:00,-3.9,-6.26,83.65,89001.34,9999,9999,285.2,145.0,105.1,118.0,999999,999999,999999,9999,328,1.0,99,99,9999,99999,9,999999999,999,0.999,999,99,999,999,99
2021-02-16 10:00:00,-2.14,-5.78,76.1,89001.34,9999,9999,281.6,137.0,2.6,136.0,999999,999999,999999,9999,341,0.6,99,99,9999,99999,9,999999999,999,0.999,999,99,999,999,99
2021-02-16 11:00:00,-0.99,-4.57,76.65,89010.16,9999,9999,283.4,98.0,0.0,98.0,999999,999999,999999,9999,41,0.4,99,99,9999,99999,9,999999999,999,0.999,999,99,999,999,99
2021-02-16 12:00:00,-0.81,-3.91,79.5,89001.34,9999,9999,273.0,109.0,0.0,109.0,999999,999999,999999,9999,91,0.6,99,99,9999,99999,9,999999999,999,0.999,999,99,999,999,99
2021-02-16 13:00:00,-0.33,-3.26,80.6,88948.41,9999,9999,278.6,166.0,0.0,166.0,999999,999999,999999,9999,101,0.6,99,99,9999,99999,9,999999999,999,0.999,999,99,999,999,99
2021-02-16 14:00:00,-0.04,-3.07,80.05,88860.19,9999,9999,280.4,217.0,20.62,207.0,999999,999999,999999,9999,101,0.6,99,99,9999,99999,9,999999999,999,0.999,999,99,999,999,99
2021-02-16 15:00:00,0.02,-3.02,80.0,88798.44,9999,9999,280.2,161.0,12.57,156.0,999999,999999,999999,9999,105,0.8,99,99,9999,99999,9,999999999,999,0.999,999,99,999,999,99
2021-02-16 16:00:00,-0.06,-2.84,81.55,88780.8,9999,9999,282.0,115.0,21.97,109.0,999999,999999,999999,9999,114,0.8,99,99,9999,99999,9,999999999,999,0.999,999,99,999,999,99
2021-02-16 17:00:00,0.11,-3.27,78.0,88754.33,9999,9999,290.2,42.0,16.74,40.0,999999,999999,999999,9999,125,0.5,99,99,9999,99999,9,999999999,999,0.999,999,99,999,999,99
2021-02-16 18:00:00,0.01,-3.3,78.4,88763.15,9999,9999,286.2,0.0,-0.0,0.0,999999,999999,999999,9999,297,0.3,99,99,9999,99999,9,999999999,999,0.999,999,99,999,999,99
2021-02-16 19:00:00,-0.79,-3.36,82.75,88780.8,9999,9999,285.8,0.0,-0.0,0.0,999999,999999,999999,9999,314,0.8,99,99,9999,99999,9,999999999,999,0.999,999,99,999,999,99
2021-02-16 20:00:00,-1.3,-3.73,83.55,88771.97,9999,9999,285.4,0.0,-0.0,0.0,999999,999999,999999,9999,317,0.8,99,99,9999,99999,9,999999999,999,0.999,999,99,999,999,99
2021-02-16 21:00:00,-0.74,-3.75,80.05,88745.51,9999,9999,284.2,0.0,-0.0,0.0,999999,999999,999999,9999,319,0.7,99,99,9999,99999,9,999999999,999,0.999,999,99,999,999,99
2021-02-16 22:00:00,-0.59,-3.87,78.5,88745.51,9999,9999,280.8,0.0,-0.0,0.0,999999,999999,999999,9999,333,0.5,99,99,9999,99999,9,999999999,999,0.999,999,99,999,999,99
2021-02-16 23:00:00,-0.62,-3.9,78.45,88719.04,9999,9999,284.6,0.0,-0.0,0.0,999999,999999,999999,9999,327,0.4,99,99,9999,99999,9,999999999,999,0.999,999,99,999,999,99
2021-02-17 00:00:00,-0.73,-3.95,78.8,88754.33,9999,9999,285.4,0.0,-0.0,0.0,999999,999999,999999,9999,308,0.7,99,99,9999,99999,9,999999999,999,0.999,999,99,999,999,99
2021-02-17 01:00:00,-1.64,-4.23,82.5,88745.51,9999,9999,288.6,0.0,-0.0,0.0,999999,999999,999999,9999,311,0.9,99,99,9999,99999,9,999999999,999,0.999,999,99,999,999,99
2021-02-17 02:00:00,-1.88,-4.33,83.35,88719.04,9999,9999,288.8,0.0,-0.0,0.0,999999,999999,999999,9999,315,1.0,99,99,9999,99999,9,999999999,999,0.999,999,99,999,999,99
2021-02-17 03:00:00,-1.68,-4.31,82.25,88666.11,9999,9999,292.0,0.0,-0.0,0.0,999999,999999,999999,9999,315,0.9,99,99,9999,99999,9,999999999,999,0.999,999,99,999,999,99
2021-02-17 04:00:00,-1.48,-4.27,81.3,88604.36,9999,9999,292.8,0.0,-0.0,0.0,999999,999999,999999,9999,312,0.9,99,99,9999,99999,9,999999999,999,0.999,999,99,999,999,99
2021-02-17 05:00:00,-1.19,-4.19,80.05,88551.43,9999,9999,292.6,0.0,-0.0,0.0,999999,999999,999999,9999,312,0.8,99,99,9999,99999,9,999999999,999,0.999,999,99,999,999,99
2021-02-17 06:00:00,-1.04,-4.19,79.2,88524.97,9999,9999,290.0,0.0,-0.0,0.0,999999,999999,999999,9999,309,0.8,99,99,9999,99999,9,999999999,999,0.999,999,99,999,999,99
2021-02-17 07:00:00,-0.79,-4.22,77.55,88472.04,9999,9999,287.0,0.0,-0.0,0.0,999999,999999,999999,9999,303,0.8,99,99,9999,99999,9,999999999,999,0.999,999,99,999,999,99
2021-02-17 08:00:00,-2.24,-4.26,86.05,88463.22,9999,9999,286.2,33.0,9.5,32.0,999999,999999,999999,9999,303,1.0,99,99,9999,99999,9,999999999,999,0.999,999,99,999,999,99
2021-02-17 09:00:00,-0.82,-3.51,82.0,88480.86,9999,9999,283.4,148.0,106.96,120.0,999999,999999,999999,9999,303,0.7,99,99,9999,99999,9,999999999,999,0.999,999,99,999,999,99
2021-02-17 10:00:00,0.5,-2.64,79.5,88454.4,9999,9999,284.2,131.0,2.56,130.0,999999,999999,999999,9999,242,0.2,99,99,9999,99999,9,999999999,999,0.999,999,99,999,999,99
2021-02-17 11:00:00,0.7,-1.81,83.3,88516.15,9999,9999,293.6,82.0,0.0,82.0,999999,999999,999999,9999,186,0.4,99,99,9999,99999,9,999999999,999,0.999,999,99,999,999,99
2021-02-17 12:00:00,1.19,-1.46,82.5,88480.86,9999,9999,299.8,96.0,0.0,96.0,999999,999999,999999,9999,169,0.3,99,99,9999,99999,9,999999999,999,0.999,999,99,999,999,99
2021-02-17 13:00:00,1.37,-0.88,84.95,88436.75,9999,9999,302.2,155.0,0.0,155.0,999999,999999,999999,9999,119,0.3,99,99,9999,99999,9,999999999,999,0.999,999,99,999,999,99
2021-02-17 14:00:00,0.93,-0.53,90.0,88375.0,9999,9999,300.4,58.0,0.0,58.0,999999,999999,999999,9999,119,0.6,99,99,9999,99999,9,999999999,999,0.999,999,99,999,999,99
2021-02-17 15:00:00,0.99,-0.37,90.6,88366.18,9999,9999,288.8,96.0,0.0,96.0,999999,999999,999999,9999,120,0.8,99,99,9999,99999,9,999999999,999,0.999,999,99,999,999,99
2021-02-17 16:00:00,0.79,-0.26,92.7,88357.36,9999,9999,300.0,30.0,0.0,30.0,999999,999999,999999,9999,142,0.9,99,99,9999,99999,9,999999999,999,0.999,999,99,999,999,99
2021-02-17 17:00:00,0.44,-0.23,95.25,88348.54,9999,9999,304.4,8.0,0.0,8.0,999999,999999,999999,9999,163,0.7,99,99,9999,99999,9,999999999,999,0.999,999,99,999,999,99
2021-02-17 18:00:00,1.06,-0.03,92.4,88348.54,9999,9999,291.2,0.0,-0.0,0.0,999999,999999,999999,9999,130,0.2,99,99,9999,99999,9,999999999,999,0.999,999,99,999,999,99
2021-02-17 19:00:00,0.96,-0.22,91.85,88348.54,9999,9999,298.2,0.0,-0.0,0.0,999999,999999,999999,9999,160,0.3,99,99,9999,99999,9,999999999,999,0.999,999,99,999,999,99
2021-02-17 20:00:00,0.74,-0.15,93.75,88348.54,9999,9999,299.8,0.0,-0.0,0.0,999999,999999,999999,9999,166,0.2,99,99,9999,99999,9,999999999,999,0.999,999,99,999,999,99
2021-02-17 21:00:00,0.71,-0.11,94.25,88366.18,9999,9999,306.2,0.0,-0.0,0.0,999999,999999,999999,9999,194,0.4,99,99,9999,99999,9,999999999,999,0.999,999,99,999,999,99
2021-02-17 22:00:00,0.71,-0.15,93.95,88366.18,9999,9999,303.4,0.0,-0.0,0.0,999999,999999,999999,9999,192,0.3,99,99,9999,99999,9,999999999,999,0.999,999,99,999,999,99
2021-02-17 23:00:00,0.76,-0.2,93.3,88330.89,9999,9999,302.4,0.0,-0.0,0.0,999999,999999,999999,9999,206,0.3,99,99,9999,99999,9,999999999,999,0.999,999,99,999,999,99
2021-02-18 00:00:00,0.74,-0.22,93.3,88313.25,9999,9999,305.8,0.0,-0.0,0.0,999999,999999,999999,9999,221,0.5,99,99,9999,99999,9,999999999,999,0.999,999,99,999,999,99
2021-02-18 01:00:00,0.7,-0.27,93.2,88383.82,9999,9999,304.2,0.0,-0.0,0.0,999999,999999,999999,9999,225,0.5,99,99,9999,99999,9,999999999,999,0.999,999,99,999,999,99
2021-02-18 02:00:00,0.61,-0.41,92.85,88366.18,9999,9999,305.8,0.0,-0.0,0.0,999999,999999,999999,9999,246,0.4,99,99,9999,99999,9,999999999,999,0.999,999,99,999,999,99
2021-02-18 03:00:00,0.64,-0.62,91.3,88322.07,9999,9999,295.0,0.0,-0.0,0.0,999999,999999,999999,9999,240,0.3,99,99,9999,99999,9,999999999,999,0.999,999,99,999,999,99
2021-02-18 04:00:00,0.5,-0.77,91.2,88286.78,9999,9999,295.2,0.0,-0.0,0.0,999999,999999,999999,9999,227,0.4,99,99,9999,99999,9,999999999,999,0.999,999,99,999,999,99
2021-02-18 05:00:00,0.16,-1.04,91.65,88286.78,9999,9999,282.2,0.0,-0.0,0.0,999999,999999,999999,9999,245,0.6,99,99,9999,99999,9,999999999,999,0.999,999,99,999,999,99
2021-02-18 06:00:00,-0.36,-1.38,92.85,88322.07,9999,9999,287.6,0.0,-0.0,0.0,999999,999999,999999,9999,280,0.8,99,99,9999,99999,9,999999999,999,0.999,999,99,999,999,99
2021-02-18 07:00:00,-1.12,-2.17,92.55,88322.07,9999,9999,274.4,0.0,-0.0,0.0,999999,999999,999999,9999,284,1.0,99,99,9999,99999,9,999999999,999,0.999,999,99,999,999,99
2021-02-18 08:00:00,0.67,-1.97,82.5,88366.18,9999,9999,255.2,68.0,254.42,40.0,999999,999999,999999,9999,253,0.6,99,99,9999,99999,9,999999999,999,0.999,999,99,999,999,99
2021-02-18 09:00:00,0.95,-1.39,84.35,88445.57,9999,9999,241.0,253.0,753.6,52.0,999999,999999,999999,9999,272,0.5,99,99,9999,99999,9,999999999,999,0.999,999,99,999,999,99
2021-02-18 10:00:00,2.88,-0.79,76.8,88498.5,9999,9999,241.4,408.0,877.57,61.0,999999,999999,999999,9999,222,0.4,99,99,9999,99999,9,999999999,999,0.999,999,99,999,999,99
2021-02-18 11:00:00,3.1,-0.22,78.85,88524.97,9999,9999,244.2,259.0,53.35,233.0,999999,999999,999999,9999,175,0.7,99,99,9999,99999,9,999999999,999,0.999,999,99,999,999,99
2021-02-18 12:00:00,3.05,0.19,81.5,88516.15,9999,9999,240.6,550.0,792.46,125.0,999999,999999,999999,9999,154,1.0,99,99,9999,99999,9,999999999,999,0.999,999,99,999,999,99
2021-02-18 13:00:00,3.57,0.79,82.05,88507.32,9999,9999,248.0,551.0,781.21,130.0,999999,999999,999999,9999,145,1.2,99,99,9999,99999,9,999999999,999,0.999,999,99,999,999,99
2021-02-18 14:00:00,3.7,0.97,82.35,88498.5,9999,9999,249.4,479.0,662.64,151.0,999999,999999,999999,9999,149,1.4,99,99,9999,99999,9,999999999,999,0.999,999,99,999,999,99
2021-02-18 15:00:00,3.39,1.24,85.8,88472.04,9999,9999,253.0,397.0,718.93,104.0,999999,999999,999999,9999,144,1.1,99,99,9999,99999,9,999999999,999,0.999,999,99,999,999,99
2021-02-18 16:00:00,3.33,1.31,86.6,88472.04,9999,9999,252.6,172.0,141.57,132.0,999999,999999,999999,9999,142,1.0,99,99,9999,99999,9,999999999,999,0.999,999,99,999,999,99
2021-02-18 17:00:00,5.05,2.11,81.3,88524.97,9999,9999,249.2,92.0,412.52,39.0,999999,999999,999999,9999,130,0.7,99,99,9999,99999,9,999999999,999,0.999,999,99,999,999,99
2021-02-18 18:00:00,4.31,2.06,85.3,88577.9,9999,9999,255.8,0.0,-0.0,0.0,999999,999999,999999,9999,96,0.4,99,99,9999,99999,9,999999999,999,0.999,999,99,999,999,99
2021-02-18 19:00:00,3.77,1.7,86.35,88622.01,9999,9999,268.8,0.0,-0.0,0.0,999999,999999,999999,9999,43,0.5,99,99,9999,99999,9,999999999,999,0.999,999,99,999,999,99
2021-02-18 20:00:00,2.83,1.3,89.65,88683.76,9999,9999,259.8,0.0,-0.0,0.0,999999,999999,999999,9999,64,0.1,99,99,9999,99999,9,999999999,999,0.999,999,99,999,999,99
2021-02-18 21:00:00,2.92,1.1,87.85,88710.22,9999,9999,299.2,0.0,-0.0,0.0,999999,999999,999999,9999,35,0.4,99,99,9999,99999,9,999999999,999,0.999,999,99,999,999,99
2021-02-18 22:00:00,2.71,1.07,88.95,88727.87,9999,9999,291.8,0.0,-0.0,0.0,999999,999999,999999,9999,16,0.5,99,99,9999,99999,9,999999999,999,0.999,999,99,999,999,99
2021-02-18 23:00:00,2.65,0.89,88.15,88763.15,9999,9999,300.0,0.0,-0.0,0.0,999999,999999,999999,9999,358,0.6,99,99,9999,99999,9,999999999,999,0.999,999,99,999,999,99
2021-02-19 00:00:00,2.77,0.85,87.15,88727.87,9999,9999,311.0,0.0,-0.0,0.0,999999,999999,999999,9999,17,0.5,99,99,9999,99999,9,999999999,999,0.999,999,99,999,999,99
2021-02-19 01:00:00,2.81,0.95,87.55,88745.51,9999,9999,310.8,0.0,-0.0,0.0,999999,999999,999999,9999,41,0.4,99,99,9999,99999,9,999999999,999,0.999,999,99,999,999,99
2021-02-19 02:00:00,2.85,1.13,88.45,88666.11,9999,9999,314.85,0.0,-0.0,0.0,999999,999999,999999,9999,32,0.5,99,99,9999,99999,9,999999999,999,0.999,999,99,999,999,99
2021-02-19 03:00:00,2.8,1.17,89.0,88569.08,9999,9999,314.4,0.0,-0.0,0.0,999999,999999,999999,9999,34,0.5,99,99,9999,99999,9,999999999,999,0.999,999,99,999,999,99
2021-02-19 04:00:00,2.8,1.2,89.2,88392.64,9999,9999,316.2,0.0,-0.0,0.0,999999,999999,999999,9999,13,0.6,99,99,9999,99999,9,999999999,999,0.999,999,99,999,999,99
2021-02-19 05:00:00,1.85,0.73,92.25,88269.14,9999,9999,313.6,0.0,-0.0,0.0,999999,999999,999999,9999,348,0.8,99,99,9999,99999,9,999999999,999,0.999,999,99,999,999,99
2021-02-19 06:00:00,1.76,0.7,92.7,88180.92,9999,9999,314.2,0.0,-0.0,0.0,999999,999999,999999,9999,348,0.9,99,99,9999,99999,9,999999999,999,0.999,999,99,999,999,99
2021-02-19 07:00:00,1.75,0.55,91.75,88092.71,9999,9999,314.4,0.0,-0.0,0.0,999999,999999,999999,9999,349,1.0,99,99,9999,99999,9,999999999,999,0.999,999,99,999,999,99
2021-02-19 08:00:00,1.18,0.04,92.1,87969.21,9999,9999,311.2,24.0,0.0,24.0,999999,999999,999999,9999,353,1.5,99,99,9999,99999,9,999999999,999,0.999,999,99,999,999,99
2021-02-19 09:00:00,1.33,0.18,92.05,87925.1,9999,9999,313.6,50.0,0.0,50.0,999999,999999,999999,9999,355,1.4,99,99,9999,99999,9,999999999,999,0.999,999,99,999,999,99
2021-02-19 10:00:00,1.23,0.26,93.25,87880.99,9999,9999,313.6,66.0,0.0,66.0,999999,999999,999999,9999,328,0.9,99,99,9999,99999,9,999999999,999,0.999,999,99,999,999,99
2021-02-19 11:00:00,0.65,0.37,98.0,87792.77,9999,9999,314.8,79.0,0.0,79.0,999999,999999,999999,9999,301,0.9,99,99,9999,99999,9,999999999,999,0.999,999,99,999,999,99
2021-02-19 12:00:00,1.25,0.41,94.1,87766.31,9999,9999,313.6,81.0,0.0,81.0,999999,999999,999999,9999,306,1.0,99,99,9999,99999,9,999999999,999,0.999,999,99,999,999,99
2021-02-19 13:00:00,2.79,1.09,88.6,87660.45,9999,9999,314.0,149.0,0.0,149.0,999999,999999,999999,9999,300,0.8,99,99,9999,99999,9,999999999,999,0.999,999,99,999,999,99
2021-02-19 14:00:00,2.74,1.13,89.15,87536.95,9999,9999,312.4,200.0,8.0,196.0,999999,999999,999999,9999,294,0.8,99,99,9999,99999,9,999999999,999,0.999,999,99,999,999,99
2021-02-19 15:00:00,3.09,1.16,87.15,87431.09,9999,9999,314.0,83.0,0.0,83.0,999999,999999,999999,9999,287,0.9,99,99,9999,99999,9,999999999,999,0.999,999,99,999,999,99
2021-02-19 16:00:00,4.65,1.82,81.9,87351.69,9999,9999,315.4,218.0,337.68,121.0,999999,999999,999999,9999,275,0.7,99,99,9999,99999,9,999999999,999,0.999,999,99,999,999,99
2021-02-19 17:00:00,4.61,1.67,81.25,87316.41,9999,9999,313.0,57.0,52.64,50.0,999999,999999,999999,9999,233,0.8,99,99,9999,99999,9,999999999,999,0.999,999,99,999,999,99
2021-02-19 18:00:00,4.43,1.43,80.85,87316.41,9999,9999,299.2,0.0,-0.0,0.0,999999,999999,999999,9999,224,0.8,99,99,9999,99999,9,999999999,999,0.999,999,99,999,999,99
2021-02-19 19:00:00,3.73,0.62,80.1,87325.23,9999,9999,288.8,0.0,-0.0,0.0,999999,999999,999999,9999,247,0.9,99,99,9999,99999,9,999999999,999,0.999,999,99,999,999,99
2021-02-19 20:00:00,3.67,-0.28,75.4,87351.69,9999,9999,250.0,0.0,-0.0,0.0,999999,999999,999999,9999,270,1.1,99,99,9999,99999,9,999999999,999,0.999,999,99,999,999,99
2021-02-19 21:00:00,2.37,-1.57,75.2,87378.16,9999,9999,244.8,0.0,-0.0,0.0,999999,999999,999999,9999,280,1.3,99,99,9999,99999,9,999999999,999,0.999,999,99,999,999,99
2021-02-19 22:00:00,1.1,-2.96,74.35,87386.98,9999,9999,241.8,0.0,-0.0,0.0,999999,999999,999999,9999,296,1.6,99,99,9999,99999,9,999999999,999,0.999,999,99,999,999,99
2021-02-19 23:00:00,-0.56,-4.62,74.0,87422.27,9999,9999,236.8,0.0,-0.0,0.0,999999,999999,999999,9999,304,1.9,99,99,9999,99999,9,999999999,999,0.999,999,99,999,999,99
2021-02-20 00:00:00,-2.42,-6.13,75.65,87448.73,9999,9999,235.6,0.0,-0.0,0.0,999999,999999,999999,9999,310,2.2,99,99,9999,99999,9,999999999,999,0.999,999,99,999,999,99
2021-02-20 01:00:00,-3.19,-6.22,79.6,87510.48,9999,9999,247.6,0.0,-0.0,0.0,999999,999999,999999,9999,313,2.2,99,99,9999,99999,9,999999999,999,0.999,999,99,999,999,99
2021-02-20 02:00:00,-2.85,-5.75,80.4,87528.12,9999,9999,259.6,0.0,-0.0,0.0,999999,999999,999999,9999,314,2.1,99,99,9999,99999,9,999999999,999,0.999,999,99,999,999,99
2021-02-20 03:00:00,-2.58,-5.66,79.35,87554.59,9999,9999,264.4,0.0,-0.0,0.0,999999,999999,999999,9999,315,2.1,99,99,9999,99999,9,999999999,999,0.999,999,99,999,999,99
2021-02-20 04:00:00,-1.9,-5.45,76.7,87545.77,9999,9999,276.2,0.0,-0.0,0.0,999999,999999,999999,9999,315,2.1,99,99,9999,99999,9,999999999,999,0.999,999,99,999,999,99
2021-02-20 05:00:00,-1.57,-5.44,74.9,87536.95,9999,9999,279.6,0.0,-0.0,0.0,999999,999999,999999,9999,313,2.0,99,99,9999,99999,9,999999999,999,0.999,999,99,999,999,99
2021-02-20 06:00:00,-1.57,-5.56,74.25,87598.7,9999,9999,276.2,0.0,-0.0,0.0,999999,999999,999999,9999,311,2.0,99,99,9999,99999,9,999999999,999,0.999,999,99,999,999,99
2021-02-20 07:00:00,-2.0,-6.1,73.55,87642.81,9999,9999,265.4,0.0,-0.0,0.0,999999,999999,999999,9999,310,2.1,99,99,9999,99999,9,999999999,999,0.999,999,99,999,999,99
2021-02-20 08:00:00,-1.35,-5.99,70.7,87722.2,9999,9999,271.4,66.0,158.63,47.0,999999,999999,999999,9999,308,2.0,99,99,9999,99999,9,999999999,999,0.999,999,99,999,999,99
2021-02-20 09:00:00,-1.17,-5.75,71.05,87801.6,9999,9999,234.8,265.0,762.35,54.0,999999,999999,999999,9999,312,1.8,99,99,9999,99999,9,999999999,999,0.999,999,99,999,999,99
2021-02-20 10:00:00,0.44,-5.24,65.7,87854.52,9999,9999,221.4,413.0,835.57,74.0,999999,999999,999999,9999,310,1.6,99,99,9999,99999,9,999999999,999,0.999,999,99,999,999,99
2021-02-20 11:00:00,1.58,-6.81,53.7,87766.31,9999,9999,209.8,528.0,903.99,78.0,999999,999999,999999,9999,306,1.7,99,99,9999,99999,9,999999999,999,0.999,999,99,999,999,99
2021-02-20 12:00:00,2.88,-6.45,50.3,87819.24,9999,9999,214.4,601.0,998.62,55.0,999999,999999,999999,9999,305,1.8,99,99,9999,99999,9,999999999,999,0.999,999,99,999,999,99
2021-02-20 13:00:00,2.89,-6.43,50.35,87854.52,9999,9999,206.2,601.0,981.33,62.0,999999,999999,999999,9999,301,1.7,99,99,9999,99999,9,999999999,999,0.999,999,99,999,999,99
2021-02-20 14:00:00,3.07,-6.62,49.0,87863.35,9999,9999,206.6,536.0,906.71,78.0,999999,999999,999999,9999,300,1.7,99,99,9999,99999,9,999999999,999,0.999,999,99,999,999,99
2021-02-20 15:00:00,3.05,-7.22,46.85,87907.45,9999,9999,209.0,434.0,888.91,63.0,999999,999999,999999,9999,297,1.7,99,99,9999,99999,9,999999999,999,0.999,999,99,999,999,99
2021-02-20 16:00:00,2.42,-6.64,51.25,87942.74,9999,9999,209.2,275.0,719.27,65.0,999999,999999,999999,9999,292,1.5,99,99,9999,99999,9,999999999,999,0.999,999,99,999,999,99
2021-02-20 17:00:00,1.48,-6.34,56.05,88022.14,9999,9999,206.8,109.0,545.59,34.0,999999,999999,999999,9999,270,1.2,99,99,9999,99999,9,999999999,999,0.999,999,99,999,999,99
2021-02-20 18:00:00,1.64,-10.39,40.45,88092.71,9999,9999,207.4,0.0,-0.0,0.0,999999,999999,999999,9999,262,1.2,99,99,9999,99999,9,999999999,999,0.999,999,99,999,999,99
2021-02-20 19:00:00,2.6,-12.01,33.2,88189.75,9999,9999,206.4,0.0,-0.0,0.0,999999,999999,999999,9999,277,1.3,99,99,9999,99999,9,999999999,999,0.999,999,99,999,999,99
2021-02-20 20:00:00,2.33,-11.52,35.2,88277.96,9999,9999,204.6,0.0,-0.0,0.0,999999,999999,999999,9999,285,1.4,99,99,9999,99999,9,999999999,999,0.999,999,99,999,999,99
2021-02-20 21:00:00,1.36,-11.1,39.0,88375.0,9999,9999,201.6,0.0,-0.0,0.0,999999,999999,999999,9999,294,1.5,99,99,9999,99999,9,999999999,999,0.999,999,99,999,999,99
2021-02-20 22:00:00,-1.7,-10.9,49.5,88445.57,9999,9999,201.6,0.0,-0.0,0.0,999999,999999,999999,9999,301,1.8,99,99,9999,99999,9,999999999,999,0.999,999,99,999,999,99
2021-02-20 23:00:00,-5.28,-10.75,65.4,88516.15,9999,9999,200.0,0.0,-0.0,0.0,999999,999999,999999,9999,305,2.1,99,99,9999,99999,9,999999999,999,0.999,999,99,999,999,99
2021-02-21 00:00:00,-6.93,-10.35,76.6,88613.18,9999,9999,198.6,0.0,-0.0,0.0,999999,999999,999999,9999,305,2.1,99,99,9999,99999,9,999999999,999,0.999,999,99,999,999,99
2021-02-21 01:00:00,-6.97,-10.19,77.8,88657.29,9999,9999,205.4,0.0,-0.0,0.0,999999,999999,999999,9999,307,2.1,99,99,9999,99999,9,999999999,999,0.999,999,99,999,999,99
2021-02-21 02:00:00,-6.85,-10.39,75.9,88727.87,9999,9999,218.2,0.0,-0.0,0.0,999999,999999,999999,9999,309,2.2,99,99,9999,99999,9,999999999,999,0.999,999,99,999,999,99
2021-02-21 03:00:00,-7.22,-10.73,76.0,88763.15,9999,9999,236.0,0.0,-0.0,0.0,999999,999999,999999,9999,312,2.3,99,99,9999,99999,9,999999999,999,0.999,999,99,999,999,99
2021-02-21 04:00:00,-7.49,-11.06,75.6,88780.8,9999,9999,233.0,0.0,-0.0,0.0,999999,999999,999999,9999,314,2.3,99,99,9999,99999,9,999999999,999,0.999,999,99,999,999,99
2021-02-21 05:00:00,-7.73,-11.27,75.75,88816.08,9999,9999,236.8,0.0,-0.0,0.0,999999,999999,999999,9999,314,2.3,99,99,9999,99999,9,999999999,999,0.999,999,99,999,999,99
2021-02-21 06:00:00,-7.59,-11.33,74.55,88807.26,9999,9999,233.0,0.0,-0.0,0.0,999999,999999,999999,9999,314,2.1,99,99,9999,99999,9,999999999,999,0.999,999,99,999,999,99
2021-02-21 07:00:00,-7.73,-11.73,73.0,88816.08,9999,9999,225.0,0.0,-0.0,0.0,999999,999999,999999,9999,315,2.0,99,99,9999,99999,9,999999999,999,0.999,999,99,999,999,99
2021-02-21 08:00:00,-7.02,-11.36,71.15,88798.44,9999,9999,198.2,99.0,577.21,27.0,999999,999999,999999,9999,321,1.9,99,99,9999,99999,9,999999999,999,0.999,999,99,999,999,99
2021-02-21 09:00:00,-3.61,-8.64,68.1,88869.01,9999,9999,201.4,270.0,766.26,54.0,999999,999999,999999,9999,320,1.2,99,99,9999,99999,9,999999999,999,0.999,999,99,999,999,99
2021-02-21 10:00:00,-0.24,-7.65,57.4,88904.3,9999,9999,205.8,426.0,885.8,62.0,999999,999999,999999,9999,338,0.3,99,99,9999,99999,9,999999999,999,0.999,999,99,999,999,99
2021-02-21 11:00:00,2.67,-7.07,48.7,88974.87,9999,9999,208.4,543.0,958.12,61.0,999999,999999,999999,9999,91,0.3,99,99,9999,99999,9,999999999,999,0.999,999,99,999,999,99
2021-02-21 12:00:00,2.26,-3.7,64.75,88966.05,9999,9999,211.6,585.0,878.59,100.0,999999,999999,999999,9999,94,1.0,99,99,9999,99999,9,999999999,999,0.999,999,99,999,999,99
2021-02-21 13:00:00,2.73,-4.19,60.35,88921.94,9999,9999,214.8,601.0,948.69,75.0,999999,999999,999999,9999,100,1.2,99,99,9999,99999,9,999999999,999,0.999,999,99,999,999,99
2021-02-21 14:00:00,2.78,-4.25,59.85,88851.37,9999,9999,233.6,545.0,927.09,72.0,999999,999999,999999,9999,107,1.4,99,99,9999,99999,9,999999999,999,0.999,999,99,999,999,99
2021-02-21 15:00:00,2.55,-4.04,61.8,88833.72,9999,9999,235.4,437.0,876.2,67.0,999999,999999,999999,9999,102,1.4,99,99,9999,99999,9,999999999,999,0.999,999,99,999,999,99
2021-02-21 16:00:00,2.1,-3.91,64.45,88842.55,9999,9999,247.8,204.0,225.84,137.0,999999,999999,999999,9999,91,1.4,99,99,9999,99999,9,999999999,999,0.999,999,99,999,999,99
2021-02-21 17:00:00,1.13,-3.18,72.95,88860.19,9999,9999,262.0,56.0,35.22,51.0,999999,999999,999999,9999,91,1.2,99,99,9999,99999,9,999999999,999,0.999,999,99,999,999,99
2021-02-21 18:00:00,0.94,-3.71,71.1,88877.83,9999,9999,274.0,0.0,-0.0,0.0,999999,999999,999999,9999,58,0.9,99,99,9999,99999,9,999999999,999,0.999,999,99,999,999,99
2021-02-21 19:00:00,1.37,-4.11,66.9,88913.12,9999,9999,288.6,0.0,-0.0,0.0,999999,999999,999999,9999,20,0.9,99,99,9999,99999,9,999999999,999,0.999,999,99,999,999,99
2021-02-21 20:00:00,0.61,-3.27,75.25,88957.23,9999,9999,293.2,0.0,-0.0,0.0,999999,999999,999999,9999,17,0.8,99,99,9999,99999,9,999999999,999,0.999,999,99,999,999,99
2021-02-21 21:00:00,0.38,-3.21,76.85,88948.41,9999,9999,284.8,0.0,-0.0,0.0,999999,999999,999999,9999,3,0.8,99,99,9999,99999,9,999999999,999,0.999,999,99,999,999,99
2021-02-21 22:00:00,0.09,-2.83,80.75,88966.05,9999,9999,297.6,0.0,-0.0,0.0,999999,999999,999999,9999,345,0.8,99,99,9999,99999,9,999999999,999,0.999,999,99,999,999,99
2021-02-21 23:00:00,-0.3,-2.59,84.55,88939.58,9999,9999,295.0,0.0,-0.0,0.0,999999,999999,999999,9999,334,0.8,99,99,9999,99999,9,999999999,999,0.999,999,99,999,999,99
2021-02-22 00:00:00,-0.43,-2.3,87.2,88948.41,9999,9999,293.8,0.0,-0.0,0.0,999999,999999,999999,9999,327,0.8,99,99,9999,99999,9,999999999,999,0.999,999,99,999,999,99
2021-02-22 01:00:00,-0.32,-2.19,87.2,88948.41,9999,9999,298.2,0.0,-0.0,0.0,999999,999999,999999,9999,333,0.8,99,99,9999,99999,9,999999999,999,0.999,999,99,999,999,99
2021-02-22 02:00:00,-0.21,-2.21,86.35,88921.94,9999,9999,300.2,0.0,-0.0,0.0,999999,999999,999999,9999,347,0.7,99,99,9999,99999,9,999999999,999,0.999,999,99,999,999,99
2021-02-22 03:00:00,0.3,-1.92,85.05,88913.12,9999,9999,297.0,0.0,-0.0,0.0,999999,999999,999999,9999,11,0.4,99,99,9999,99999,9,999999999,999,0.999,999,99,999,999,99
2021-02-22 04:00:00,0.27,-1.69,86.65,88895.48,9999,9999,292.0,0.0,-0.0,0.0,999999,999999,999999,9999,28,0.3,99,99,9999,99999,9,999999999,999,0.999,999,99,999,999,99
2021-02-22 05:00:00,0.1,-1.82,86.9,88833.72,9999,9999,278.6,0.0,-0.0,0.0,999999,999999,999999,9999,24,0.3,99,99,9999,99999,9,999999999,999,0.999,999,99,999,999,99
2021-02-22 06:00:00,0.07,-1.58,88.65,88833.72,9999,9999,288.2,0.0,-0.0,0.0,999999,999999,999999,9999,36,0.2,99,99,9999,99999,9,999999999,999,0.999,999,99,999,999,99
2021-02-22 07:00:00,0.07,-1.38,90.0,88842.55,9999,9999,290.0,0.0,-0.0,0.0,999999,999999,999999,9999,62,0.1,99,99,9999,99999,9,999999999,999,0.999,999,99,999,999,99
2021-02-22 08:00:00,-0.01,-1.14,92.1,88851.37,9999,9999,294.2,53.0,38.53,48.0,999999,999999,999999,9999,57,0.3,99,99,9999,99999,9,999999999,999,0.999,999,99,999,999,99
2021-02-22 09:00:00,0.37,-1.39,88.0,88877.83,9999,9999,289.0,92.0,3.48,91.0,999999,999999,999999,9999,73,0.4,99,99,9999,99999,9,999999999,999,0.999,999,99,999,999,99
2021-02-22 10:00:00,0.24,-1.39,88.8,88860.19,9999,9999,285.8,86.0,0.0,86.0,999999,999999,999999,9999,100,0.7,99,99,9999,99999,9,999999999,999,0.999,999,99,999,999,99
2021-02-22 11:00:00,1.26,-0.86,85.8,88869.01,9999,9999,270.4,207.0,9.84,202.0,999999,999999,999999,9999,115,1.0,99,99,9999,99999,9,999999999,999,0.999,999,99,999,999,99
2021-02-22 12:00:00,1.12,-0.72,87.5,88895.48,9999,9999,290.2,143.0,0.0,143.0,999999,999999,999999,9999,117,1.0,99,99,9999,99999,9,999999999,999,0.999,999,99,999,999,99
2021-02-22 13:00:00,2.31,-0.82,79.8,88904.3,9999,9999,289.0,209.0,3.57,207.0,999999,999999,999999,9999,118,1.0,99,99,9999,99999,9,999999999,999,0.999,999,99,999,999,99
2021-02-22 14:00:00,2.33,-0.64,80.75,88833.72,9999,9999,300.8,86.0,0.0,86.0,999999,999999,999999,9999,128,1.0,99,99,9999,99999,9,999999999,999,0.999,999,99,999,999,99
2021-02-22 15:00:00,2.32,0.03,84.85,88807.26,9999,9999,295.8,81.0,0.0,81.0,999999,999999,999999,9999,128,1.0,99,99,9999,99999,9,999999999,999,0.999,999,99,999,999,99
2021-02-22 16:00:00,2.17,0.14,86.4,88780.8,9999,9999,288.0,78.0,0.0,78.0,999999,999999,999999,9999,127,1.0,99,99,9999,99999,9,999999999,999,0.999,999,99,999,999,99
2021-02-22 17:00:00,1.93,0.31,89.0,88780.8,9999,9999,300.6,44.0,6.83,43.0,999999,999999,999999,9999,122,0.8,99,99,9999,99999,9,999999999,999,0.999,999,99,999,999,99
2021-02-22 18:00:00,1.07,0.31,94.65,88789.62,9999,9999,296.6,0.0,-0.0,0.0,999999,999999,999999,9999,125,0.7,99,99,9999,99999,9,999999999,999,0.999,999,99,999,999,99
2021-02-22 19:00:00,1.5,0.15,90.75,88816.08,9999,9999,294.6,0.0,-0.0,0.0,999999,999999,999999,9999,102,0.3,99,99,9999,99999,9,999999999,999,0.999,999,99,999,999,99
2021-02-22 20:00:00,0.67,-0.56,91.45,88798.44,9999,9999,288.2,0.0,-0.0,0.0,999999,999999,999999,9999,54,0.3,99,99,9999,99999,9,999999999,999,0.999,999,99,999,999,99
2021-02-22 21:00:00,0.56,-0.59,92.0,88789.62,9999,9999,286.0,0.0,-0.0,0.0,999999,999999,999999,9999,90,0.3,99,99,9999,99999,9,999999999,999,0.999,999,99,999,999,99
2021-02-22 22:00:00,0.55,-0.53,92.45,88763.15,9999,9999,289.2,0.0,-0.0,0.0,999999,999999,999999,9999,128,0.3,99,99,9999,99999,9,999999999,999,0.999,999,99,999,999,99
2021-02-22 23:00:00,0.72,-0.73,90.05,88780.8,9999,9999,296.6,0.0,-0.0,0.0,999999,999999,999999,9999,140,0.2,99,99,9999,99999,9,999999999,999,0.999,999,99,999,999,99
2021-02-23 00:00:00,0.79,-0.86,88.75,88754.33,9999,9999,299.8,0.0,-0.0,0.0,999999,999999,999999,9999,48,0.1,99,99,9999,99999,9,999999999,999,0.999,999,99,999,999,99
2021-02-23 01:00:00,0.75,-0.94,88.45,88745.51,9999,9999,296.8,0.0,-0.0,0.0,999999,999999,999999,9999,91,0.2,99,99,9999,99999,9,999999999,999,0.999,999,99,999,999,99
2021-02-23 02:00:00,0.46,-1.14,89.0,88683.76,9999,9999,281.0,0.0,-0.0,0.0,999999,999999,999999,9999,108,0.3,99,99,9999,99999,9,999999999,999,0.999,999,99,999,999,99
2021-02-23 03:00:00,0.23,-1.19,90.2,88639.65,9999,9999,279.0,0.0,-0.0,0.0,999999,999999,999999,9999,180,0.2,99,99,9999,99999,9,999999999,999,0.999,999,99,999,999,99
2021-02-23 04:00:00,-0.01,-1.3,91.0,88586.72,9999,9999,273.6,0.0,-0.0,0.0,999999,999999,999999,9999,186,0.2,99,99,9999,99999,9,999999999,999,0.999,999,99,999,999,99
2021-02-23 05:00:00,-0.25,-1.66,90.2,88560.25,9999,9999,260.6,0.0,-0.0,0.0,999999,999999,999999,9999,240,0.2,99,99,9999,99999,9,999999999,999,0.999,999,99,999,999,99
2021-02-23 06:00:00,-0.51,-1.93,90.1,88569.08,9999,9999,252.2,0.0,-0.0,0.0,999999,999999,999999,9999,263,0.2,99,99,9999,99999,9,999999999,999,0.999,999,99,999,999,99
2021-02-23 07:00:00,-0.7,-1.93,91.4,88560.25,9999,9999,257.4,0.0,-0.0,0.0,999999,999999,999999,9999,268,0.3,99,99,9999,99999,9,999999999,999,0.999,999,99,999,999,99
2021-02-23 08:00:00,0.21,-1.5,88.25,88569.08,9999,9999,261.0,104.0,504.27,36.0,999999,999999,999999,9999,276,0.3,99,99,9999,99999,9,999999999,999,0.999,999,99,999,999,99
2021-02-23 09:00:00,0.69,-0.98,88.55,88577.9,9999,9999,260.0,237.0,420.83,114.0,999999,999999,999999,9999,256,0.2,99,99,9999,99999,9,999999999,999,0.999,999,99,999,999,99
2021-02-23 10:00:00,2.19,-0.89,80.05,88604.36,9999,9999,268.4,209.0,40.33,192.0,999999,999999,999999,9999,172,0.5,99,99,9999,99999,9,999999999,999,0.999,999,99,999,999,99
2021-02-23 11:00:00,3.05,-0.31,78.6,88639.65,9999,9999,256.4,529.0,811.75,112.0,999999,999999,999999,9999,167,0.6,99,99,9999,99999,9,999999999,999,0.999,999,99,999,999,99
2021-02-23 12:00:00,4.33,0.38,75.5,88595.54,9999,9999,262.8,601.0,899.38,95.0,999999,999999,999999,9999,159,0.8,99,99,9999,99999,9,999999999,999,0.999,999,99,999,999,99
2021-02-23 13:00:00,4.97,1.05,75.75,88533.79,9999,9999,260.2,430.0,262.0,282.0,999999,999999,999999,9999,157,1.1,99,99,9999,99999,9,999999999,999,0.999,999,99,999,999,99
2021-02-23 14:00:00,5.71,1.32,73.4,88498.5,9999,9999,267.4,337.0,138.36,265.0,999999,999999,999999,9999,156,1.2,99,99,9999,99999,9,999999999,999,0.999,999,99,999,999,99
2021-02-23 15:00:00,3.57,1.05,83.6,88472.04,9999,9999,266.6,173.0,9.26,169.0,999999,999999,999999,9999,152,1.2,99,99,9999,99999,9,999999999,999,0.999,999,99,999,999,99
2021-02-23 16:00:00,3.06,0.92,85.85,88480.86,9999,9999,264.0,102.0,3.27,101.0,999999,999999,999999,9999,151,1.1,99,99,9999,99999,9,999999999,999,0.999,999,99,999,999,99
2021-02-23 17:00:00,3.17,0.85,84.75,88480.86,9999,9999,260.4,75.0,86.13,62.0,999999,999999,999999,9999,143,1.0,99,99,9999,99999,9,999999999,999,0.999,999,99,999,999,99
2021-02-23 18:00:00,4.23,1.44,82.05,88489.68,9999,9999,269.0,0.0,-0.0,0.0,999999,999999,999999,9999,153,0.6,99,99,9999,99999,9,999999999,999,0.999,999,99,999,999,99
2021-02-23 19:00:00,3.94,1.28,82.8,88542.61,9999,9999,264.6,0.0,-0.0,0.0,999999,999999,999999,9999,176,0.3,99,99,9999,99999,9,999999999,999,0.999,999,99,999,999,99
2021-02-23 20:00:00,3.36,1.23,85.95,88569.08,9999,9999,271.0,0.0,-0.0,0.0,999999,999999,999999,9999,206,0.7,99,99,9999,99999,9,999999999,999,0.999,999,99,999,999,99
2021-02-23 21:00:00,3.14,0.89,85.15,88577.9,9999,9999,273.4,0.0,-0.0,0.0,999999,999999,999999,9999,240,0.8,99,99,9999,99999,9,999999999,999,0.999,999,99,999,999,99
2021-02-23 22:00:00,2.96,0.37,83.1,88551.43,9999,9999,266.8,0.0,-0.0,0.0,999999,999999,999999,9999,265,0.8,99,99,9999,99999,9,999999999,999,0.999,999,99,999,999,99
2021-02-23 23:00:00,2.7,-0.18,81.35,88577.9,9999,9999,261.4,0.0,-0.0,0.0,999999,999999,999999,9999,251,0.5,99,99,9999,99999,9,999999999,999,0.999,999,99,999,999,99
2021-02-24 00:00:00,2.32,-0.68,80.55,88586.72,9999,9999,251.2,0.0,-0.0,0.0,999999,999999,999999,9999,254,0.6,99,99,9999,99999,9,999999999,999,0.999,999,99,999,999,99
2021-02-24 01:00:00,1.99,-1.16,79.65,88613.18,9999,9999,236.2,0.0,-0.0,0.0,999999,999999,999999,9999,278,0.8,99,99,9999,99999,9,999999999,999,0.999,999,99,999,999,99
2021-02-24 02:00:00,1.44,-1.52,80.7,88604.36,9999,9999,243.2,0.0,-0.0,0.0,999999,999999,999999,9999,291,0.9,99,99,9999,99999,9,999999999,999,0.999,999,99,999,999,99
2021-02-24 03:00:00,0.74,-1.64,84.1,88560.25,9999,9999,234.6,0.0,-0.0,0.0,999999,999999,999999,9999,292,0.9,99,99,9999,99999,9,999999999,999,0.999,999,99,999,999,99
2021-02-24 04:00:00,-0.27,-1.73,89.85,88516.15,9999,9999,237.0,0.0,-0.0,0.0,999999,999999,999999,9999,303,1.2,99,99,9999,99999,9,999999999,999,0.999,999,99,999,999,99
2021-02-24 05:00:00,-2.0,-2.89,93.6,88524.97,9999,9999,247.4,0.0,-0.0,0.0,999999,999999,999999,9999,318,1.5,99,99,9999,99999,9,999999999,999,0.999,999,99,999,999,99
2021-02-24 06:00:00,-3.03,-3.72,94.95,88533.79,9999,9999,244.4,0.0,-0.0,0.0,999999,999999,999999,9999,322,1.7,99,99,9999,99999,9,999999999,999,0.999,999,99,999,999,99
2021-02-24 07:00:00,-3.29,-3.96,95.15,88533.79,9999,9999,253.4,0.0,-0.0,0.0,999999,999999,999999,9999,317,1.8,99,99,9999,99999,9,999999999,999,0.999,999,99,999,999,99
2021-02-24 08:00:00,-2.24,-3.61,90.35,88524.97,9999,9999,270.8,59.0,42.86,53.0,999999,999999,999999,9999,314,1.7,99,99,9999,99999,9,999999999,999,0.999,999,99,999,999,99
2021-02-24 09:00:00,-0.36,-1.88,89.5,88613.18,9999,9999,282.0,37.0,0.0,37.0,999999,999999,999999,9999,311,1.2,99,99,9999,99999,9,999999999,999,0.999,999,99,999,999,99
2021-02-24 10:00:00,1.93,-1.05,80.6,88630.83,9999,9999,281.4,230.0,65.6,202.0,999999,999999,999999,9999,318,0.8,99,99,9999,99999,9,999999999,999,0.999,999,99,999,999,99
2021-02-24 11:00:00,3.77,-0.76,72.3,88683.76,9999,9999,291.2,559.0,947.86,67.0,999999,999999,999999,9999,331,0.6,99,99,9999,99999,9,999999999,999,0.999,999,99,999,999,99
2021-02-24 12:00:00,5.62,-0.69,63.85,88657.29,9999,9999,283.0,633.0,1044.14,40.0,999999,999999,999999,9999,58,0.1,99,99,9999,99999,9,999999999,999,0.999,999,99,999,999,99
2021-02-24 13:00:00,6.7,0.45,64.4,88586.72,9999,9999,258.0,636.0,1045.41,40.0,999999,999999,999999,9999,123,0.8,99,99,9999,99999,9,999999999,999,0.999,999,99,999,999,99
2021-02-24 14:00:00,6.35,1.45,70.9,88533.79,9999,9999,256.0,561.0,915.4,80.0,999999,999999,999999,9999,138,1.3,99,99,9999,99999,9,999999999,999,0.999,999,99,999,999,99
2021-02-24 15:00:00,6.28,2.0,74.05,88569.08,9999,9999,247.6,462.0,933.63,54.0,999999,999999,999999,9999,141,1.2,99,99,9999,99999,9,999999999,999,0.999,999,99,999,999,99
2021-02-24 16:00:00,5.2,1.6,77.55,88595.54,9999,9999,245.4,308.0,836.58,48.0,999999,999999,999999,9999,140,0.8,99,99,9999,99999,9,999999999,999,0.999,999,99,999,999,99
2021-02-24 17:00:00,6.13,2.08,75.25,88639.65,9999,9999,252.6,64.0,38.61,58.0,999999,999999,999999,9999,159,0.6,99,99,9999,99999,9,999999999,999,0.999,999,99,999,999,99
2021-02-24 18:00:00,5.52,2.01,78.1,88674.94,9999,9999,252.0,0.0,-0.0,0.0,999999,999999,999999,9999,211,0.6,99,99,9999,99999,9,999999999,999,0.999,999,99,999,999,99
2021-02-24 19:00:00,5.06,1.59,78.3,88719.04,9999,9999,255.4,0.0,-0.0,0.0,999999,999999,999999,9999,282,0.7,99,99,9999,99999,9,999999999,999,0.999,999,99,999,999,99
2021-02-24 20:00:00,5.05,0.85,74.3,88745.51,9999,9999,263.6,0.0,-0.0,0.0,999999,999999,999999,9999,290,0.8,99,99,9999,99999,9,999999999,999,0.999,999,99,999,999,99
2021-02-24 21:00:00,4.86,0.41,72.9,88754.33,9999,9999,260.8,0.0,-0.0,0.0,999999,999999,999999,9999,306,0.6,99,99,9999,99999,9,999999999,999,0.999,999,99,999,999,99
2021-02-24 22:00:00,4.47,0.03,72.9,88780.8,9999,9999,249.4,0.0,-0.0,0.0,999999,999999,999999,9999,300,0.5,99,99,9999,99999,9,999999999,999,0.999,999,99,999,999,99
2021-02-24 23:00:00,4.28,-0.33,71.95,88851.37,9999,9999,245.8,0.0,-0.0,0.0,999999,999999,999999,9999,340,0.6,99,99,9999,99999,9,999999999,999,0.999,999,99,999,999,99
2021-02-25 00:00:00,3.76,-0.85,71.85,88851.37,9999,9999,254.2,0.0,-0.0,0.0,999999,999999,999999,9999,345,0.6,99,99,9999,99999,9,999999999,999,0.999,999,99,999,999,99
2021-02-25 01:00:00,2.82,-1.26,74.5,88877.83,9999,9999,252.4,0.0,-0.0,0.0,999999,999999,999999,9999,349,0.6,99,99,9999,99999,9,999999999,999,0.999,999,99,999,999,99
2021-02-25 02:00:00,1.83,-1.46,78.8,88860.19,9999,9999,266.2,0.0,-0.0,0.0,999999,999999,999999,9999,335,1.1,99,99,9999,99999,9,999999999,999,0.999,999,99,999,999,99
2021-02-25 03:00:00,0.41,-2.29,82.1,88824.9,9999,9999,281.6,0.0,-0.0,0.0,999999,999999,999999,9999,332,1.4,99,99,9999,99999,9,999999999,999,0.999,999,99,999,999,99
2021-02-25 04:00:00,-0.18,-2.7,83.1,88816.08,9999,9999,282.6,0.0,-0.0,0.0,999999,999999,999999,9999,321,1.6,99,99,9999,99999,9,999999999,999,0.999,999,99,999,999,99
2021-02-25 05:00:00,-0.6,-3.28,82.1,88807.26,9999,9999,268.2,0.0,-0.0,0.0,999999,999999,999999,9999,313,1.6,99,99,9999,99999,9,999999999,999,0.999,999,99,999,999,99
2021-02-25 06:00:00,-1.68,-4.05,83.85,88816.08,9999,9999,261.0,0.0,-0.0,0.0,999999,999999,999999,9999,318,1.9,99,99,9999,99999,9,999999999,999,0.999,999,99,999,999,99
2021-02-25 07:00:00,-2.65,-4.87,84.7,88798.44,9999,9999,243.6,0.0,-0.0,0.0,999999,999999,999999,9999,317,1.9,99,99,9999,99999,9,999999999,999,0.999,999,99,999,999,99
2021-02-25 08:00:00,-2.3,-4.2,86.8,88833.72,9999,9999,245.0,100.0,323.71,53.0,999999,999999,999999,9999,318,1.4,99,99,9999,99999,9,999999999,999,0.999,999,99,999,999,99
2021-02-25 09:00:00,0.51,-2.16,82.3,88860.19,9999,9999,253.8,299.0,828.75,48.0,999999,999999,999999,9999,319,1.0,99,99,9999,99999,9,999999999,999,0.999,999,99,999,999,99
2021-02-25 10:00:00,4.64,-1.47,64.55,88921.94,9999,9999,253.4,444.0,849.1,77.0,999999,999999,999999,9999,199,0.1,99,99,9999,99999,9,999999999,999,0.999,999,99,999,999,99
2021-02-25 11:00:00,5.89,-0.67,62.75,88913.12,9999,9999,265.6,550.0,865.66,96.0,999999,999999,999999,9999,143,0.9,99,99,9999,99999,9,999999999,999,0.999,999,99,999,999,99
2021-02-25 12:00:00,5.64,0.58,69.9,88895.48,9999,9999,272.4,633.0,1010.0,54.0,999999,999999,999999,9999,133,0.8,99,99,9999,99999,9,999999999,999,0.999,999,99,999,999,99
2021-02-25 13:00:00,6.73,1.6,69.8,88842.55,9999,9999,274.0,589.0,776.93,142.0,999999,999999,999999,9999,130,0.9,99,99,9999,99999,9,999999999,999,0.999,999,99,999,999,99
2021-02-25 14:00:00,6.84,1.89,70.7,88807.26,9999,9999,282.6,457.0,429.75,229.0,999999,999999,999999,9999,122,1.0,99,99,9999,99999,9,999999999,999,0.999,999,99,999,999,99
2021-02-25 15:00:00,6.74,2.21,72.85,88807.26,9999,9999,301.4,211.0,31.68,197.0,999999,999999,999999,9999,128,1.2,99,99,9999,99999,9,999999999,999,0.999,999,99,999,999,99
2021-02-25 16:00:00,6.34,2.41,75.95,88824.9,9999,9999,303.4,167.0,69.74,145.0,999999,999999,999999,9999,136,1.3,99,99,9999,99999,9,999999999,999,0.999,999,99,999,999,99
2021-02-25 17:00:00,5.44,2.73,82.7,88807.26,9999,9999,309.4,37.0,0.0,37.0,999999,999999,999999,9999,129,0.8,99,99,9999,99999,9,999999999,999,0.999,999,99,999,999,99
2021-02-25 18:00:00,4.96,2.8,85.9,88807.26,9999,9999,318.0,0.0,-0.0,0.0,999999,999999,999999,9999,70,0.6,99,99,9999,99999,9,999999999,999,0.999,999,99,999,999,99
2021-02-25 19:00:00,4.83,2.68,85.95,88798.44,9999,9999,316.8,0.0,-0.0,0.0,999999,999999,999999,9999,32,0.6,99,99,9999,99999,9,999999999,999,0.999,999,99,999,999,99
2021-02-25 20:00:00,3.95,2.73,91.75,88771.97,9999,9999,318.0,0.0,-0.0,0.0,999999,999999,999999,9999,347,0.6,99,99,9999,99999,9,999999999,999,0.999,999,99,999,999,99
2021-02-25 21:00:00,4.1,2.52,89.45,88780.8,9999,9999,320.6,0.0,-0.0,0.0,999999,999999,999999,9999,356,0.4,99,99,9999,99999,9,999999999,999,0.999,999,99,999,999,99
2021-02-25 22:00:00,4.06,2.36,88.7,88736.69,9999,9999,321.2,0.0,-0.0,0.0,999999,999999,999999,9999,14,0.4,99,99,9999,99999,9,999999999,999,0.999,999,99,999,999,99
2021-02-25 23:00:00,3.94,2.25,88.75,88745.51,9999,9999,318.2,0.0,-0.0,0.0,999999,999999,999999,9999,13,0.4,99,99,9999,99999,9,999999999,999,0.999,999,99,999,999,99
2021-02-26 00:00:00,3.82,2.05,88.25,88701.4,9999,9999,317.8,0.0,-0.0,0.0,999999,999999,999999,9999,359,0.6,99,99,9999,99999,9,999999999,999,0.999,999,99,999,999,99
2021-02-26 01:00:00,3.78,1.8,86.9,88666.11,9999,9999,311.6,0.0,-0.0,0.0,999999,999999,999999,9999,349,0.5,99,99,9999,99999,9,999999999,999,0.999,999,99,999,999,99
2021-02-26 02:00:00,3.63,1.66,86.95,88595.54,9999,9999,318.45,0.0,-0.0,0.0,999999,999999,999999,9999,341,0.6,99,99,9999,99999,9,999999999,999,0.999,999,99,999,999,99
2021-02-26 03:00:00,3.59,1.41,85.65,88507.32,9999,9999,307.8,0.0,-0.0,0.0,999999,999999,999999,9999,322,0.5,99,99,9999,99999,9,999999999,999,0.999,999,99,999,999,99
2021-02-26 04:00:00,3.42,1.11,84.85,88427.93,9999,9999,298.0,0.0,-0.0,0.0,999999,999999,999999,9999,326,0.6,99,99,9999,99999,9,999999999,999,0.999,999,99,999,999,99
2021-02-26 05:00:00,3.38,0.89,83.75,88330.89,9999,9999,306.2,0.0,-0.0,0.0,999999,999999,999999,9999,346,0.7,99,99,9999,99999,9,999999999,999,0.999,999,99,999,999,99
2021-02-26 06:00:00,3.41,0.53,81.45,88322.07,9999,9999,293.2,0.0,-0.0,0.0,999999,999999,999999,9999,324,0.7,99,99,9999,99999,9,999999999,999,0.999,999,99,999,999,99
2021-02-26 07:00:00,3.5,0.29,79.5,88277.96,9999,9999,299.4,0.0,-0.0,0.0,999999,999999,999999,9999,303,0.7,99,99,9999,99999,9,999999999,999,0.999,999,99,999,999,99
2021-02-26 08:00:00,3.32,0.76,83.3,88286.78,9999,9999,282.8,60.0,26.59,56.0,999999,999999,999999,9999,231,0.6,99,99,9999,99999,9,999999999,999,0.999,999,99,999,999,99
2021-02-26 09:00:00,4.09,1.5,83.25,88286.78,9999,9999,288.4,297.0,759.19,63.0,999999,999999,999999,9999,214,0.4,99,99,9999,99999,9,999999999,999,0.999,999,99,999,999,99
2021-02-26 10:00:00,5.47,1.8,77.25,88260.32,9999,9999,261.2,450.0,852.31,77.0,999999,999999,999999,9999,186,0.8,99,99,9999,99999,9,999999999,999,0.999,999,99,999,999,99
2021-02-26 11:00:00,6.59,2.09,73.0,88207.39,9999,9999,253.0,572.0,953.08,67.0,999999,999999,999999,9999,194,1.0,99,99,9999,99999,9,999999999,999,0.999,999,99,999,999,99
2021-02-26 12:00:00,7.52,1.49,65.6,88189.75,9999,9999,252.8,643.0,1030.04,47.0,999999,999999,999999,9999,224,1.1,99,99,9999,99999,9,999999999,999,0.999,999,99,999,999,99
2021-02-26 13:00:00,8.36,0.5,57.7,88198.57,9999,9999,263.2,632.0,957.66,76.0,999999,999999,999999,9999,226,1.2,99,99,9999,99999,9,999999999,999,0.999,999,99,999,999,99
2021-02-26 14:00:00,8.88,-0.95,50.15,88172.1,9999,9999,256.4,582.0,972.7,61.0,999999,999999,999999,9999,238,1.7,99,99,9999,99999,9,999999999,999,0.999,999,99,999,999,99
2021-02-26 15:00:00,9.2,-3.38,41.0,88180.92,9999,9999,254.0,473.0,940.03,53.0,999999,999999,999999,9999,252,2.2,99,99,9999,99999,9,999999999,999,0.999,999,99,999,999,99
2021-02-26 16:00:00,8.6,-4.83,38.3,88216.21,9999,9999,258.0,317.0,827.71,52.0,999999,999999,999999,9999,257,2.2,99,99,9999,99999,9,999999999,999,0.999,999,99,999,999,99
2021-02-26 17:00:00,7.57,-5.67,38.55,88260.32,9999,9999,239.0,141.0,669.31,31.0,999999,999999,999999,9999,269,2.6,99,99,9999,99999,9,999999999,999,0.999,999,99,999,999,99
2021-02-26 18:00:00,5.98,-6.36,40.8,88357.36,9999,9999,233.2,0.0,-0.0,0.0,999999,999999,999999,9999,270,2.5,99,99,9999,99999,9,999999999,999,0.999,999,99,999,999,99
2021-02-26 19:00:00,4.01,-6.19,47.4,88480.86,9999,9999,223.4,0.0,-0.0,0.0,999999,999999,999999,9999,267,2.1,99,99,9999,99999,9,999999999,999,0.999,999,99,999,999,99
2021-02-26 20:00:00,3.13,-5.42,53.45,88569.08,9999,9999,217.0,0.0,-0.0,0.0,999999,999999,999999,9999,260,2.0,99,99,9999,99999,9,999999999,999,0.999,999,99,999,999,99
2021-02-26 21:00:00,1.52,-5.89,57.85,88666.11,9999,9999,220.2,0.0,-0.0,0.0,999999,999999,999999,9999,269,2.0,99,99,9999,99999,9,999999999,999,0.999,999,99,999,999,99
2021-02-26 22:00:00,0.26,-6.39,60.95,88798.44,9999,9999,220.8,0.0,-0.0,0.0,999999,999999,999999,9999,278,2.1,99,99,9999,99999,9,999999999,999,0.999,999,99,999,999,99
2021-02-26 23:00:00,-0.8,-6.36,66.0,88913.12,9999,9999,222.4,0.0,-0.0,0.0,999999,999999,999999,9999,290,2.2,99,99,9999,99999,9,999999999,999,0.999,999,99,999,999,99
2021-02-27 00:00:00,-1.4,-6.22,69.7,88966.05,9999,9999,221.0,0.0,-0.0,0.0,999999,999999,999999,9999,298,2.3,99,99,9999,99999,9,999999999,999,0.999,999,99,999,999,99
2021-02-27 01:00:00,-1.28,-6.07,69.9,89054.27,9999,9999,219.2,0.0,-0.0,0.0,999999,999999,999999,9999,305,2.5,99,99,9999,99999,9,999999999,999,0.999,999,99,999,999,99
2021-02-27 02:00:00,-0.9,-5.86,69.1,89133.66,9999,9999,217.6,0.0,-0.0,0.0,999999,999999,999999,9999,308,2.6,99,99,9999,99999,9,999999999,999,0.999,999,99,999,999,99
2021-02-27 03:00:00,-1.41,-5.71,72.55,89124.84,9999,9999,220.6,0.0,-0.0,0.0,999999,999999,999999,9999,310,2.7,99,99,9999,99999,9,999999999,999,0.999,999,99,999,999,99
2021-02-27 04:00:00,-1.8,-5.92,73.45,89124.84,9999,9999,217.4,0.0,-0.0,0.0,999999,999999,999999,9999,312,2.6,99,99,9999,99999,9,999999999,999,0.999,999,99,999,999,99
2021-02-27 05:00:00,-1.9,-6.12,72.85,89098.37,9999,9999,233.6,0.0,-0.0,0.0,999999,999999,999999,9999,312,2.3,99,99,9999,99999,9,999999999,999,0.999,999,99,999,999,99
2021-02-27 06:00:00,-2.07,-6.38,72.35,89124.84,9999,9999,247.0,0.0,-0.0,0.0,999999,999999,999999,9999,310,2.1,99,99,9999,99999,9,999999999,999,0.999,999,99,999,999,99
2021-02-27 07:00:00,-2.75,-6.7,74.25,89151.3,9999,9999,232.0,0.0,-0.0,0.0,999999,999999,999999,9999,311,2.2,99,99,9999,99999,9,999999999,999,0.999,999,99,999,999,99
2021-02-27 08:00:00,-2.66,-6.17,76.8,89204.23,9999,9999,228.2,126.0,558.57,39.0,999999,999999,999999,9999,319,1.9,99,99,9999,99999,9,999999999,999,0.999,999,99,999,999,99
2021-02-27 09:00:00,0.4,-3.31,76.15,89248.34,9999,9999,238.4,296.0,707.85,74.0,999999,999999,999999,9999,320,1.4,99,99,9999,99999,9,999999999,999,0.999,999,99,999,999,99
2021-02-27 10:00:00,4.29,-3.63,56.4,89239.52,9999,9999,232.2,459.0,871.17,73.0,999999,999999,999999,9999,331,0.7,99,99,9999,99999,9,999999999,999,0.999,999,99,999,999,99
2021-02-27 11:00:00,7.13,-5.59,39.95,89283.63,9999,9999,218.8,523.0,674.4,162.0,999999,999999,999999,9999,85,0.4,99,99,9999,99999,9,999999999,999,0.999,999,99,999,999,99
2021-02-27 12:00:00,7.51,-4.46,42.4,89301.27,9999,9999,235.4,530.0,510.29,232.0,999999,999999,999999,9999,114,1.0,99,99,9999,99999,9,999999999,999,0.999,999,99,999,999,99
2021-02-27 13:00:00,7.71,-4.3,42.35,89274.81,9999,9999,251.4,427.0,218.5,299.0,999999,999999,999999,9999,109,1.3,99,99,9999,99999,9,999999999,999,0.999,999,99,999,999,99
2021-02-27 14:00:00,7.62,-3.92,43.85,89204.23,9999,9999,274.2,380.0,194.19,275.0,999999,999999,999999,9999,118,1.3,99,99,9999,99999,9,999999999,999,0.999,999,99,999,999,99
2021-02-27 15:00:00,7.27,-3.52,46.25,89186.59,9999,9999,280.6,278.0,117.34,225.0,999999,999999,999999,9999,112,1.2,99,99,9999,99999,9,999999999,999,0.999,999,99,999,999,99
2021-02-27 16:00:00,6.76,-2.56,51.45,89151.3,9999,9999,288.6,220.0,206.26,153.0,999999,999999,999999,9999,103,1.1,99,99,9999,99999,9,999999999,999,0.999,999,99,999,999,99
2021-02-27 17:00:00,5.86,-0.64,63.05,89133.66,9999,9999,293.4,84.0,82.94,70.0,999999,999999,999999,9999,91,1.0,99,99,9999,99999,9,999999999,999,0.999,999,99,999,999,99
2021-02-27 18:00:00,5.16,-1.76,60.95,89186.59,9999,9999,300.2,0.0,-0.0,0.0,999999,999999,999999,9999,74,0.8,99,99,9999,99999,9,999999999,999,0.999,999,99,999,999,99
2021-02-27 19:00:00,5.16,-3.47,53.7,89204.23,9999,9999,305.8,0.0,-0.0,0.0,999999,999999,999999,9999,39,0.8,99,99,9999,99999,9,999999999,999,0.999,999,99,999,999,99
2021-02-27 20:00:00,3.94,-4.55,53.95,89257.16,9999,9999,302.8,0.0,-0.0,0.0,999999,999999,999999,9999,39,0.7,99,99,9999,99999,9,999999999,999,0.999,999,99,999,999,99
2021-02-27 21:00:00,3.11,-3.49,61.9,89230.7,9999,9999,304.0,0.0,-0.0,0.0,999999,999999,999999,9999,17,0.8,99,99,9999,99999,9,999999999,999,0.999,999,99,999,999,99
2021-02-27 22:00:00,2.49,-2.86,67.8,89186.59,9999,9999,294.8,0.0,-0.0,0.0,999999,999999,999999,9999,13,0.8,99,99,9999,99999,9,999999999,999,0.999,999,99,999,999,99
2021-02-27 23:00:00,2.65,-2.45,69.1,89177.77,9999,9999,302.2,0.0,-0.0,0.0,999999,999999,999999,9999,14,0.7,99,99,9999,99999,9,999999999,999,0.999,999,99,999,999,99
2021-02-28 00:00:00,2.61,-1.89,72.25,89177.77,9999,9999,304.8,0.0,-0.0,0.0,999999,999999,999999,9999,37,0.6,99,99,9999,99999,9,999999999,999,0.999,999,99,999,999,99
2021-02-28 01:00:00,2.41,-1.29,76.55,89124.84,9999,9999,306.8,0.0,-0.0,0.0,999999,999999,999999,9999,40,0.4,99,99,9999,99999,9,999999999,999,0.999,999,99,999,999,99
2021-02-28 02:00:00,2.08,-1.11,79.4,89027.8,9999,9999,300.6,0.0,-0.0,0.0,999999,999999,999999,9999,23,0.2,99,99,9999,99999,9,999999999,999,0.999,999,99,999,999,99
2021-02-28 03:00:00,2.04,-0.71,82.0,89001.34,9999,9999,309.2,0.0,-0.0,0.0,999999,999999,999999,9999,354,0.4,99,99,9999,99999,9,999999999,999,0.999,999,99,999,999,99
2021-02-28 04:00:00,2.11,-0.46,83.1,88974.87,9999,9999,309.6,0.0,-0.0,0.0,999999,999999,999999,9999,19,0.3,99,99,9999,99999,9,999999999,999,0.999,999,99,999,999,99
2021-02-28 05:00:00,2.17,-0.24,84.1,88992.51,9999,9999,308.8,0.0,-0.0,0.0,999999,999999,999999,9999,29,0.4,99,99,9999,99999,9,999999999,999,0.999,999,99,999,999,99
2021-02-28 06:00:00,2.24,-0.09,84.6,88957.23,9999,9999,308.4,0.0,-0.0,0.0,999999,999999,999999,9999,29,0.4,99,99,9999,99999,9,999999999,999,0.999,999,99,999,999,99
2021-02-28 07:00:00,2.36,0.05,84.7,88904.3,9999,9999,307.6,0.0,-0.0,0.0,999999,999999,999999,9999,35,0.5,99,99,9999,99999,9,999999999,999,0.999,999,99,999,999,99
2021-02-28 08:00:00,2.13,-0.28,84.05,88895.48,9999,9999,306.2,52.0,6.21,51.0,999999,999999,999999,9999,59,0.3,99,99,9999,99999,9,999999999,999,0.999,999,99,999,999,99
2021-02-28 09:00:00,2.26,0.31,86.95,88913.12,9999,9999,299.8,42.0,0.0,42.0,999999,999999,999999,9999,131,0.5,99,99,9999,99999,9,999999999,999,0.999,999,99,999,999,99
2021-02-28 10:00:00,2.67,0.87,87.9,88886.65,9999,9999,293.4,56.0,0.0,56.0,999999,999999,999999,9999,147,0.6,99,99,9999,99999,9,999999999,999,0.999,999,99,999,999,99
2021-02-28 11:00:00,3.3,0.89,84.2,88877.83,9999,9999,303.4,90.0,0.0,90.0,999999,999999,999999,9999,145,0.6,99,99,9999,99999,9,999999999,999,0.999,999,99,999,999,99
2021-02-28 12:00:00,3.69,1.2,83.75,88921.94,9999,9999,292.8,110.0,0.0,110.0,999999,999999,999999,9999,142,0.7,99,99,9999,99999,9,999999999,999,0.999,999,99,999,999,99
2021-02-28 13:00:00,4.33,1.75,83.3,88921.94,9999,9999,300.6,116.0,0.0,116.0,999999,999999,999999,9999,135,0.7,99,99,9999,99999,9,999999999,999,0.999,999,99,999,999,99
2021-02-28 14:00:00,4.56,2.06,83.8,88877.83,9999,9999,299.2,91.0,0.0,91.0,999999,999999,999999,9999,141,0.8,99,99,9999,99999,9,999999999,999,0.999,999,99,999,999,99
2021-02-28 15:00:00,5.11,2.06,80.65,88807.26,9999,9999,302.2,116.0,0.0,116.0,999999,999999,999999,9999,148,1.0,99,99,9999,99999,9,999999999,999,0.999,999,99,999,999,99
2021-02-28 16:00:00,5.33,2.39,81.35,88780.8,9999,9999,284.2,272.0,437.04,128.0,999999,999999,999999,9999,149,1.4,99,99,9999,99999,9,999999999,999,0.999,999,99,999,999,99
2021-02-28 17:00:00,2.89,1.03,87.4,88763.15,9999,9999,242.59,127.0,375.18,62.0,999999,999999,999999,9999,152,1.0,99,99,9999,99999,9,999999999,999,0.999,999,99,999,999,99
2021-02-28 18:00:00,3.13,1.13,86.67,88771.97,9999,9999,244.78,0.0,-0.0,0.0,999999,999999,999999,9999,167,0.9,99,99,9999,99999,9,999999999,999,0.999,999,99,999,999,99
2021-02-28 19:00:00,3.36,1.24,85.95,88824.9,9999,9999,246.98,0.0,-0.0,0.0,999999,999999,999999,9999,193,0.9,99,99,9999,99999,9,999999999,999,0.999,999,99,999,999,99
2021-02-28 20:00:00,3.59,1.34,85.22,88851.37,9999,9999,249.17,0.0,-0.0,0.0,999999,999999,999999,9999,194,0.8,99,99,9999,99999,9,999999999,999,0.999,999,99,999,999,99
2021-02-28 21:00:00,3.83,1.45,84.5,88877.83,9999,9999,251.37,0.0,-0.0,0.0,999999,999999,999999,9999,226,0.7,99,99,9999,99999,9,999999999,999,0.999,999,99,999,999,99
2021-02-28 22:00:00,4.06,1.55,83.78,88869.01,9999,9999,253.56,0.0,-0.0,0.0,999999,999999,999999,9999,249,0.7,99,99,9999,99999,9,999999999,999,0.999,999,99,999,999,99
2021-02-28 23:00:00,4.29,1.65,83.05,89010.16,9999,9999,255.76,0.0,-0.0,0.0,999999,999999,999999,9999,251,0.6,99,99,9999,99999,9,999999999,999,0.999,999,99,999,999,99
2021-03-01 00:00:00,4.53,1.76,82.33,88983.69,9999,9999,257.95,0.0,-0.0,0.0,999999,999999,999999,9999,283,0.6,99,99,9999,99999,9,999999999,999,0.999,999,99,999,999,99
2021-03-01 01:00:00,4.76,1.86,81.6,89636.49,9999,9999,260.15,0.0,-0.0,0.0,999999,999999,999999,9999,32,0.5,99,99,9999,99999,9,999999999,999,0.999,999,99,999,999,99
2021-03-01 02:00:00,5.0,1.97,80.88,89512.99,9999,9999,262.34,0.0,-0.0,0.0,999999,999999,999999,9999,29,0.5,99,99,9999,99999,9,999999999,999,0.999,999,99,999,999,99
2021-03-01 03:00:00,5.23,2.07,80.16,89415.95,9999,9999,264.54,0.0,-0.0,0.0,999999,999999,999999,9999,28,0.4,99,99,9999,99999,9,999999999,999,0.999,999,99,999,999,99
2021-03-01 04:00:00,5.46,2.18,79.43,89301.27,9999,9999,266.73,0.0,-0.0,0.0,999999,999999,999999,9999,38,0.3,99,99,9999,99999,9,999999999,999,0.999,999,99,999,999,99
2021-03-01 05:00:00,5.7,2.28,78.71,89213.05,9999,9999,268.93,0.0,-0.0,0.0,999999,999999,999999,9999,27,0.3,99,99,9999,99999,9,999999999,999,0.999,999,99,999,999,99
2021-03-01 06:00:00,5.93,2.39,77.98,89107.2,9999,9999,271.12,0.0,-0.0,0.0,999999,999999,999999,9999,36,0.2,99,99,9999,99999,9,999999999,999,0.999,999,99,999,999,99
2021-03-01 07:00:00,6.16,2.49,77.26,89071.91,9999,9999,273.32,0.0,-0.0,0.0,999999,999999,999999,9999,65,0.2,99,99,9999,99999,9,999999999,999,0.999,999,99,999,999,99
2021-03-01 08:00:00,6.4,2.6,76.53,89063.09,9999,9999,275.51,0.0,0.0,0.0,999999,999999,999999,9999,30,0.1,99,99,9999,99999,9,999999999,999,0.999,999,99,999,999,99
2021-03-01 09:00:00,7.79,4.51,79.75,88983.69,9999,9999,278.4,0.0,0.0,0.0,999999,999999,999999,9999,217,0.0,99,99,9999,99999,9,999999999,999,0.999,999,99,999,999,99
2021-03-01 10:00:00,9.36,5.98,79.4,88886.65,9999,9999,281.8,0.0,0.0,0.0,999999,999999,999999,9999,172,0.3,99,99,9999,99999,9,999999999,999,0.999,999,99,999,999,99
2021-03-01 11:00:00,10.73,5.71,71.15,88842.55,9999,9999,295.2,0.0,0.0,0.0,999999,999999,999999,9999,219,0.3,99,99,9999,99999,9,999999999,999,0.999,999,99,999,999,99
2021-03-01 12:00:00,12.05,6.28,67.8,88763.15,9999,9999,295.6,0.0,0.0,0.0,999999,999999,999999,9999,240,0.3,99,99,9999,99999,9,999999999,999,0.999,999,99,999,999,99
2021-03-01 13:00:00,13.03,6.24,63.4,88674.94,9999,9999,303.4,0.0,0.0,0.0,999999,999999,999999,9999,287,0.1,99,99,9999,99999,9,999999999,999,0.999,999,99,999,999,99
2021-03-01 14:00:00,14.22,4.88,53.4,88595.54,9999,9999,306.0,0.0,0.0,0.0,999999,999999,999999,9999,300,0.8,99,99,9999,99999,9,999999999,999,0.999,999,99,999,999,99
2021-03-01 15:00:00,14.68,2.09,42.6,88622.01,9999,9999,304.4,0.0,0.0,0.0,999999,999999,999999,9999,302,1.0,99,99,9999,99999,9,999999999,999,0.999,999,99,999,999,99
2021-03-01 16:00:00,14.3,0.61,39.25,88648.47,9999,9999,271.4,0.0,0.0,0.0,999999,999999,999999,9999,297,1.2,99,99,9999,99999,9,999999999,999,0.999,999,99,999,999,99
2021-03-01 17:00:00,13.09,4.12,54.5,88674.94,9999,9999,272.0,0.0,0.0,0.0,999999,999999,999999,9999,274,1.0,99,99,9999,99999,9,999999999,999,0.999,999,99,999,999,99
2021-03-01 18:00:00,11.67,2.8,54.5,88763.15,9999,9999,280.6,0.0,0.0,0.0,999999,999999,999999,9999,247,1.1,99,99,9999,99999,9,999999999,999,0.999,999,99,999,999,99
2021-03-01 19:00:00,10.57,1.06,51.8,88860.19,9999,9999,269.6,0.0,-0.0,0.0,999999,999999,999999,9999,232,1.2,99,99,9999,99999,9,999999999,999,0.999,999,99,999,999,99
2021-03-01 20:00:00,9.66,-0.52,49.1,88974.87,9999,9999,274.2,0.0,-0.0,0.0,999999,999999,999999,9999,261,1.5,99,99,9999,99999,9,999999999,999,0.999,999,99,999,999,99
2021-03-01 21:00:00,9.0,-0.96,49.7,89089.55,9999,9999,274.0,0.0,-0.0,0.0,999999,999999,999999,9999,266,1.6,99,99,9999,99999,9,999999999,999,0.999,999,99,999,999,99
2021-03-01 22:00:00,7.56,-0.86,55.2,89168.95,9999,9999,273.6,0.0,-0.0,0.0,999999,999999,999999,9999,270,1.9,99,99,9999,99999,9,999999999,999,0.999,999,99,999,999,99
2021-03-01 23:00:00,6.21,-1.08,59.6,89142.48,9999,9999,260.6,0.0,-0.0,0.0,999999,999999,999999,9999,277,2.1,99,99,9999,99999,9,999999999,999,0.999,999,99,999,999,99
2021-03-02 00:00:00,4.99,-1.4,63.35,89168.95,9999,9999,251.8,0.0,-0.0,0.0,999999,999999,999999,9999,288,2.3,99,99,9999,99999,9,999999999,999,0.999,999,99,999,999,99
2021-03-02 01:00:00,4.0,-1.67,66.55,89195.41,9999,9999,251.0,0.0,-0.0,0.0,999999,999999,999999,9999,300,2.5,99,99,9999,99999,9,999999999,999,0.999,999,99,999,999,99
2021-03-02 02:00:00,3.42,-1.49,70.25,89195.41,9999,9999,264.6,0.0,-0.0,0.0,999999,999999,999999,9999,306,2.4,99,99,9999,99999,9,999999999,999,0.999,999,99,999,999,99
2021-03-02 03:00:00,2.7,-1.71,72.7,89248.34,9999,9999,251.0,0.0,-0.0,0.0,999999,999999,999999,9999,310,2.4,99,99,9999,99999,9,999999999,999,0.999,999,99,999,999,99
2021-03-02 04:00:00,2.29,-1.82,74.25,89292.45,9999,9999,254.8,0.0,-0.0,0.0,999999,999999,999999,9999,311,2.3,99,99,9999,99999,9,999999999,999,0.999,999,99,999,999,99
2021-03-02 05:00:00,2.2,-1.87,74.45,89318.91,9999,9999,258.6,0.0,-0.0,0.0,999999,999999,999999,9999,310,2.4,99,99,9999,99999,9,999999999,999,0.999,999,99,999,999,99
2021-03-02 06:00:00,2.19,-1.85,74.65,89345.38,9999,9999,262.4,0.0,-0.0,0.0,999999,999999,999999,9999,308,2.3,99,99,9999,99999,9,999999999,999,0.999,999,99,999,999,99
2021-03-02 07:00:00,1.98,-2.03,74.75,89363.02,9999,9999,254.8,0.0,0.0,0.0,999999,999999,999999,9999,308,2.3,99,99,9999,99999,9,999999999,999,0.999,999,99,999,999,99
2021-03-02 08:00:00,2.96,-0.76,76.55,89363.02,9999,9999,262.8,140.0,479.0,55.0,999999,999999,999999,9999,307,2.1,99,99,9999,99999,9,999999999,999,0.999,999,99,999,999,99
2021-03-02 09:00:00,7.29,2.3,70.6,89345.38,9999,9999,262.8,316.0,679.37,88.0,999999,999999,999999,9999,307,1.4,99,99,9999,99999,9,999999999,999,0.999,999,99,999,999,99
2021-03-02 10:00:00,11.57,4.52,61.95,89318.91,9999,9999,261.8,468.0,771.85,109.0,999999,999999,999999,9999,302,0.8,99,99,9999,99999,9,999999999,999,0.999,999,99,999,999,99
2021-03-02 11:00:00,14.57,3.41,47.1,89239.52,9999,9999,261.8,576.0,805.87,127.0,999999,999999,999999,9999,269,0.3,99,99,9999,99999,9,999999999,999,0.999,999,99,999,999,99
2021-03-02 12:00:00,16.13,3.42,42.65,89230.7,9999,9999,269.4,631.0,812.59,139.0,999999,999999,999999,9999,216,0.2,99,99,9999,99999,9,999999999,999,0.999,999,99,999,999,99
2021-03-02 13:00:00,16.98,3.63,41.0,89151.3,9999,9999,270.0,602.0,683.97,187.0,999999,999999,999999,9999,186,0.3,99,99,9999,99999,9,999999999,999,0.999,999,99,999,999,99
2021-03-02 14:00:00,17.55,3.81,40.05,89080.73,9999,9999,270.6,580.0,807.61,127.0,999999,999999,999999,9999,181,0.3,99,99,9999,99999,9,999999999,999,0.999,999,99,999,999,99
2021-03-02 15:00:00,17.77,3.99,40.0,89018.98,9999,9999,273.8,475.0,774.81,110.0,999999,999999,999999,9999,152,0.3,99,99,9999,99999,9,999999999,999,0.999,999,99,999,999,99
2021-03-02 16:00:00,17.51,4.3,41.55,89010.16,9999,9999,273.2,325.0,684.37,90.0,999999,999999,999999,9999,131,0.3,99,99,9999,99999,9,999999999,999,0.999,999,99,999,999,99
2021-03-02 17:00:00,16.58,5.69,48.55,89001.34,9999,9999,269.8,153.0,536.16,53.0,999999,999999,999999,9999,107,0.3,99,99,9999,99999,9,999999999,999,0.999,999,99,999,999,99
2021-03-02 18:00:00,15.36,5.09,50.35,89010.16,9999,9999,266.8,0.0,0.0,0.0,999999,999999,999999,9999,75,0.3,99,99,9999,99999,9,999999999,999,0.999,999,99,999,999,99
2021-03-02 19:00:00,14.06,4.78,53.6,89063.09,9999,9999,262.2,0.0,-0.0,0.0,999999,999999,999999,9999,357,0.2,99,99,9999,99999,9,999999999,999,0.999,999,99,999,999,99
2021-03-02 20:00:00,13.7,4.57,54.05,89089.55,9999,9999,258.2,0.0,-0.0,0.0,999999,999999,999999,9999,2,0.7,99,99,9999,99999,9,999999999,999,0.999,999,99,999,999,99
2021-03-02 21:00:00,12.28,4.21,57.85,89098.37,9999,9999,254.0,0.0,-0.0,0.0,999999,999999,999999,9999,355,0.9,99,99,9999,99999,9,999999999,999,0.999,999,99,999,999,99
2021-03-02 22:00:00,10.57,3.59,62.0,89124.84,9999,9999,250.4,0.0,-0.0,0.0,999999,999999,999999,9999,348,1.2,99,99,9999,99999,9,999999999,999,0.999,999,99,999,999,99
2021-03-02 23:00:00,8.05,2.51,68.05,89160.12,9999,9999,248.2,0.0,-0.0,0.0,999999,999999,999999,9999,340,1.4,99,99,9999,99999,9,999999999,999,0.999,999,99,999,999,99
2021-03-03 00:00:00,6.72,1.52,69.45,89151.3,9999,9999,244.2,0.0,-0.0,0.0,999999,999999,999999,9999,331,1.6,99,99,9999,99999,9,999999999,999,0.999,999,99,999,999,99
2021-03-03 01:00:00,5.98,0.61,68.45,89133.66,9999,9999,245.6,0.0,-0.0,0.0,999999,999999,999999,9999,324,1.7,99,99,9999,99999,9,999999999,999,0.999,999,99,999,999,99
2021-03-03 02:00:00,5.3,-0.41,66.65,89098.37,9999,9999,236.6,0.0,-0.0,0.0,999999,999999,999999,9999,317,1.7,99,99,9999,99999,9,999999999,999,0.999,999,99,999,999,99
2021-03-03 03:00:00,5.15,-1.04,64.3,89071.91,9999,9999,235.2,0.0,-0.0,0.0,999999,999999,999999,9999,315,1.7,99,99,9999,99999,9,999999999,999,0.999,999,99,999,999,99
2021-03-03 04:00:00,5.03,-1.6,62.25,89010.16,9999,9999,234.4,0.0,-0.0,0.0,999999,999999,999999,9999,318,1.7,99,99,9999,99999,9,999999999,999,0.999,999,99,999,999,99
2021-03-03 05:00:00,5.11,-2.08,59.75,89018.98,9999,9999,233.6,0.0,-0.0,0.0,999999,999999,999999,9999,322,1.6,99,99,9999,99999,9,999999999,999,0.999,999,99,999,999,99
2021-03-03 06:00:00,5.64,-2.2,57.1,89001.34,9999,9999,236.2,0.0,-0.0,0.0,999999,999999,999999,9999,329,1.4,99,99,9999,99999,9,999999999,999,0.999,999,99,999,999,99
2021-03-03 07:00:00,3.65,-2.68,63.3,89018.98,9999,9999,240.4,0.0,0.0,0.0,999999,999999,999999,9999,332,1.4,99,99,9999,99999,9,999999999,999,0.999,999,99,999,999,99
2021-03-03 08:00:00,6.54,-1.41,56.85,89071.91,9999,9999,240.8,146.0,486.39,57.0,999999,999999,999999,9999,346,0.8,99,99,9999,99999,9,999999999,999,0.999,999,99,999,999,99
2021-03-03 09:00:00,8.38,1.19,60.55,89080.73,9999,9999,243.2,320.0,671.21,91.0,999999,999999,999999,9999,341,0.3,99,99,9999,99999,9,999999999,999,0.999,999,99,999,999,99
2021-03-03 10:00:00,11.13,3.61,59.8,89063.09,9999,9999,249.2,474.0,773.36,110.0,999999,999999,999999,9999,118,0.3,99,99,9999,99999,9,999999999,999,0.999,999,99,999,999,99
2021-03-03 11:00:00,12.9,3.61,53.25,89107.2,9999,9999,257.2,586.0,824.66,122.0,999999,999999,999999,9999,132,0.8,99,99,9999,99999,9,999999999,999,0.999,999,99,999,999,99
2021-03-03 12:00:00,13.89,3.76,50.45,89063.09,9999,9999,258.2,638.0,815.26,140.0,999999,999999,999999,9999,132,1.2,99,99,9999,99999,9,999999999,999,0.999,999,99,999,999,99
2021-03-03 13:00:00,14.48,4.09,49.7,88983.69,9999,9999,263.2,615.0,714.09,178.0,999999,999999,999999,9999,132,1.4,99,99,9999,99999,9,999999999,999,0.999,999,99,999,999,99
2021-03-03 14:00:00,14.63,4.36,50.15,88904.3,9999,9999,267.8,583.0,795.14,133.0,999999,999999,999999,9999,131,1.4,99,99,9999,99999,9,999999999,999,0.999,999,99,999,999,99
2021-03-03 15:00:00,14.56,4.65,51.4,88842.55,9999,9999,271.0,480.0,777.48,110.0,999999,999999,999999,9999,134,1.3,99,99,9999,99999,9,999999999,999,0.999,999,99,999,999,99
2021-03-03 16:00:00,14.2,4.85,53.35,88816.08,9999,9999,272.2,332.0,701.19,88.0,999999,999999,999999,9999,138,1.0,99,99,9999,99999,9,999999999,999,0.999,999,99,999,999,99
2021-03-03 17:00:00,13.38,5.01,56.9,88780.8,9999,9999,278.2,150.0,460.96,62.0,999999,999999,999999,9999,142,0.6,99,99,9999,99999,9,999999999,999,0.999,999,99,999,999,99
2021-03-03 18:00:00,11.69,6.0,68.1,88798.44,9999,9999,275.4,0.0,0.0,0.0,999999,999999,999999,9999,147,0.5,99,99,9999,99999,9,999999999,999,0.999,999,99,999,999,99
2021-03-03 19:00:00,11.03,4.21,62.8,88824.9,9999,9999,261.8,0.0,-0.0,0.0,999999,999999,999999,9999,180,0.2,99,99,9999,99999,9,999999999,999,0.999,999,99,999,999,99
2021-03-03 20:00:00,10.07,4.2,66.9,88860.19,9999,9999,266.8,0.0,-0.0,0.0,999999,999999,999999,9999,105,0.1,99,99,9999,99999,9,999999999,999,0.999,999,99,999,999,99
2021-03-03 21:00:00,9.22,4.07,70.2,88851.37,9999,9999,256.8,0.0,-0.0,0.0,999999,999999,999999,9999,12,0.1,99,99,9999,99999,9,999999999,999,0.999,999,99,999,999,99
2021-03-03 22:00:00,8.47,3.76,72.25,88816.08,9999,9999,262.2,0.0,-0.0,0.0,999999,999999,999999,9999,330,0.4,99,99,9999,99999,9,999999999,999,0.999,999,99,999,999,99
2021-03-03 23:00:00,8.1,3.42,72.35,88780.8,9999,9999,264.0,0.0,-0.0,0.0,999999,999999,999999,9999,310,0.6,99,99,9999,99999,9,999999999,999,0.999,999,99,999,999,99
2021-03-04 00:00:00,7.72,2.87,71.4,88736.69,9999,9999,257.2,0.0,-0.0,0.0,999999,999999,999999,9999,314,1.0,99,99,9999,99999,9,999999999,999,0.999,999,99,999,999,99
2021-03-04 01:00:00,6.93,1.51,68.4,88736.69,9999,9999,256.6,0.0,-0.0,0.0,999999,999999,999999,9999,312,1.2,99,99,9999,99999,9,999999999,999,0.999,999,99,999,999,99
2021-03-04 02:00:00,7.01,0.78,64.55,88745.51,9999,9999,253.0,0.0,-0.0,0.0,999999,999999,999999,9999,319,1.2,99,99,9999,99999,9,999999999,999,0.999,999,99,999,999,99
2021-03-04 03:00:00,4.81,-0.89,66.6,88727.87,9999,9999,240.2,0.0,-0.0,0.0,999999,999999,999999,9999,320,1.4,99,99,9999,99999,9,999999999,999,0.999,999,99,999,999,99
2021-03-04 04:00:00,1.95,-3.11,69.15,88701.4,9999,9999,233.0,0.0,-0.0,0.0,999999,999999,999999,9999,307,1.8,99,99,9999,99999,9,999999999,999,0.999,999,99,999,999,99
2021-03-04 05:00:00,-0.05,-4.73,70.75,88719.04,9999,9999,230.0,0.0,-0.0,0.0,999999,999999,999999,9999,300,1.9,99,99,9999,99999,9,999999999,999,0.999,999,99,999,999,99
2021-03-04 06:00:00,-1.24,-5.75,71.4,88745.51,9999,9999,225.6,0.0,-0.0,0.0,999999,999999,999999,9999,297,1.9,99,99,9999,99999,9,999999999,999,0.999,999,99,999,999,99
2021-03-04 07:00:00,-1.84,-6.54,70.25,88789.62,9999,9999,225.4,0.0,0.0,0.0,999999,999999,999999,9999,296,2.0,99,99,9999,99999,9,999999999,999,0.999,999,99,999,999,99
2021-03-04 08:00:00,-1.25,-5.1,75.05,88860.19,9999,9999,223.6,150.0,482.64,59.0,999999,999999,999999,9999,305,1.9,99,99,9999,99999,9,999999999,999,0.999,999,99,999,999,99
2021-03-04 09:00:00,2.49,-2.13,71.55,88895.48,9999,9999,226.8,328.0,689.21,89.0,999999,999999,999999,9999,300,1.9,99,99,9999,99999,9,999999999,999,0.999,999,99,999,999,99
2021-03-04 10:00:00,6.73,-4.58,44.35,88851.37,9999,9999,228.6,481.0,776.9,111.0,999999,999999,999999,9999,295,1.9,99,99,9999,99999,9,999999999,999,0.999,999,99,999,999,99
2021-03-04 11:00:00,7.86,-6.99,34.15,88692.58,9999,9999,227.8,586.0,795.56,134.0,999999,999999,999999,9999,299,1.9,99,99,9999,99999,9,999999999,999,0.999,999,99,999,999,99
2021-03-04 12:00:00,8.68,-8.0,29.9,88745.51,9999,9999,226.4,637.0,785.44,153.0,999999,999999,999999,9999,308,1.7,99,99,9999,99999,9,999999999,999,0.999,999,99,999,999,99
2021-03-04 13:00:00,9.0,-8.27,28.65,88727.87,9999,9999,225.6,571.0,534.7,241.0,999999,999999,999999,9999,323,1.0,99,99,9999,99999,9,999999999,999,0.999,999,99,999,999,99
2021-03-04 14:00:00,8.89,-8.07,29.3,88666.11,9999,9999,232.2,573.0,725.12,159.0,999999,999999,999999,9999,332,0.6,99,99,9999,99999,9,999999999,999,0.999,999,99,999,999,99
2021-03-04 15:00:00,8.48,-8.08,30.1,88648.47,9999,9999,265.0,480.0,748.92,120.0,999999,999999,999999,9999,18,0.4,99,99,9999,99999,9,999999999,999,0.999,999,99,999,999,99
2021-03-04 16:00:00,7.65,-7.57,33.15,88639.65,9999,9999,266.6,335.0,692.08,91.0,999999,999999,999999,9999,13,1.2,99,99,9999,99999,9,999999999,999,0.999,999,99,999,999,99
2021-03-04 17:00:00,5.76,-3.88,49.95,88674.94,9999,9999,278.4,123.0,204.83,83.0,999999,999999,999999,9999,48,1.8,99,99,9999,99999,9,999999999,999,0.999,999,99,999,999,99
2021-03-04 18:00:00,3.9,-2.31,63.9,88745.51,9999,9999,280.6,0.0,0.0,0.0,999999,999999,999999,9999,55,1.7,99,99,9999,99999,9,999999999,999,0.999,999,99,999,999,99
2021-03-04 19:00:00,2.45,-1.14,77.2,88860.19,9999,9999,278.8,0.0,-0.0,0.0,999999,999999,999999,9999,48,1.2,99,99,9999,99999,9,999999999,999,0.999,999,99,999,999,99
2021-03-04 20:00:00,2.74,-5.96,52.75,89027.8,9999,9999,246.4,0.0,-0.0,0.0,999999,999999,999999,9999,62,1.6,99,99,9999,99999,9,999999999,999,0.999,999,99,999,999,99
2021-03-04 21:00:00,1.79,-4.66,62.3,89160.12,9999,9999,256.6,0.0,-0.0,0.0,999999,999999,999999,9999,57,1.2,99,99,9999,99999,9,999999999,999,0.999,999,99,999,999,99
2021-03-04 22:00:00,2.73,-4.94,57.05,89221.88,9999,9999,255.2,0.0,-0.0,0.0,999999,999999,999999,9999,72,0.6,99,99,9999,99999,9,999999999,999,0.999,999,99,999,999,99
2021-03-04 23:00:00,2.28,-4.51,60.85,89195.41,9999,9999,255.4,0.0,-0.0,0.0,999999,999999,999999,9999,120,0.3,99,99,9999,99999,9,999999999,999,0.999,999,99,999,999,99
2021-03-05 00:00:00,2.04,-4.34,62.7,89213.05,9999,9999,254.2,0.0,-0.0,0.0,999999,999999,999999,9999,187,0.2,99,99,9999,99999,9,999999999,999,0.999,999,99,999,999,99
2021-03-05 01:00:00,1.84,-4.4,63.3,89204.23,9999,9999,245.6,0.0,-0.0,0.0,999999,999999,999999,9999,248,0.3,99,99,9999,99999,9,999999999,999,0.999,999,99,999,999,99
2021-03-05 02:00:00,1.55,-4.65,63.4,89204.23,9999,9999,244.4,0.0,-0.0,0.0,999999,999999,999999,9999,276,0.8,99,99,9999,99999,9,999999999,999,0.999,999,99,999,999,99
2021-03-05 03:00:00,1.09,-5.06,63.55,89221.88,9999,9999,241.8,0.0,-0.0,0.0,999999,999999,999999,9999,298,0.9,99,99,9999,99999,9,999999999,999,0.999,999,99,999,999,99
2021-03-05 04:00:00,1.44,-5.19,61.35,89195.41,9999,9999,238.8,0.0,-0.0,0.0,999999,999999,999999,9999,307,0.6,99,99,9999,99999,9,999999999,999,0.999,999,99,999,999,99
2021-03-05 05:00:00,1.31,-5.1,62.35,89230.7,9999,9999,236.0,0.0,-0.0,0.0,999999,999999,999999,9999,299,0.4,99,99,9999,99999,9,999999999,999,0.999,999,99,999,999,99
2021-03-05 06:00:00,1.1,-5.02,63.7,89274.81,9999,9999,237.0,0.0,-0.0,0.0,999999,999999,999999,9999,291,0.6,99,99,9999,99999,9,999999999,999,0.999,999,99,999,999,99
2021-03-05 07:00:00,0.96,-5.11,63.9,89310.09,9999,9999,228.8,0.0,0.0,0.0,999999,999999,999999,9999,304,0.6,99,99,9999,99999,9,999999999,999,0.999,999,99,999,999,99
2021-03-05 08:00:00,0.39,-7.76,54.35,89363.02,9999,9999,226.6,132.0,272.99,79.0,999999,999999,999999,9999,313,1.1,99,99,9999,99999,9,999999999,999,0.999,999,99,999,999,99
2021-03-05 09:00:00,0.85,-5.3,63.5,89442.42,9999,9999,229.6,342.0,746.32,79.0,999999,999999,999999,9999,317,0.6,99,99,9999,99999,9,999999999,999,0.999,999,99,999,999,99
2021-03-05 10:00:00,3.24,-6.2,50.0,89504.17,9999,9999,221.2,490.0,794.87,107.0,999999,999999,999999,9999,5,0.2,99,99,9999,99999,9,999999999,999,0.999,999,99,999,999,99
2021-03-05 11:00:00,4.46,-6.01,46.55,89451.24,9999,9999,211.6,599.0,828.03,124.0,999999,999999,999999,9999,47,0.8,99,99,9999,99999,9,999999999,999,0.999,999,99,999,999,99
2021-03-05 12:00:00,5.45,-7.79,37.9,89512.99,9999,9999,216.8,654.0,834.97,135.0,999999,999999,999999,9999,55,1.6,99,99,9999,99999,9,999999999,999,0.999,999,99,999,999,99
2021-03-05 13:00:00,6.0,-10.19,30.25,89530.63,9999,9999,215.6,554.0,467.58,263.0,999999,999999,999999,9999,48,2.3,99,99,9999,99999,9,999999999,999,0.999,999,99,999,999,99
2021-03-05 14:00:00,6.09,-11.31,27.5,89495.35,9999,9999,223.8,331.0,78.13,286.0,999999,999999,999999,9999,45,2.3,99,99,9999,99999,9,999999999,999,0.999,999,99,999,999,99
2021-03-05 15:00:00,6.19,-11.45,27.0,89495.35,9999,9999,215.0,190.0,8.24,186.0,999999,999999,999999,9999,41,2.3,99,99,9999,99999,9,999999999,999,0.999,999,99,999,999,99
2021-03-05 16:00:00,5.89,-11.57,27.3,89512.99,9999,9999,217.4,0.0,0.0,0.0,999999,999999,999999,9999,36,2.2,99,99,9999,99999,9,999999999,999,0.999,999,99,999,999,99
2021-03-05 17:00:00,5.18,-10.66,30.85,89548.28,9999,9999,207.0,0.0,0.0,0.0,999999,999999,999999,9999,35,1.8,99,99,9999,99999,9,999999999,999,0.999,999,99,999,999,99
2021-03-05 18:00:00,3.57,-9.41,38.1,89636.49,9999,9999,213.6,0.0,0.0,0.0,999999,999999,999999,9999,37,1.4,99,99,9999,99999,9,999999999,999,0.999,999,99,999,999,99
2021-03-05 19:00:00,2.15,-9.8,40.85,89742.35,9999,9999,201.8,0.0,-0.0,0.0,999999,999999,999999,9999,39,1.2,99,99,9999,99999,9,999999999,999,0.999,999,99,999,999,99
2021-03-05 20:00:00,1.91,-12.2,34.35,89857.03,9999,9999,208.6,0.0,-0.0,0.0,999999,999999,999999,9999,27,0.8,99,99,9999,99999,9,999999999,999,0.999,999,99,999,999,99
2021-03-05 21:00:00,2.14,-14.64,27.7,89980.54,9999,9999,209.6,0.0,-0.0,0.0,999999,999999,999999,9999,25,0.7,99,99,9999,99999,9,999999999,999,0.999,999,99,999,999,99
2021-03-05 22:00:00,1.56,-14.63,28.9,90059.93,9999,9999,203.4,0.0,-0.0,0.0,999999,999999,999999,9999,348,0.6,99,99,9999,99999,9,999999999,999,0.999,999,99,999,999,99
2021-03-05 23:00:00,-0.34,-13.1,37.55,90077.57,9999,9999,207.8,0.0,-0.0,0.0,999999,999999,999999,9999,316,1.4,99,99,9999,99999,9,999999999,999,0.999,999,99,999,999,99
2021-03-06 00:00:00,-3.49,-11.74,52.85,90068.75,9999,9999,203.0,0.0,-0.0,0.0,999999,999999,999999,9999,307,1.8,99,99,9999,99999,9,999999999,999,0.999,999,99,999,999,99
2021-03-06 01:00:00,-4.51,-11.62,57.6,90077.57,9999,9999,199.4,0.0,-0.0,0.0,999999,999999,999999,9999,305,1.9,99,99,9999,99999,9,999999999,999,0.999,999,99,999,999,99
2021-03-06 02:00:00,-5.05,-11.74,59.4,90042.29,9999,9999,196.2,0.0,-0.0,0.0,999999,999999,999999,9999,308,1.9,99,99,9999,99999,9,999999999,999,0.999,999,99,999,999,99
2021-03-06 03:00:00,-5.49,-11.8,61.15,89998.18,9999,9999,193.4,0.0,-0.0,0.0,999999,999999,999999,9999,311,1.9,99,99,9999,99999,9,999999999,999,0.999,999,99,999,999,99
2021-03-06 04:00:00,-5.66,-11.71,62.4,89989.36,9999,9999,193.8,0.0,-0.0,0.0,999999,999999,999999,9999,312,1.8,99,99,9999,99999,9,999999999,999,0.999,999,99,999,999,99
2021-03-06 05:00:00,-5.61,-11.71,62.15,89962.89,9999,9999,190.2,0.0,-0.0,0.0,999999,999999,999999,9999,317,1.6,99,99,9999,99999,9,999999999,999,0.999,999,99,999,999,99
2021-03-06 06:00:00,-5.46,-12.01,60.0,89962.89,9999,9999,189.6,0.0,-0.0,0.0,999999,999999,999999,9999,325,1.5,99,99,9999,99999,9,999999999,999,0.999,999,99,999,999,99
2021-03-06 07:00:00,-5.44,-12.36,58.25,89980.54,9999,9999,195.0,0.0,0.0,0.0,999999,999999,999999,9999,325,1.5,99,99,9999,99999,9,999999999,999,0.999,999,99,999,999,99
2021-03-06 08:00:00,-2.71,-11.88,49.3,89998.18,9999,9999,191.2,0.0,0.0,0.0,999999,999999,999999,9999,319,1.1,99,99,9999,99999,9,999999999,999,0.999,999,99,999,999,99
2021-03-06 09:00:00,0.15,-7.79,55.2,90033.47,9999,9999,194.6,0.0,0.0,0.0,999999,999999,999999,9999,173,0.1,99,99,9999,99999,9,999999999,999,0.999,999,99,999,999,99
2021-03-06 10:00:00,2.54,-9.53,40.6,90015.82,9999,9999,202.0,0.0,0.0,0.0,999999,999999,999999,9999,141,0.9,99,99,9999,99999,9,999999999,999,0.999,999,99,999,999,99
2021-03-06 11:00:00,3.26,-9.94,37.35,89954.07,9999,9999,208.0,0.0,0.0,0.0,999999,999999,999999,9999,145,1.3,99,99,9999,99999,9,999999999,999,0.999,999,99,999,999,99
2021-03-06 12:00:00,3.9,-9.59,36.7,89962.89,9999,9999,218.8,0.0,0.0,0.0,999999,999999,999999,9999,158,1.2,99,99,9999,99999,9,999999999,999,0.999,999,99,999,999,99
2021-03-06 13:00:00,4.67,-9.4,35.3,89927.61,9999,9999,239.2,0.0,0.0,0.0,999999,999999,999999,9999,170,0.9,99,99,9999,99999,9,999999999,999,0.999,999,99,999,999,99
2021-03-06 14:00:00,5.84,-8.99,33.6,89830.57,9999,9999,224.2,0.0,0.0,0.0,999999,999999,999999,9999,169,0.6,99,99,9999,99999,9,999999999,999,0.999,999,99,999,999,99
2021-03-06 15:00:00,6.61,-6.92,37.4,89707.07,9999,9999,223.4,0.0,0.0,0.0,999999,999999,999999,9999,143,0.9,99,99,9999,99999,9,999999999,999,0.999,999,99,999,999,99
2021-03-06 16:00:00,6.36,-7.93,35.2,89645.31,9999,9999,226.6,0.0,0.0,0.0,999999,999999,999999,9999,138,1.7,99,99,9999,99999,9,999999999,999,0.999,999,99,999,999,99
2021-03-06 17:00:00,4.99,-6.57,43.0,89557.1,9999,9999,253.2,0.0,0.0,0.0,999999,999999,999999,9999,151,1.3,99,99,9999,99999,9,999999999,999,0.999,999,99,999,999,99
2021-03-06 18:00:00,3.39,-4.24,57.4,89565.92,9999,9999,260.8,0.0,0.0,0.0,999999,999999,999999,9999,158,1.0,99,99,9999,99999,9,999999999,999,0.999,999,99,999,999,99
2021-03-06 19:00:00,2.65,-7.03,48.9,89618.85,9999,9999,264.4,0.0,-0.0,0.0,999999,999999,999999,9999,164,0.7,99,99,9999,99999,9,999999999,999,0.999,999,99,999,999,99
2021-03-06 20:00:00,2.51,-9.12,42.0,89689.42,9999,9999,261.8,0.0,-0.0,0.0,999999,999999,999999,9999,151,0.4,99,99,9999,99999,9,999999999,999,0.999,999,99,999,999,99
2021-03-06 21:00:00,1.78,-8.61,46.05,89698.24,9999,9999,256.2,0.0,-0.0,0.0,999999,999999,999999,9999,187,0.5,99,99,9999,99999,9,999999999,999,0.999,999,99,999,999,99
2021-03-06 22:00:00,1.28,-8.47,48.25,89724.71,9999,9999,248.8,0.0,-0.0,0.0,999999,999999,999999,9999,202,0.3,99,99,9999,99999,9,999999999,999,0.999,999,99,999,999,99
2021-03-06 23:00:00,1.17,-8.1,50.05,89645.31,9999,9999,270.0,0.0,-0.0,0.0,999999,999999,999999,9999,144,0.1,99,99,9999,99999,9,999999999,999,0.999,999,99,999,999,99
2021-03-07 00:00:00,0.93,-7.6,52.95,89548.28,9999,9999,273.2,0.0,-0.0,0.0,999999,999999,999999,9999,320,0.9,99,99,9999,99999,9,999999999,999,0.999,999,99,999,999,99
2021-03-07 01:00:00,1.26,-7.24,53.15,89433.6,9999,9999,269.6,0.0,-0.0,0.0,999999,999999,999999,9999,252,0.2,99,99,9999,99999,9,999999999,999,0.999,999,99,999,999,99
2021-03-07 02:00:00,0.47,-7.14,56.7,89407.13,9999,9999,268.0,0.0,-0.0,0.0,999999,999999,999999,9999,211,0.5,99,99,9999,99999,9,999999999,999,0.999,999,99,999,999,99
2021-03-07 03:00:00,-0.13,-6.37,62.8,89327.74,9999,9999,274.8,0.0,-0.0,0.0,999999,999999,999999,9999,269,0.8,99,99,9999,99999,9,999999999,999,0.999,999,99,999,999,99
2021-03-07 04:00:00,-0.8,-5.58,70.05,89230.7,9999,9999,273.6,0.0,-0.0,0.0,999999,999999,999999,9999,266,0.9,99,99,9999,99999,9,999999999,999,0.999,999,99,999,999,99
2021-03-07 05:00:00,-0.93,-5.23,72.6,89221.88,9999,9999,269.0,0.0,-0.0,0.0,999999,999999,999999,9999,278,1.0,99,99,9999,99999,9,999999999,999,0.999,999,99,999,999,99
2021-03-07 06:00:00,0.0,-4.91,69.55,89345.38,9999,9999,268.8,0.0,-0.0,0.0,999999,999999,999999,9999,272,0.7,99,99,9999,99999,9,999999999,999,0.999,999,99,999,999,99
2021-03-07 07:00:00,-0.04,-3.87,75.4,89415.95,9999,9999,294.8,0.0,0.0,0.0,999999,999999,999999,9999,310,1.0,99,99,9999,99999,9,999999999,999,0.999,999,99,999,999,99
2021-03-07 08:00:00,1.42,-6.01,57.75,89433.6,9999,9999,276.4,68.0,4.87,67.0,999999,999999,999999,9999,277,0.9,99,99,9999,99999,9,999999999,999,0.999,999,99,999,999,99
2021-03-07 09:00:00,2.58,-4.28,60.6,89398.31,9999,9999,282.0,125.0,2.75,124.0,999999,999999,999999,9999,254,0.7,99,99,9999,99999,9,999999999,999,0.999,999,99,999,999,99
2021-03-07 10:00:00,3.38,-2.36,66.05,89380.67,9999,9999,275.2,134.0,0.0,134.0,999999,999999,999999,9999,236,0.9,99,99,9999,99999,9,999999999,999,0.999,999,99,999,999,99
2021-03-07 11:00:00,5.38,-2.87,55.3,89230.7,9999,9999,287.4,227.0,6.84,223.0,999999,999999,999999,9999,242,1.1,99,99,9999,99999,9,999999999,999,0.999,999,99,999,999,99
2021-03-07 12:00:00,6.82,-2.36,52.0,89133.66,9999,9999,291.6,277.0,14.23,268.0,999999,999999,999999,9999,223,1.0,99,99,9999,99999,9,999999999,999,0.999,999,99,999,999,99
2021-03-07 13:00:00,7.19,-0.48,58.2,89010.16,9999,9999,281.0,427.0,156.47,328.0,999999,999999,999999,9999,212,1.2,99,99,9999,99999,9,999999999,999,0.999,999,99,999,999,99
2021-03-07 14:00:00,8.27,-0.66,53.35,88877.83,9999,9999,287.4,383.0,141.68,300.0,999999,999999,999999,9999,194,0.9,99,99,9999,99999,9,999999999,999,0.999,999,99,999,999,99
2021-03-07 15:00:00,8.85,0.31,55.05,88798.44,9999,9999,283.6,303.0,115.16,246.0,999999,999999,999999,9999,166,0.9,99,99,9999,99999,9,999999999,999,0.999,999,99,999,999,99
2021-03-07 16:00:00,8.37,0.91,59.4,88807.26,9999,9999,285.0,176.0,40.96,161.0,999999,999999,999999,9999,164,0.8,99,99,9999,99999,9,999999999,999,0.999,999,99,999,999,99
2021-03-07 17:00:00,8.21,1.54,62.8,88807.26,9999,9999,286.4,135.0,220.82,89.0,999999,999999,999999,9999,148,0.8,99,99,9999,99999,9,999999999,999,0.999,999,99,999,999,99
2021-03-07 18:00:00,6.8,2.33,73.15,88860.19,9999,9999,298.2,0.0,0.0,0.0,999999,999999,999999,9999,128,0.8,99,99,9999,99999,9,999999999,999,0.999,999,99,999,999,99
2021-03-07 19:00:00,6.54,1.67,71.05,88948.41,9999,9999,309.4,0.0,-0.0,0.0,999999,999999,999999,9999,99,0.1,99,99,9999,99999,9,999999999,999,0.999,999,99,999,999,99
2021-03-07 20:00:00,6.0,1.55,73.15,89027.8,9999,9999,290.6,0.0,-0.0,0.0,999999,999999,999999,9999,118,0.7,99,99,9999,99999,9,999999999,999,0.999,999,99,999,999,99
2021-03-07 21:00:00,5.07,1.55,78.0,89098.37,9999,9999,267.4,0.0,-0.0,0.0,999999,999999,999999,9999,104,0.6,99,99,9999,99999,9,999999999,999,0.999,999,99,999,999,99
2021-03-07 22:00:00,4.51,1.51,80.85,89151.3,9999,9999,277.0,0.0,-0.0,0.0,999999,999999,999999,9999,75,0.3,99,99,9999,99999,9,999999999,999,0.999,999,99,999,999,99
2021-03-07 23:00:00,4.15,1.35,82.0,89204.23,9999,9999,265.6,0.0,-0.0,0.0,999999,999999,999999,9999,32,0.3,99,99,9999,99999,9,999999999,999,0.999,999,99,999,999,99
2021-03-08 00:00:00,3.99,1.08,81.3,89160.12,9999,9999,282.6,0.0,-0.0,0.0,999999,999999,999999,9999,31,0.3,99,99,9999,99999,9,999999999,999,0.999,999,99,999,999,99
2021-03-08 01:00:00,3.84,0.84,80.8,89160.12,9999,9999,299.6,0.0,-0.0,0.0,999999,999999,999999,9999,68,0.3,99,99,9999,99999,9,999999999,999,0.999,999,99,999,999,99
2021-03-08 02:00:00,3.73,0.77,81.0,89116.02,9999,9999,302.2,0.0,-0.0,0.0,999999,999999,999999,9999,73,0.3,99,99,9999,99999,9,999999999,999,0.999,999,99,999,999,99
2021-03-08 03:00:00,3.54,0.58,80.95,89063.09,9999,9999,300.6,0.0,-0.0,0.0,999999,999999,999999,9999,89,0.3,99,99,9999,99999,9,999999999,999,0.999,999,99,999,999,99
2021-03-08 04:00:00,3.38,0.4,80.85,89027.8,9999,9999,306.4,0.0,-0.0,0.0,999999,999999,999999,9999,115,0.3,99,99,9999,99999,9,999999999,999,0.999,999,99,999,999,99
2021-03-08 05:00:00,3.17,0.21,80.9,89036.62,9999,9999,302.4,0.0,-0.0,0.0,999999,999999,999999,9999,140,0.3,99,99,9999,99999,9,999999999,999,0.999,999,99,999,999,99
2021-03-08 06:00:00,2.94,-0.06,80.65,89054.27,9999,9999,289.8,0.0,-0.0,0.0,999999,999999,999999,9999,152,0.2,99,99,9999,99999,9,999999999,999,0.999,999,99,999,999,99
2021-03-08 07:00:00,2.77,-0.41,79.6,89063.09,9999,9999,277.0,0.0,0.0,0.0,999999,999999,999999,9999,161,0.1,99,99,9999,99999,9,999999999,999,0.999,999,99,999,999,99
2021-03-08 08:00:00,3.36,-0.54,75.6,89080.73,9999,9999,278.6,103.0,66.31,89.0,999999,999999,999999,9999,153,0.0,99,99,9999,99999,9,999999999,999,0.999,999,99,999,999,99
2021-03-08 09:00:00,4.01,1.35,82.8,89116.02,9999,9999,285.2,225.0,129.95,177.0,999999,999999,999999,9999,114,0.2,99,99,9999,99999,9,999999999,999,0.999,999,99,999,999,99
2021-03-08 10:00:00,5.81,1.04,71.45,89133.66,9999,9999,287.6,212.0,16.04,204.0,999999,999999,999999,9999,122,0.8,99,99,9999,99999,9,999999999,999,0.999,999,99,999,999,99
2021-03-08 11:00:00,6.92,0.99,65.95,89195.41,9999,9999,266.2,209.0,1.69,208.0,999999,999999,999999,9999,124,1.2,99,99,9999,99999,9,999999999,999,0.999,999,99,999,999,99
2021-03-08 12:00:00,7.4,1.75,67.4,89186.59,9999,9999,275.6,192.0,0.0,192.0,999999,999999,999999,9999,129,1.2,99,99,9999,99999,9,999999999,999,0.999,999,99,999,999,99
2021-03-08 13:00:00,8.13,1.74,64.05,89168.95,9999,9999,290.8,97.0,0.0,97.0,999999,999999,999999,9999,132,1.3,99,99,9999,99999,9,999999999,999,0.999,999,99,999,999,99
2021-03-08 14:00:00,8.06,2.01,65.65,89124.84,9999,9999,290.0,189.0,0.0,189.0,999999,999999,999999,9999,133,1.4,99,99,9999,99999,9,999999999,999,0.999,999,99,999,999,99
2021-03-08 15:00:00,7.96,2.35,67.7,89133.66,9999,9999,299.4,199.0,10.01,194.0,999999,999999,999999,9999,132,1.5,99,99,9999,99999,9,999999999,999,0.999,999,99,999,999,99
2021-03-08 16:00:00,7.35,2.77,72.7,89151.3,9999,9999,295.2,193.0,64.75,169.0,999999,999999,999999,9999,136,1.4,99,99,9999,99999,9,999999999,999,0.999,999,99,999,999,99
2021-03-08 17:00:00,6.56,3.14,78.8,89177.77,9999,9999,296.8,122.0,136.39,93.0,999999,999999,999999,9999,140,1.2,99,99,9999,99999,9,999999999,999,0.999,999,99,999,999,99
2021-03-08 18:00:00,5.89,3.24,83.1,89213.05,9999,9999,301.2,0.0,0.0,0.0,999999,999999,999999,9999,138,1.0,99,99,9999,99999,9,999999999,999,0.999,999,99,999,999,99
2021-03-08 19:00:00,5.47,3.64,88.0,89248.34,9999,9999,296.4,0.0,-0.0,0.0,999999,999999,999999,9999,135,0.7,99,99,9999,99999,9,999999999,999,0.999,999,99,999,999,99
2021-03-08 20:00:00,4.49,3.08,90.55,89292.45,9999,9999,298.0,0.0,-0.0,0.0,999999,999999,999999,9999,172,0.8,99,99,9999,99999,9,999999999,999,0.999,999,99,999,999,99
2021-03-08 21:00:00,4.25,2.95,91.25,89310.09,9999,9999,300.8,0.0,-0.0,0.0,999999,999999,999999,9999,166,0.8,99,99,9999,99999,9,999999999,999,0.999,999,99,999,999,99
2021-03-08 22:00:00,4.35,3.13,91.75,89318.91,9999,9999,298.8,0.0,-0.0,0.0,999999,999999,999999,9999,154,0.7,99,99,9999,99999,9,999999999,999,0.999,999,99,999,999,99
2021-03-08 23:00:00,4.21,3.1,92.5,89363.02,9999,9999,302.4,0.0,-0.0,0.0,999999,999999,999999,9999,136,0.7,99,99,9999,99999,9,999999999,999,0.999,999,99,999,999,99
2021-03-09 00:00:00,3.6,2.82,94.65,89345.38,9999,9999,309.4,0.0,-0.0,0.0,999999,999999,999999,9999,125,0.8,99,99,9999,99999,9,999999999,999,0.999,999,99,999,999,99
2021-03-09 01:00:00,3.26,2.65,95.75,89363.02,9999,9999,305.2,0.0,-0.0,0.0,999999,999999,999999,9999,119,0.8,99,99,9999,99999,9,999999999,999,0.999,999,99,999,999,99
2021-03-09 02:00:00,3.06,2.5,96.1,89345.38,9999,9999,305.0,0.0,-0.0,0.0,999999,999999,999999,9999,119,0.6,99,99,9999,99999,9,999999999,999,0.999,999,99,999,999,99
2021-03-09 03:00:00,3.11,2.53,95.95,89318.91,9999,9999,305.0,0.0,-0.0,0.0,999999,999999,999999,9999,128,0.5,99,99,9999,99999,9,999999999,999,0.999,999,99,999,999,99
2021-03-09 04:00:00,2.78,2.31,96.7,89265.98,9999,9999,310.2,0.0,-0.0,0.0,999999,999999,999999,9999,119,0.5,99,99,9999,99999,9,999999999,999,0.999,999,99,999,999,99
2021-03-09 05:00:00,2.71,2.24,96.7,89265.98,9999,9999,310.0,0.0,-0.0,0.0,999999,999999,999999,9999,120,0.5,99,99,9999,99999,9,999999999,999,0.999,999,99,999,999,99
2021-03-09 06:00:00,2.59,2.23,97.5,89265.98,9999,9999,313.2,0.0,-0.0,0.0,999999,999999,999999,9999,116,0.4,99,99,9999,99999,9,999999999,999,0.999,999,99,999,999,99
2021-03-09 07:00:00,2.59,2.22,97.4,89257.16,9999,9999,312.8,0.0,0.0,0.0,999999,999999,999999,9999,118,0.3,99,99,9999,99999,9,999999999,999,0.999,999,99,999,999,99
2021-03-09 08:00:00,2.76,2.41,97.55,89283.63,9999,9999,313.0,67.0,4.61,66.0,999999,999999,999999,9999,115,0.6,99,99,9999,99999,9,999999999,999,0.999,999,99,999,999,99
2021-03-09 09:00:00,3.33,2.8,96.3,89318.91,9999,9999,307.8,87.0,0.0,87.0,999999,999999,999999,9999,118,0.9,99,99,9999,99999,9,999999999,999,0.999,999,99,999,999,99
2021-03-09 10:00:00,3.75,2.98,94.7,89327.74,9999,9999,307.4,94.0,0.0,94.0,999999,999999,999999,9999,123,1.0,99,99,9999,99999,9,999999999,999,0.999,999,99,999,999,99
2021-03-09 11:00:00,4.2,2.83,90.8,89318.91,9999,9999,308.8,98.0,0.0,98.0,999999,999999,999999,9999,123,1.1,99,99,9999,99999,9,999999999,999,0.999,999,99,999,999,99
2021-03-09 12:00:00,4.51,2.81,88.75,89301.27,9999,9999,311.0,150.0,0.0,150.0,999999,999999,999999,9999,128,1.2,99,99,9999,99999,9,999999999,999,0.999,999,99,999,999,99
2021-03-09 13:00:00,4.65,3.06,89.4,89301.27,9999,9999,315.2,90.0,0.0,90.0,999999,999999,999999,9999,123,1.1,99,99,9999,99999,9,999999999,999,0.999,999,99,999,999,99
2021-03-09 14:00:00,4.63,3.22,90.6,89248.34,9999,9999,319.2,81.0,0.0,81.0,999999,999999,999999,9999,118,1.0,99,99,9999,99999,9,999999999,999,0.999,999,99,999,999,99
2021-03-09 15:00:00,4.52,3.27,91.6,89221.88,9999,9999,316.0,76.0,0.0,76.0,999999,999999,999999,9999,111,1.0,99,99,9999,99999,9,999999999,999,0.999,999,99,999,999,99
2021-03-09 16:00:00,4.41,3.35,92.85,89195.41,9999,9999,319.4,62.0,0.0,62.0,999999,999999,999999,9999,106,0.8,99,99,9999,99999,9,999999999,999,0.999,999,99,999,999,99
2021-03-09 17:00:00,4.27,3.46,94.45,89168.95,9999,9999,321.8,78.0,13.83,75.0,999999,999999,999999,9999,97,0.7,99,99,9999,99999,9,999999999,999,0.999,999,99,999,999,99
2021-03-09 18:00:00,3.96,3.47,96.6,89177.77,9999,9999,320.6,0.0,0.0,0.0,999999,999999,999999,9999,86,0.7,99,99,9999,99999,9,999999999,999,0.999,999,99,999,999,99
2021-03-09 19:00:00,3.64,3.24,97.25,89177.77,9999,9999,322.0,0.0,-0.0,0.0,999999,999999,999999,9999,75,0.7,99,99,9999,99999,9,999999999,999,0.999,999,99,999,999,99
2021-03-09 20:00:00,3.14,2.84,97.9,89195.41,9999,9999,318.6,0.0,-0.0,0.0,999999,999999,999999,9999,93,0.6,99,99,9999,99999,9,999999999,999,0.999,999,99,999,999,99
2021-03-09 21:00:00,3.07,2.7,97.4,89204.23,9999,9999,319.0,0.0,-0.0,0.0,999999,999999,999999,9999,89,0.5,99,99,9999,99999,9,999999999,999,0.999,999,99,999,999,99
2021-03-09 22:00:00,3.13,2.58,96.2,89221.88,9999,9999,318.8,0.0,-0.0,0.0,999999,999999,999999,9999,85,0.5,99,99,9999,99999,9,999999999,999,0.999,999,99,999,999,99
2021-03-09 23:00:00,3.19,2.5,95.25,89248.34,9999,9999,321.0,0.0,-0.0,0.0,999999,999999,999999,9999,84,0.5,99,99,9999,99999,9,999999999,999,0.999,999,99,999,999,99
2021-03-10 00:00:00,3.5,2.4,92.5,89221.88,9999,9999,315.8,0.0,-0.0,0.0,999999,999999,999999,9999,78,0.4,99,99,9999,99999,9,999999999,999,0.999,999,99,999,999,99
2021-03-10 01:00:00,3.5,2.31,91.9,89195.41,9999,9999,319.8,0.0,-0.0,0.0,999999,999999,999999,9999,79,0.4,99,99,9999,99999,9,999999999,999,0.999,999,99,999,999,99
2021-03-10 02:00:00,3.49,2.21,91.35,89168.95,9999,9999,315.25,0.0,-0.0,0.0,999999,999999,999999,9999,69,0.3,99,99,9999,99999,9,999999999,999,0.999,999,99,999,999,99
2021-03-10 03:00:00,3.38,2.08,91.2,89133.66,9999,9999,310.6,0.0,-0.0,0.0,999999,999999,999999,9999,66,0.4,99,99,9999,99999,9,999999999,999,0.999,999,99,999,999,99
2021-03-10 04:00:00,3.05,1.94,92.4,89098.37,9999,9999,311.4,0.0,-0.0,0.0,999999,999999,999999,9999,77,0.5,99,99,9999,99999,9,999999999,999,0.999,999,99,999,999,99
2021-03-10 05:00:00,2.91,1.88,92.95,89063.09,9999,9999,315.2,0.0,-0.0,0.0,999999,999999,999999,9999,84,0.6,99,99,9999,99999,9,999999999,999,0.999,999,99,999,999,99
2021-03-10 06:00:00,2.71,1.82,93.85,89018.98,9999,9999,315.2,0.0,-0.0,0.0,999999,999999,999999,9999,89,0.6,99,99,9999,99999,9,999999999,999,0.999,999,99,999,999,99
2021-03-10 07:00:00,2.48,1.81,95.35,88992.51,9999,9999,319.2,10.0,0.0,10.0,999999,999999,999999,9999,90,0.7,99,99,9999,99999,9,999999999,999,0.999,999,99,999,999,99
2021-03-10 08:00:00,2.77,1.8,93.3,88983.69,9999,9999,314.0,50.0,0.0,50.0,999999,999999,999999,9999,86,0.5,99,99,9999,99999,9,999999999,999,0.999,999,99,999,999,99
2021-03-10 09:00:00,2.92,2.2,95.0,88974.87,9999,9999,314.4,84.0,0.0,84.0,999999,999999,999999,9999,84,0.7,99,99,9999,99999,9,999999999,999,0.999,999,99,999,999,99
2021-03-10 10:00:00,3.17,2.14,92.95,88948.41,9999,9999,315.2,78.0,0.0,78.0,999999,999999,999999,9999,86,0.9,99,99,9999,99999,9,999999999,999,0.999,999,99,999,999,99
2021-03-10 11:00:00,3.76,1.95,87.95,88842.55,9999,9999,317.0,76.0,0.0,76.0,999999,999999,999999,9999,83,1.1,99,99,9999,99999,9,999999999,999,0.999,999,99,999,999,99
2021-03-10 12:00:00,3.86,2.31,89.6,88816.08,9999,9999,318.2,114.0,0.0,114.0,999999,999999,999999,9999,94,1.0,99,99,9999,99999,9,999999999,999,0.999,999,99,999,999,99
2021-03-10 13:00:00,3.98,2.47,89.9,88754.33,9999,9999,319.0,112.0,0.0,112.0,999999,999999,999999,9999,92,1.3,99,99,9999,99999,9,999999999,999,0.999,999,99,999,999,99
2021-03-10 14:00:00,4.37,2.7,88.9,88630.83,9999,9999,317.8,94.0,0.0,94.0,999999,999999,999999,9999,100,1.3,99,99,9999,99999,9,999999999,999,0.999,999,99,999,999,99
2021-03-10 15:00:00,4.14,3.1,92.95,88533.79,9999,9999,319.8,52.0,0.0,52.0,999999,999999,999999,9999,87,1.2,99,99,9999,99999,9,999999999,999,0.999,999,99,999,999,99
2021-03-10 16:00:00,4.0,3.24,94.8,88472.04,9999,9999,322.0,80.0,0.0,80.0,999999,999999,999999,9999,67,0.8,99,99,9999,99999,9,999999999,999,0.999,999,99,999,999,99
2021-03-10 17:00:00,3.86,3.32,96.3,88366.18,9999,9999,320.0,46.0,0.0,46.0,999999,999999,999999,9999,38,0.6,99,99,9999,99999,9,999999999,999,0.999,999,99,999,999,99
2021-03-10 18:00:00,3.67,3.15,96.4,88304.43,9999,9999,318.2,11.0,0.0,11.0,999999,999999,999999,9999,18,0.6,99,99,9999,99999,9,999999999,999,0.999,999,99,999,999,99
2021-03-10 19:00:00,3.39,2.9,96.6,88260.32,9999,9999,317.8,0.0,-0.0,0.0,999999,999999,999999,9999,16,0.8,99,99,9999,99999,9,999999999,999,0.999,999,99,999,999,99
2021-03-10 20:00:00,3.16,2.72,96.95,88216.21,9999,9999,319.0,0.0,-0.0,0.0,999999,999999,999999,9999,20,0.6,99,99,9999,99999,9,999999999,999,0.999,999,99,999,999,99
2021-03-10 21:00:00,3.1,2.55,96.15,88163.28,9999,9999,320.0,0.0,-0.0,0.0,999999,999999,999999,9999,16,0.6,99,99,9999,99999,9,999999999,999,0.999,999,99,999,999,99
2021-03-10 22:00:00,2.83,2.15,95.25,88136.82,9999,9999,310.0,0.0,-0.0,0.0,999999,999999,999999,9999,4,0.8,99,99,9999,99999,9,999999999,999,0.999,999,99,999,999,99
2021-03-10 23:00:00,2.26,1.23,92.9,88101.53,9999,9999,275.6,0.0,-0.0,0.0,999999,999999,999999,9999,352,0.8,99,99,9999,99999,9,999999999,999,0.999,999,99,999,999,99
2021-03-11 00:00:00,3.01,1.02,86.75,88066.24,9999,9999,264.4,0.0,-0.0,0.0,999999,999999,999999,9999,344,0.7,99,99,9999,99999,9,999999999,999,0.999,999,99,999,999,99
2021-03-11 01:00:00,2.88,0.48,84.25,88013.31,9999,9999,255.0,0.0,-0.0,0.0,999999,999999,999999,9999,351,0.5,99,99,9999,99999,9,999999999,999,0.999,999,99,999,999,99
2021-03-11 02:00:00,2.73,0.06,82.55,87995.67,9999,9999,245.8,0.0,-0.0,0.0,999999,999999,999999,9999,357,0.4,99,99,9999,99999,9,999999999,999,0.999,999,99,999,999,99
2021-03-11 03:00:00,2.48,-0.47,80.9,87978.03,9999,9999,251.2,0.0,-0.0,0.0,999999,999999,999999,9999,351,0.6,99,99,9999,99999,9,999999999,999,0.999,999,99,999,999,99
2021-03-11 04:00:00,2.15,-1.05,79.35,88004.49,9999,9999,243.4,0.0,-0.0,0.0,999999,999999,999999,9999,348,0.6,99,99,9999,99999,9,999999999,999,0.999,999,99,999,999,99
2021-03-11 05:00:00,1.9,-1.63,77.45,88039.78,9999,9999,241.4,0.0,-0.0,0.0,999999,999999,999999,9999,345,0.6,99,99,9999,99999,9,999999999,999,0.999,999,99,999,999,99
2021-03-11 06:00:00,1.82,-1.93,76.2,88083.89,9999,9999,245.8,0.0,-0.0,0.0,999999,999999,999999,9999,343,0.7,99,99,9999,99999,9,999999999,999,0.999,999,99,999,999,99
2021-03-11 07:00:00,1.9,-2.09,74.85,88145.64,9999,9999,253.6,15.0,0.0,15.0,999999,999999,999999,9999,340,0.7,99,99,9999,99999,9,999999999,999,0.999,999,99,999,999,99
2021-03-11 08:00:00,2.68,-2.39,69.25,88207.39,9999,9999,227.0,187.0,490.57,75.0,999999,999999,999999,9999,330,0.6,99,99,9999,99999,9,999999999,999,0.999,999,99,999,999,99
2021-03-11 09:00:00,3.94,0.68,79.3,88304.43,9999,9999,237.0,379.0,758.14,86.0,999999,999999,999999,9999,246,0.3,99,99,9999,99999,9,999999999,999,0.999,999,99,999,999,99
2021-03-11 10:00:00,6.84,0.38,63.45,88348.54,9999,9999,235.2,535.0,841.91,101.0,999999,999999,999999,9999,234,0.8,99,99,9999,99999,9,999999999,999,0.999,999,99,999,999,99
2021-03-11 11:00:00,8.03,0.64,59.6,88383.82,9999,9999,236.2,644.0,873.75,114.0,999999,999999,999999,9999,244,1.0,99,99,9999,99999,9,999999999,999,0.999,999,99,999,999,99
2021-03-11 12:00:00,9.28,-2.08,44.9,88392.64,9999,9999,236.4,706.0,911.99,110.0,999999,999999,999999,9999,254,1.2,99,99,9999,99999,9,999999999,999,0.999,999,99,999,999,99
2021-03-11 13:00:00,9.93,-3.53,38.6,88392.64,9999,9999,235.6,687.0,829.87,145.0,999999,999999,999999,9999,260,1.4,99,99,9999,99999,9,999999999,999,0.999,999,99,999,999,99
2021-03-11 14:00:00,10.28,-4.08,36.2,88427.93,9999,9999,250.0,646.0,890.33,107.0,999999,999999,999999,9999,258,1.6,99,99,9999,99999,9,999999999,999,0.999,999,99,999,999,99
2021-03-11 15:00:00,10.3,-3.66,37.3,88445.57,9999,9999,285.8,415.0,350.46,235.0,999999,999999,999999,9999,262,1.9,99,99,9999,99999,9,999999999,999,0.999,999,99,999,999,99
2021-03-11 16:00:00,9.94,-2.95,40.3,88472.04,9999,9999,285.0,255.0,182.29,185.0,999999,999999,999999,9999,271,1.9,99,99,9999,99999,9,999999999,999,0.999,999,99,999,999,99
2021-03-11 17:00:00,9.27,-2.29,44.25,88516.15,9999,9999,297.0,185.0,505.69,71.0,999999,999999,999999,9999,285,2.0,99,99,9999,99999,9,999999999,999,0.999,999,99,999,999,99
2021-03-11 18:00:00,8.04,-1.68,50.3,88577.9,9999,9999,287.4,13.0,0.0,13.0,999999,999999,999999,9999,286,1.6,99,99,9999,99999,9,999999999,999,0.999,999,99,999,999,99
2021-03-11 19:00:00,6.76,-0.87,58.25,88683.76,9999,9999,312.2,0.0,-0.0,0.0,999999,999999,999999,9999,284,1.5,99,99,9999,99999,9,999999999,999,0.999,999,99,999,999,99
2021-03-11 20:00:00,7.43,-2.41,49.7,88798.44,9999,9999,289.8,0.0,-0.0,0.0,999999,999999,999999,9999,270,1.0,99,99,9999,99999,9,999999999,999,0.999,999,99,999,999,99
2021-03-11 21:00:00,7.21,-2.05,51.8,88833.72,9999,9999,310.4,0.0,-0.0,0.0,999999,999999,999999,9999,295,1.0,99,99,9999,99999,9,999999999,999,0.999,999,99,999,999,99
2021-03-11 22:00:00,6.01,-1.45,58.8,88869.01,9999,9999,295.8,0.0,-0.0,0.0,999999,999999,999999,9999,310,1.3,99,99,9999,99999,9,999999999,999,0.999,999,99,999,999,99
2021-03-11 23:00:00,4.58,-1.66,63.95,88904.3,9999,9999,271.8,0.0,-0.0,0.0,999999,999999,999999,9999,317,1.5,99,99,9999,99999,9,999999999,999,0.999,999,99,999,999,99
2021-03-12 00:00:00,4.34,-1.32,66.65,88869.01,9999,9999,285.0,0.0,-0.0,0.0,999999,999999,999999,9999,327,1.5,99,99,9999,99999,9,999999999,999,0.999,999,99,999,999,99
2021-03-12 01:00:00,4.73,-1.22,65.35,88824.9,9999,9999,294.6,0.0,-0.0,0.0,999999,999999,999999,9999,327,1.4,99,99,9999,99999,9,999999999,999,0.999,999,99,999,999,99
2021-03-12 02:00:00,6.32,-1.12,58.95,88842.55,9999,9999,292.4,0.0,-0.0,0.0,999999,999999,999999,9999,327,1.2,99,99,9999,99999,9,999999999,999,0.999,999,99,999,999,99
2021-03-12 03:00:00,6.28,-1.42,57.85,88816.08,9999,9999,268.0,0.0,-0.0,0.0,999999,999999,999999,9999,323,1.0,99,99,9999,99999,9,999999999,999,0.999,999,99,999,999,99
2021-03-12 04:00:00,6.27,-1.44,57.8,88816.08,9999,9999,272.4,0.0,-0.0,0.0,999999,999999,999999,9999,313,1.0,99,99,9999,99999,9,999999999,999,0.999,999,99,999,999,99
2021-03-12 05:00:00,6.18,-1.56,57.65,88833.72,9999,9999,267.6,0.0,-0.0,0.0,999999,999999,999999,9999,310,1.1,99,99,9999,99999,9,999999999,999,0.999,999,99,999,999,99
2021-03-12 06:00:00,6.02,-1.68,57.75,88798.44,9999,9999,264.2,0.0,-0.0,0.0,999999,999999,999999,9999,310,1.2,99,99,9999,99999,9,999999999,999,0.999,999,99,999,999,99
2021-03-12 07:00:00,5.9,-1.87,57.45,88807.26,9999,9999,256.6,16.0,0.0,16.0,999999,999999,999999,9999,302,1.3,99,99,9999,99999,9,999999999,999,0.999,999,99,999,999,99
2021-03-12 08:00:00,4.19,-0.81,69.95,88824.9,9999,9999,248.6,202.0,589.58,64.0,999999,999999,999999,9999,306,1.4,99,99,9999,99999,9,999999999,999,0.999,999,99,999,999,99
2021-03-12 09:00:00,8.33,1.96,64.2,88824.9,9999,9999,253.4,384.0,747.1,91.0,999999,999999,999999,9999,274,0.5,99,99,9999,99999,9,999999999,999,0.999,999,99,999,999,99
2021-03-12 10:00:00,10.48,3.12,60.35,88798.44,9999,9999,264.2,541.0,846.28,100.0,999999,999999,999999,9999,240,0.3,99,99,9999,99999,9,999999999,999,0.999,999,99,999,999,99
2021-03-12 11:00:00,10.94,3.7,60.95,88789.62,9999,9999,307.8,651.0,875.77,115.0,999999,999999,999999,9999,236,0.5,99,99,9999,99999,9,999999999,999,0.999,999,99,999,999,99
2021-03-12 12:00:00,11.73,4.37,60.65,88727.87,9999,9999,307.8,705.0,880.41,125.0,999999,999999,999999,9999,251,0.8,99,99,9999,99999,9,999999999,999,0.999,999,99,999,999,99
2021-03-12 13:00:00,12.83,4.58,57.25,88666.11,9999,9999,300.2,685.0,799.2,159.0,999999,999999,999999,9999,251,1.1,99,99,9999,99999,9,999999999,999,0.999,999,99,999,999,99
2021-03-12 14:00:00,13.92,4.08,51.5,88595.54,9999,9999,283.2,645.0,858.72,121.0,999999,999999,999999,9999,236,1.2,99,99,9999,99999,9,999999999,999,0.999,999,99,999,999,99
2021-03-12 15:00:00,13.89,3.58,49.8,88551.43,9999,9999,300.0,532.0,812.43,111.0,999999,999999,999999,9999,243,1.7,99,99,9999,99999,9,999999999,999,0.999,999,99,999,999,99
2021-03-12 16:00:00,13.36,3.08,49.75,88551.43,9999,9999,292.4,354.0,592.17,124.0,999999,999999,999999,9999,238,1.8,99,99,9999,99999,9,999999999,999,0.999,999,99,999,999,99
2021-03-12 17:00:00,13.0,2.8,49.95,88613.18,9999,9999,299.6,191.0,518.15,72.0,999999,999999,999999,9999,231,1.7,99,99,9999,99999,9,999999999,999,0.999,999,99,999,999,99
2021-03-12 18:00:00,10.55,2.93,59.25,88719.04,9999,9999,281.4,13.0,0.0,13.0,999999,999999,999999,9999,249,1.7,99,99,9999,99999,9,999999999,999,0.999,999,99,999,999,99
2021-03-12 19:00:00,8.84,3.01,66.85,88824.9,9999,9999,280.0,0.0,-0.0,0.0,999999,999999,999999,9999,264,1.5,99,99,9999,99999,9,999999999,999,0.999,999,99,999,999,99
2021-03-12 20:00:00,8.49,-0.88,51.75,88966.05,9999,9999,259.0,0.0,-0.0,0.0,999999,999999,999999,9999,230,1.8,99,99,9999,99999,9,999999999,999,0.999,999,99,999,999,99
2021-03-12 21:00:00,6.23,-2.22,54.7,89054.27,9999,9999,254.4,0.0,-0.0,0.0,999999,999999,999999,9999,249,2.0,99,99,9999,99999,9,999999999,999,0.999,999,99,999,999,99
2021-03-12 22:00:00,4.48,-3.44,56.45,89177.77,9999,9999,246.6,0.0,-0.0,0.0,999999,999999,999999,9999,266,2.2,99,99,9999,99999,9,999999999,999,0.999,999,99,999,999,99
2021-03-12 23:00:00,3.38,-4.4,56.75,89168.95,9999,9999,248.0,0.0,-0.0,0.0,999999,999999,999999,9999,275,2.3,99,99,9999,99999,9,999999999,999,0.999,999,99,999,999,99
2021-03-13 00:00:00,2.3,-5.12,58.0,89239.52,9999,9999,238.0,0.0,-0.0,0.0,999999,999999,999999,9999,288,2.4,99,99,9999,99999,9,999999999,999,0.999,999,99,999,999,99
2021-03-13 01:00:00,1.32,-5.57,60.15,89301.27,9999,9999,230.0,0.0,-0.0,0.0,999999,999999,999999,9999,297,2.3,99,99,9999,99999,9,999999999,999,0.999,999,99,999,999,99
2021-03-13 02:00:00,0.05,-5.87,64.4,89336.56,9999,9999,227.0,0.0,-0.0,0.0,999999,999999,999999,9999,302,2.4,99,99,9999,99999,9,999999999,999,0.999,999,99,999,999,99
2021-03-13 03:00:00,-0.8,-6.15,67.05,89327.74,9999,9999,224.2,0.0,-0.0,0.0,999999,999999,999999,9999,305,2.3,99,99,9999,99999,9,999999999,999,0.999,999,99,999,999,99
2021-03-13 04:00:00,-1.16,-6.4,67.55,89354.2,9999,9999,225.2,0.0,-0.0,0.0,999999,999999,999999,9999,307,2.2,99,99,9999,99999,9,999999999,999,0.999,999,99,999,999,99
2021-03-13 05:00:00,-1.48,-6.69,67.65,89398.31,9999,9999,223.2,0.0,-0.0,0.0,999999,999999,999999,9999,307,2.2,99,99,9999,99999,9,999999999,999,0.999,999,99,999,999,99
2021-03-13 06:00:00,-1.79,-7.04,67.35,89424.77,9999,9999,218.8,0.0,-0.0,0.0,999999,999999,999999,9999,310,2.2,99,99,9999,99999,9,999999999,999,0.999,999,99,999,999,99
2021-03-13 07:00:00,-2.31,-7.45,67.8,89442.42,9999,9999,212.8,19.0,0.0,19.0,999999,999999,999999,9999,314,2.3,99,99,9999,99999,9,999999999,999,0.999,999,99,999,999,99
2021-03-13 08:00:00,0.03,-4.54,71.35,89442.42,9999,9999,222.2,210.0,604.57,65.0,999999,999999,999999,9999,314,1.9,99,99,9999,99999,9,999999999,999,0.999,999,99,999,999,99
2021-03-13 09:00:00,4.94,-1.13,64.85,89486.52,9999,9999,230.2,392.0,764.02,88.0,999999,999999,999999,9999,317,1.3,99,99,9999,99999,9,999999999,999,0.999,999,99,999,999,99
2021-03-13 10:00:00,9.15,-1.34,47.85,89512.99,9999,9999,240.0,548.0,848.68,101.0,999999,999999,999999,9999,331,0.4,99,99,9999,99999,9,999999999,999,0.999,999,99,999,999,99
2021-03-13 11:00:00,10.62,-1.6,42.55,89363.02,9999,9999,248.6,654.0,861.58,122.0,999999,999999,999999,9999,114,0.2,99,99,9999,99999,9,999999999,999,0.999,999,99,999,999,99
2021-03-13 12:00:00,12.17,-2.74,35.3,89327.74,9999,9999,240.2,711.0,882.5,125.0,999999,999999,999999,9999,122,0.5,99,99,9999,99999,9,999999999,999,0.999,999,99,999,999,99
2021-03-13 13:00:00,13.02,-2.51,33.95,89257.16,9999,9999,246.4,694.0,815.77,153.0,999999,999999,999999,9999,130,0.7,99,99,9999,99999,9,999999999,999,0.999,999,99,999,999,99
2021-03-13 14:00:00,13.57,-2.23,33.45,89213.05,9999,9999,250.8,657.0,892.69,108.0,999999,999999,999999,9999,138,0.9,99,99,9999,99999,9,999999999,999,0.999,999,99,999,999,99
2021-03-13 15:00:00,13.71,-1.96,33.8,89177.77,9999,9999,252.2,543.0,845.5,101.0,999999,999999,999999,9999,144,1.0,99,99,9999,99999,9,999999999,999,0.999,999,99,999,999,99
2021-03-13 16:00:00,13.55,-1.69,34.85,89142.48,9999,9999,252.8,386.0,761.26,87.0,999999,999999,999999,9999,148,1.0,99,99,9999,99999,9,999999999,999,0.999,999,99,999,999,99
2021-03-13 17:00:00,13.01,-0.99,38.0,89151.3,9999,9999,253.0,206.0,632.83,58.0,999999,999999,999999,9999,144,0.8,99,99,9999,99999,9,999999999,999,0.999,999,99,999,999,99
2021-03-13 18:00:00,11.5,1.54,50.4,89160.12,9999,9999,252.2,15.0,0.0,15.0,999999,999999,999999,9999,134,0.7,99,99,9999,99999,9,999999999,999,0.999,999,99,999,999,99
2021-03-13 19:00:00,10.63,-0.4,46.4,89204.23,9999,9999,249.4,0.0,-0.0,0.0,999999,999999,999999,9999,113,0.4,99,99,9999,99999,9,999999999,999,0.999,999,99,999,999,99
2021-03-13 20:00:00,11.11,-0.14,45.8,89274.81,9999,9999,254.8,0.0,-0.0,0.0,999999,999999,999999,9999,38,0.6,99,99,9999,99999,9,999999999,999,0.999,999,99,999,999,99
2021-03-13 21:00:00,10.17,-0.24,48.4,89327.74,9999,9999,252.6,0.0,-0.0,0.0,999999,999999,999999,9999,23,0.5,99,99,9999,99999,9,999999999,999,0.999,999,99,999,999,99
2021-03-13 22:00:00,9.5,-0.41,50.0,89363.02,9999,9999,256.2,0.0,-0.0,0.0,999999,999999,999999,9999,2,0.6,99,99,9999,99999,9,999999999,999,0.999,999,99,999,999,99
2021-03-13 23:00:00,8.95,-0.72,50.75,89398.31,9999,9999,257.0,0.0,-0.0,0.0,999999,999999,999999,9999,350,0.9,99,99,9999,99999,9,999999999,999,0.999,999,99,999,999,99
2021-03-14 00:00:00,8.48,-1.15,50.75,89371.84,9999,9999,257.0,0.0,-0.0,0.0,999999,999999,999999,9999,340,1.2,99,99,9999,99999,9,999999999,999,0.999,999,99,999,999,99
2021-03-14 01:00:00,7.38,-1.74,52.4,89345.38,9999,9999,251.6,0.0,-0.0,0.0,999999,999999,999999,9999,336,1.3,99,99,9999,99999,9,999999999,999,0.999,999,99,999,999,99
2021-03-14 02:00:00,6.82,-2.27,52.35,89354.2,9999,9999,247.2,0.0,-0.0,0.0,999999,999999,999999,9999,330,1.3,99,99,9999,99999,9,999999999,999,0.999,999,99,999,999,99
2021-03-14 03:00:00,6.27,-2.59,53.1,89345.38,9999,9999,253.8,0.0,-0.0,0.0,999999,999999,999999,9999,323,1.4,99,99,9999,99999,9,999999999,999,0.999,999,99,999,999,99
2021-03-14 04:00:00,5.88,-2.88,53.4,89327.74,9999,9999,252.6,0.0,-0.0,0.0,999999,999999,999999,9999,319,1.4,99,99,9999,99999,9,999999999,999,0.999,999,99,999,999,99
2021-03-14 05:00:00,5.75,-3.03,53.25,89363.02,9999,9999,255.0,0.0,-0.0,0.0,999999,999999,999999,9999,318,1.4,99,99,9999,99999,9,999999999,999,0.999,999,99,999,999,99
2021-03-14 06:00:00,6.73,-3.09,49.55,89363.02,9999,9999,255.2,0.0,-0.0,0.0,999999,999999,999999,9999,324,1.2,99,99,9999,99999,9,999999999,999,0.999,999,99,999,999,99
2021-03-14 07:00:00,6.7,-2.91,50.35,89407.13,9999,9999,252.4,19.0,0.0,19.0,999999,999999,999999,9999,343,0.9,99,99,9999,99999,9,999999999,999,0.999,999,99,999,999,99
2021-03-14 08:00:00,6.17,-1.54,57.75,89460.06,9999,9999,258.2,214.0,590.34,69.0,999999,999999,999999,9999,338,0.9,99,99,9999,99999,9,999999999,999,0.999,999,99,999,999,99
2021-03-14 09:00:00,8.01,1.85,65.1,89512.99,9999,9999,266.0,395.0,740.81,96.0,999999,999999,999999,9999,82,0.1,99,99,9999,99999,9,999999999,999,0.999,999,99,999,999,99
2021-03-14 10:00:00,10.59,2.63,57.85,89521.81,9999,9999,271.2,552.0,834.13,108.0,999999,999999,999999,9999,135,0.8,99,99,9999,99999,9,999999999,999,0.999,999,99,999,999,99
2021-03-14 11:00:00,11.43,3.28,57.3,89512.99,9999,9999,270.4,656.0,847.66,128.0,999999,999999,999999,9999,139,1.3,99,99,9999,99999,9,999999999,999,0.999,999,99,999,999,99
2021-03-14 12:00:00,11.97,3.96,58.0,89460.06,9999,9999,271.2,710.0,850.23,141.0,999999,999999,999999,9999,139,1.4,99,99,9999,99999,9,999999999,999,0.999,999,99,999,999,99
2021-03-14 13:00:00,12.65,4.54,57.75,89424.77,9999,9999,271.0,712.0,866.55,133.0,999999,999999,999999,9999,142,1.5,99,99,9999,99999,9,999999999,999,0.999,999,99,999,999,99
2021-03-14 14:00:00,13.19,5.05,57.8,89380.67,9999,9999,270.6,649.0,829.36,135.0,999999,999999,999999,9999,144,1.5,99,99,9999,99999,9,999999999,999,0.999,999,99,999,999,99
2021-03-14 15:00:00,13.64,5.33,57.2,89318.91,9999,9999,276.0,475.0,515.83,203.0,999999,999999,999999,9999,144,1.5,99,99,9999,99999,9,999999999,999,0.999,999,99,999,999,99
2021-03-14 16:00:00,13.67,5.44,57.55,89301.27,9999,9999,278.4,336.0,453.27,156.0,999999,999999,999999,9999,142,1.4,99,99,9999,99999,9,999999999,999,0.999,999,99,999,999,99
2021-03-14 17:00:00,13.45,5.66,59.25,89292.45,9999,9999,272.2,194.0,478.88,80.0,999999,999999,999999,9999,141,1.3,99,99,9999,99999,9,999999999,999,0.999,999,99,999,999,99
2021-03-14 18:00:00,12.24,6.41,67.55,89310.09,9999,9999,269.2,18.0,0.0,18.0,999999,999999,999999,9999,139,1.0,99,99,9999,99999,9,999999999,999,0.999,999,99,999,999,99
2021-03-14 19:00:00,10.83,6.26,73.4,89354.2,9999,9999,262.8,0.0,-0.0,0.0,999999,999999,999999,9999,161,0.5,99,99,9999,99999,9,999999999,999,0.999,999,99,999,999,99
2021-03-14 20:00:00,10.21,5.46,72.35,89398.31,9999,9999,259.0,0.0,-0.0,0.0,999999,999999,999999,9999,224,0.1,99,99,9999,99999,9,999999999,999,0.999,999,99,999,999,99
2021-03-14 21:00:00,9.1,4.84,74.7,89407.13,9999,9999,256.0,0.0,-0.0,0.0,999999,999999,999999,9999,305,0.3,99,99,9999,99999,9,999999999,999,0.999,999,99,999,999,99
2021-03-14 22:00:00,7.9,4.12,77.05,89433.6,9999,9999,251.4,0.0,-0.0,0.0,999999,999999,999999,9999,319,0.5,99,99,9999,99999,9,999999999,999,0.999,999,99,999,999,99
2021-03-14 23:00:00,5.63,3.1,83.8,89468.88,9999,9999,250.8,0.0,-0.0,0.0,999999,999999,999999,9999,328,1.0,99,99,9999,99999,9,999999999,999,0.999,999,99,999,999,99
2021-03-15 00:00:00,1.61,0.55,92.65,89468.88,9999,9999,254.4,0.0,-0.0,0.0,999999,999999,999999,9999,325,1.6,99,99,9999,99999,9,999999999,999,0.999,999,99,999,999,99
2021-03-15 01:00:00,0.22,-0.86,92.45,89477.7,9999,9999,250.6,0.0,-0.0,0.0,999999,999999,999999,9999,321,1.7,99,99,9999,99999,9,999999999,999,0.999,999,99,999,999,99
2021-03-15 02:00:00,-0.37,-1.67,90.95,89477.7,9999,9999,251.2,0.0,-0.0,0.0,999999,999999,999999,9999,320,1.7,99,99,9999,99999,9,999999999,999,0.999,999,99,999,999,99
2021-03-15 03:00:00,-0.59,-2.44,87.3,89451.24,9999,9999,245.2,0.0,-0.0,0.0,999999,999999,999999,9999,321,1.7,99,99,9999,99999,9,999999999,999,0.999,999,99,999,999,99
2021-03-15 04:00:00,-0.83,-3.08,84.7,89433.6,9999,9999,244.8,0.0,-0.0,0.0,999999,999999,999999,9999,322,1.7,99,99,9999,99999,9,999999999,999,0.999,999,99,999,999,99
2021-03-15 05:00:00,-0.92,-3.44,83.05,89468.88,9999,9999,254.0,0.0,-0.0,0.0,999999,999999,999999,9999,323,1.7,99,99,9999,99999,9,999999999,999,0.999,999,99,999,999,99
2021-03-15 06:00:00,-0.77,-3.71,80.5,89477.7,9999,9999,257.4,0.0,-0.0,0.0,999999,999999,999999,9999,325,1.7,99,99,9999,99999,9,999999999,999,0.999,999,99,999,999,99
2021-03-15 07:00:00,-0.44,-3.71,78.55,89495.35,9999,9999,268.0,24.0,0.0,24.0,999999,999999,999999,9999,326,1.5,99,99,9999,99999,9,999999999,999,0.999,999,99,999,999,99
2021-03-15 08:00:00,3.61,-1.55,69.0,89521.81,9999,9999,266.8,209.0,501.17,83.0,999999,999999,999999,9999,327,1.0,99,99,9999,99999,9,999999999,999,0.999,999,99,999,999,99
2021-03-15 09:00:00,7.32,1.18,65.05,89557.1,9999,9999,281.4,385.0,649.86,119.0,999999,999999,999999,9999,44,0.2,99,99,9999,99999,9,999999999,999,0.999,999,99,999,999,99
2021-03-15 10:00:00,9.07,2.63,64.05,89557.1,9999,9999,295.4,405.0,264.01,263.0,999999,999999,999999,9999,117,0.8,99,99,9999,99999,9,999999999,999,0.999,999,99,999,999,99
2021-03-15 11:00:00,9.16,3.8,69.15,89565.92,9999,9999,292.4,572.0,510.91,251.0,999999,999999,999999,9999,125,1.0,99,99,9999,99999,9,999999999,999,0.999,999,99,999,999,99
2021-03-15 12:00:00,9.62,4.42,70.05,89530.63,9999,9999,310.4,586.0,422.59,301.0,999999,999999,999999,9999,120,1.2,99,99,9999,99999,9,999999999,999,0.999,999,99,999,999,99
2021-03-15 13:00:00,10.89,4.96,66.8,89495.35,9999,9999,323.6,585.0,423.4,300.0,999999,999999,999999,9999,124,1.2,99,99,9999,99999,9,999999999,999,0.999,999,99,999,999,99
2021-03-15 14:00:00,10.76,5.85,71.7,89451.24,9999,9999,322.6,497.0,310.66,303.0,999999,999999,999999,9999,128,1.2,99,99,9999,99999,9,999999999,999,0.999,999,99,999,999,99
2021-03-15 15:00:00,10.38,6.26,75.65,89415.95,9999,9999,334.8,253.0,30.09,237.0,999999,999999,999999,9999,129,1.2,99,99,9999,99999,9,999999999,999,0.999,999,99,999,999,99
2021-03-15 16:00:00,9.84,6.44,79.4,89415.95,9999,9999,340.2,167.0,17.44,160.0,999999,999999,999999,9999,124,1.2,99,99,9999,99999,9,999999999,999,0.999,999,99,999,999,99
2021-03-15 17:00:00,9.26,6.64,83.7,89407.13,9999,9999,341.0,55.0,0.0,55.0,999999,999999,999999,9999,117,1.0,99,99,9999,99999,9,999999999,999,0.999,999,99,999,999,99
2021-03-15 18:00:00,8.51,7.25,91.8,89389.49,9999,9999,341.0,19.0,0.0,19.0,999999,999999,999999,9999,106,0.9,99,99,9999,99999,9,999999999,999,0.999,999,99,999,999,99
2021-03-15 19:00:00,7.89,6.98,94.0,89407.13,9999,9999,328.8,0.0,-0.0,0.0,999999,999999,999999,9999,93,0.8,99,99,9999,99999,9,999999999,999,0.999,999,99,999,999,99
2021-03-15 20:00:00,7.32,6.61,95.25,89407.13,9999,9999,327.0,0.0,-0.0,0.0,999999,999999,999999,9999,107,0.8,99,99,9999,99999,9,999999999,999,0.999,999,99,999,999,99
2021-03-15 21:00:00,6.91,6.19,95.15,89380.67,9999,9999,326.6,0.0,-0.0,0.0,999999,999999,999999,9999,111,1.0,99,99,9999,99999,9,999999999,999,0.999,999,99,999,999,99
2021-03-15 22:00:00,6.74,6.18,96.25,89389.49,9999,9999,331.8,0.0,-0.0,0.0,999999,999999,999999,9999,118,0.8,99,99,9999,99999,9,999999999,999,0.999,999,99,999,999,99
2021-03-15 23:00:00,6.41,5.83,96.1,89415.95,9999,9999,331.6,0.0,-0.0,0.0,999999,999999,999999,9999,116,0.9,99,99,9999,99999,9,999999999,999,0.999,999,99,999,999,99
2021-03-16 00:00:00,6.03,5.65,97.4,89363.02,9999,9999,325.8,0.0,-0.0,0.0,999999,999999,999999,9999,85,0.8,99,99,9999,99999,9,999999999,999,0.999,999,99,999,999,99
2021-03-16 01:00:00,6.14,5.63,96.55,89345.38,9999,9999,327.2,0.0,-0.0,0.0,999999,999999,999999,9999,79,0.5,99,99,9999,99999,9,999999999,999,0.999,999,99,999,999,99
2021-03-16 02:00:00,6.15,5.54,95.85,89310.09,9999,9999,330.65,0.0,-0.0,0.0,999999,999999,999999,9999,56,0.6,99,99,9999,99999,9,999999999,999,0.999,999,99,999,999,99
2021-03-16 03:00:00,6.37,5.6,94.8,89221.88,9999,9999,337.0,0.0,-0.0,0.0,999999,999999,999999,9999,57,0.5,99,99,9999,99999,9,999999999,999,0.999,999,99,999,999,99
2021-03-16 04:00:00,6.36,5.42,93.7,89142.48,9999,9999,324.6,0.0,-0.0,0.0,999999,999999,999999,9999,128,0.4,99,99,9999,99999,9,999999999,999,0.999,999,99,999,999,99
2021-03-16 05:00:00,6.11,5.25,94.2,89107.2,9999,9999,326.4,0.0,-0.0,0.0,999999,999999,999999,9999,153,0.3,99,99,9999,99999,9,999999999,999,0.999,999,99,999,999,99
2021-03-16 06:00:00,5.35,5.1,98.3,89071.91,9999,9999,327.8,0.0,-0.0,0.0,999999,999999,999999,9999,179,0.1,99,99,9999,99999,9,999999999,999,0.999,999,99,999,999,99
2021-03-16 07:00:00,4.69,4.6,99.4,89010.16,9999,9999,322.8,27.0,0.0,27.0,999999,999999,999999,9999,280,0.1,99,99,9999,99999,9,999999999,999,0.999,999,99,999,999,99
2021-03-16 08:00:00,6.03,4.91,92.5,88983.69,9999,9999,323.0,95.0,11.66,92.0,999999,999999,999999,9999,300,0.1,99,99,9999,99999,9,999999999,999,0.999,999,99,999,999,99
2021-03-16 09:00:00,7.17,5.81,91.05,88948.41,9999,9999,310.0,376.0,571.05,139.0,999999,999999,999999,9999,191,0.5,99,99,9999,99999,9,999999999,999,0.999,999,99,999,999,99
2021-03-16 10:00:00,8.57,5.85,83.05,88921.94,9999,9999,302.8,546.0,748.95,139.0,999999,999999,999999,9999,186,0.9,99,99,9999,99999,9,999999999,999,0.999,999,99,999,999,99
2021-03-16 11:00:00,9.85,4.49,69.3,88869.01,9999,9999,303.8,636.0,718.05,181.0,999999,999999,999999,9999,206,0.9,99,99,9999,99999,9,999999999,999,0.999,999,99,999,999,99
2021-03-16 12:00:00,10.97,3.5,60.0,88824.9,9999,9999,298.8,670.0,663.65,219.0,999999,999999,999999,9999,195,0.8,99,99,9999,99999,9,999999999,999,0.999,999,99,999,999,99
2021-03-16 13:00:00,11.87,2.88,54.1,88771.97,9999,9999,293.6,728.0,886.37,127.0,999999,999999,999999,9999,190,0.6,99,99,9999,99999,9,999999999,999,0.999,999,99,999,999,99
2021-03-16 14:00:00,12.56,2.52,50.4,88692.58,9999,9999,275.4,644.0,770.86,159.0,999999,999999,999999,9999,204,0.8,99,99,9999,99999,9,999999999,999,0.999,999,99,999,999,99
2021-03-16 15:00:00,12.77,2.06,48.1,88639.65,9999,9999,278.6,529.0,704.86,151.0,999999,999999,999999,9999,207,1.0,99,99,9999,99999,9,999999999,999,0.999,999,99,999,999,99
2021-03-16 16:00:00,12.45,1.19,46.15,88577.9,9999,9999,274.4,366.0,566.91,136.0,999999,999999,999999,9999,212,1.0,99,99,9999,99999,9,999999999,999,0.999,999,99,999,999,99
2021-03-16 17:00:00,12.25,0.54,44.65,88595.54,9999,9999,266.8,182.0,336.91,99.0,999999,999999,999999,9999,207,0.8,99,99,9999,99999,9,999999999,999,0.999,999,99,999,999,99
2021-03-16 18:00:00,10.86,4.33,64.05,88604.36,9999,9999,256.2,21.0,0.0,21.0,999999,999999,999999,9999,164,0.4,99,99,9999,99999,9,999999999,999,0.999,999,99,999,999,99
2021-03-16 19:00:00,9.87,1.35,55.4,88630.83,9999,9999,270.8,0.0,-0.0,0.0,999999,999999,999999,9999,42,0.1,99,99,9999,99999,9,999999999,999,0.999,999,99,999,999,99
2021-03-16 20:00:00,9.54,-2.23,43.65,88701.4,9999,9999,255.2,0.0,-0.0,0.0,999999,999999,999999,9999,14,0.7,99,99,9999,99999,9,999999999,999,0.999,999,99,999,999,99
2021-03-16 21:00:00,7.05,-1.09,56.2,88692.58,9999,9999,251.4,0.0,-0.0,0.0,999999,999999,999999,9999,3,1.0,99,99,9999,99999,9,999999999,999,0.999,999,99,999,999,99
2021-03-16 22:00:00,5.63,-1.27,61.15,88719.04,9999,9999,250.6,0.0,-0.0,0.0,999999,999999,999999,9999,350,1.1,99,99,9999,99999,9,999999999,999,0.999,999,99,999,999,99
2021-03-16 23:00:00,4.37,-1.48,65.75,88736.69,9999,9999,242.0,0.0,-0.0,0.0,999999,999999,999999,9999,336,1.3,99,99,9999,99999,9,999999999,999,0.999,999,99,999,999,99
2021-03-17 00:00:00,3.39,-1.87,68.45,88719.04,9999,9999,240.2,0.0,-0.0,0.0,999999,999999,999999,9999,326,1.4,99,99,9999,99999,9,999999999,999,0.999,999,99,999,999,99
2021-03-17 01:00:00,2.51,-2.52,69.45,88745.51,9999,9999,243.0,0.0,-0.0,0.0,999999,999999,999999,9999,316,1.7,99,99,9999,99999,9,999999999,999,0.999,999,99,999,999,99
2021-03-17 02:00:00,1.61,-2.84,72.3,88754.33,9999,9999,242.6,0.0,-0.0,0.0,999999,999999,999999,9999,313,1.8,99,99,9999,99999,9,999999999,999,0.999,999,99,999,999,99
2021-03-17 03:00:00,1.03,-3.13,73.75,88710.22,9999,9999,245.0,0.0,-0.0,0.0,999999,999999,999999,9999,310,1.9,99,99,9999,99999,9,999999999,999,0.999,999,99,999,999,99
2021-03-17 04:00:00,0.14,-3.58,76.05,88683.76,9999,9999,234.6,0.0,-0.0,0.0,999999,999999,999999,9999,310,1.9,99,99,9999,99999,9,999999999,999,0.999,999,99,999,999,99
2021-03-17 05:00:00,-0.63,-3.87,78.7,88683.76,9999,9999,236.4,0.0,-0.0,0.0,999999,999999,999999,9999,310,2.0,99,99,9999,99999,9,999999999,999,0.999,999,99,999,999,99
2021-03-17 06:00:00,-0.96,-3.9,80.45,88666.11,9999,9999,244.4,0.0,-0.0,0.0,999999,999999,999999,9999,310,2.0,99,99,9999,99999,9,999999999,999,0.999,999,99,999,999,99
2021-03-17 07:00:00,-0.96,-3.83,80.85,88674.94,9999,9999,242.8,27.0,0.0,27.0,999999,999999,999999,9999,310,2.0,99,99,9999,99999,9,999999999,999,0.999,999,99,999,999,99
2021-03-17 08:00:00,2.46,-1.08,77.45,88701.4,9999,9999,239.0,164.0,171.1,119.0,999999,999999,999999,9999,313,1.3,99,99,9999,99999,9,999999999,999,0.999,999,99,999,999,99
2021-03-17 09:00:00,7.7,1.45,64.6,88710.22,9999,9999,244.8,337.0,368.42,182.0,999999,999999,999999,9999,321,0.6,99,99,9999,99999,9,999999999,999,0.999,999,99,999,999,99
2021-03-17 10:00:00,10.27,0.21,49.7,88710.22,9999,9999,250.8,549.0,735.92,145.0,999999,999999,999999,9999,293,0.1,99,99,9999,99999,9,999999999,999,0.999,999,99,999,999,99
2021-03-17 11:00:00,11.75,0.8,47.0,88674.94,9999,9999,255.8,679.0,870.09,123.0,999999,999999,999999,9999,165,0.1,99,99,9999,99999,9,999999999,999,0.999,999,99,999,999,99
2021-03-17 12:00:00,12.81,1.86,47.3,88666.11,9999,9999,255.4,740.0,905.5,120.0,999999,999999,999999,9999,147,0.3,99,99,9999,99999,9,999999999,999,0.999,999,99,999,999,99
2021-03-17 13:00:00,13.42,1.56,44.5,88613.18,9999,9999,261.4,729.0,871.24,134.0,999999,999999,999999,9999,188,0.1,99,99,9999,99999,9,999999999,999,0.999,999,99,999,999,99
2021-03-17 14:00:00,13.73,1.14,42.3,88560.25,9999,9999,264.0,661.0,818.84,142.0,999999,999999,999999,9999,316,0.1,99,99,9999,99999,9,999999999,999,0.999,999,99,999,999,99
2021-03-17 15:00:00,13.94,0.08,38.65,88516.15,9999,9999,269.4,567.0,869.21,97.0,999999,999999,999999,9999,317,0.1,99,99,9999,99999,9,999999999,999,0.999,999,99,999,999,99
2021-03-17 16:00:00,13.7,-1.02,36.25,88472.04,9999,9999,263.2,344.0,439.06,164.0,999999,999999,999999,9999,295,0.2,99,99,9999,99999,9,999999999,999,0.999,999,99,999,999,99
2021-03-17 17:00:00,13.21,-1.32,36.6,88472.04,9999,9999,259.8,141.0,115.78,112.0,999999,999999,999999,9999,311,0.0,99,99,9999,99999,9,999999999,999,0.999,999,99,999,999,99
2021-03-17 18:00:00,11.88,5.0,62.75,88463.22,9999,9999,260.4,24.0,0.0,24.0,999999,999999,999999,9999,159,0.1,99,99,9999,99999,9,999999999,999,0.999,999,99,999,999,99
2021-03-17 19:00:00,11.02,0.15,47.05,88480.86,9999,9999,253.2,0.0,-0.0,0.0,999999,999999,999999,9999,346,0.4,99,99,9999,99999,9,999999999,999,0.999,999,99,999,999,99
2021-03-17 20:00:00,9.95,-2.9,40.4,88516.15,9999,9999,246.0,0.0,-0.0,0.0,999999,999999,999999,9999,354,1.0,99,99,9999,99999,9,999999999,999,0.999,999,99,999,999,99
2021-03-17 21:00:00,6.97,-1.86,53.4,88524.97,9999,9999,243.2,0.0,-0.0,0.0,999999,999999,999999,9999,350,1.3,99,99,9999,99999,9,999999999,999,0.999,999,99,999,999,99
2021-03-17 22:00:00,4.07,-1.65,66.3,88551.43,9999,9999,245.2,0.0,-0.0,0.0,999999,999999,999999,9999,342,1.7,99,99,9999,99999,9,999999999,999,0.999,999,99,999,999,99
2021-03-17 23:00:00,2.61,-1.89,72.2,88542.61,9999,9999,250.2,0.0,-0.0,0.0,999999,999999,999999,9999,336,1.7,99,99,9999,99999,9,999999999,999,0.999,999,99,999,999,99
2021-03-18 00:00:00,1.81,-2.36,73.85,88551.43,9999,9999,245.8,0.0,-0.0,0.0,999999,999999,999999,9999,328,1.9,99,99,9999,99999,9,999999999,999,0.999,999,99,999,999,99
2021-03-18 01:00:00,1.33,-2.79,74.05,88542.61,9999,9999,245.2,0.0,-0.0,0.0,999999,999999,999999,9999,322,1.9,99,99,9999,99999,9,999999999,999,0.999,999,99,999,999,99
2021-03-18 02:00:00,1.11,-3.16,73.2,88524.97,9999,9999,246.0,0.0,-0.0,0.0,999999,999999,999999,9999,319,2.0,99,99,9999,99999,9,999999999,999,0.999,999,99,999,999,99
2021-03-18 03:00:00,1.13,-3.57,70.85,88507.32,9999,9999,249.2,0.0,-0.0,0.0,999999,999999,999999,9999,317,2.1,99,99,9999,99999,9,999999999,999,0.999,999,99,999,999,99
2021-03-18 04:00:00,1.34,-3.94,67.9,88480.86,9999,9999,255.6,0.0,-0.0,0.0,999999,999999,999999,9999,315,2.1,99,99,9999,99999,9,999999999,999,0.999,999,99,999,999,99
2021-03-18 05:00:00,1.61,-3.98,66.4,88436.75,9999,9999,267.6,0.0,-0.0,0.0,999999,999999,999999,9999,313,2.1,99,99,9999,99999,9,999999999,999,0.999,999,99,999,999,99
2021-03-18 06:00:00,1.49,-4.1,66.4,88454.4,9999,9999,254.8,0.0,-0.0,0.0,999999,999999,999999,9999,313,2.1,99,99,9999,99999,9,999999999,999,0.999,999,99,999,999,99
2021-03-18 07:00:00,1.29,-3.98,67.95,88445.57,9999,9999,251.8,32.0,0.0,32.0,999999,999999,999999,9999,314,2.1,99,99,9999,99999,9,999999999,999,0.999,999,99,999,999,99
2021-03-18 08:00:00,2.92,-1.99,70.15,88463.22,9999,9999,260.2,168.0,171.14,122.0,999999,999999,999999,9999,318,1.7,99,99,9999,99999,9,999999999,999,0.999,999,99,999,999,99
2021-03-18 09:00:00,6.88,-0.96,57.4,88498.5,9999,9999,257.4,404.0,659.0,123.0,999999,999999,999999,9999,322,1.2,99,99,9999,99999,9,999999999,999,0.999,999,99,999,999,99
2021-03-18 10:00:00,9.42,-1.97,44.85,88480.86,9999,9999,252.4,574.0,829.58,114.0,999999,999999,999999,9999,10,0.4,99,99,9999,99999,9,999999999,999,0.999,999,99,999,999,99
2021-03-18 11:00:00,10.78,-1.96,41.0,88463.22,9999,9999,258.6,689.0,887.74,117.0,999999,999999,999999,9999,97,0.8,99,99,9999,99999,9,999999999,999,0.999,999,99,999,999,99
2021-03-18 12:00:00,11.5,-0.95,42.1,88480.86,9999,9999,249.6,746.0,907.51,120.0,999999,999999,999999,9999,111,1.2,99,99,9999,99999,9,999999999,999,0.999,999,99,999,999,99
2021-03-18 13:00:00,12.02,-0.77,41.2,88445.57,9999,9999,248.8,735.0,872.36,135.0,999999,999999,999999,9999,113,1.4,99,99,9999,99999,9,999999999,999,0.999,999,99,999,999,99
2021-03-18 14:00:00,12.25,-0.71,40.75,88410.29,9999,9999,265.8,681.0,884.97,116.0,999999,999999,999999,9999,111,1.5,99,99,9999,99999,9,999999999,999,0.999,999,99,999,999,99
2021-03-18 15:00:00,12.39,-1.12,39.2,88366.18,9999,9999,247.2,566.0,840.18,108.0,999999,999999,999999,9999,100,1.2,99,99,9999,99999,9,999999999,999,0.999,999,99,999,999,99
2021-03-18 16:00:00,12.37,-1.69,37.65,88366.18,9999,9999,256.6,406.0,746.04,97.0,999999,999999,999999,9999,97,1.2,99,99,9999,99999,9,999999999,999,0.999,999,99,999,999,99
2021-03-18 17:00:00,11.65,-1.66,39.55,88375.0,9999,9999,257.2,226.0,632.46,65.0,999999,999999,999999,9999,108,1.4,99,99,9999,99999,9,999999999,999,0.999,999,99,999,999,99
2021-03-18 18:00:00,10.37,0.8,51.5,88445.57,9999,9999,246.6,25.0,0.0,25.0,999999,999999,999999,9999,107,1.1,99,99,9999,99999,9,999999999,999,0.999,999,99,999,999,99
2021-03-18 19:00:00,8.42,-0.37,53.95,88560.25,9999,9999,236.0,0.0,-0.0,0.0,999999,999999,999999,9999,73,1.0,99,99,9999,99999,9,999999999,999,0.999,999,99,999,999,99
2021-03-18 20:00:00,9.26,-2.32,44.2,88657.29,9999,9999,245.6,0.0,-0.0,0.0,999999,999999,999999,9999,32,0.6,99,99,9999,99999,9,999999999,999,0.999,999,99,999,999,99
2021-03-18 21:00:00,7.1,-2.67,49.85,88736.69,9999,9999,237.6,0.0,-0.0,0.0,999999,999999,999999,9999,35,0.8,99,99,9999,99999,9,999999999,999,0.999,999,99,999,999,99
2021-03-18 22:00:00,5.27,-3.34,53.8,88860.19,9999,9999,249.8,0.0,-0.0,0.0,999999,999999,999999,9999,39,0.9,99,99,9999,99999,9,999999999,999,0.999,999,99,999,999,99
2021-03-18 23:00:00,4.35,-3.27,57.7,88904.3,9999,9999,271.0,0.0,-0.0,0.0,999999,999999,999999,9999,39,0.9,99,99,9999,99999,9,999999999,999,0.999,999,99,999,999,99
2021-03-19 00:00:00,3.5,-2.91,62.9,88992.51,9999,9999,267.8,0.0,-0.0,0.0,999999,999999,999999,9999,43,1.0,99,99,9999,99999,9,999999999,999,0.999,999,99,999,999,99
2021-03-19 01:00:00,2.56,-2.47,69.45,89071.91,9999,9999,257.2,0.0,-0.0,0.0,999999,999999,999999,9999,44,1.2,99,99,9999,99999,9,999999999,999,0.999,999,99,999,999,99
2021-03-19 02:00:00,1.59,-1.96,77.25,89142.48,9999,9999,272.4,0.0,-0.0,0.0,999999,999999,999999,9999,43,1.1,99,99,9999,99999,9,999999999,999,0.999,999,99,999,999,99
2021-03-19 03:00:00,0.94,-1.9,81.35,89168.95,9999,9999,285.4,0.0,-0.0,0.0,999999,999999,999999,9999,35,1.0,99,99,9999,99999,9,999999999,999,0.999,999,99,999,999,99
2021-03-19 04:00:00,0.81,-1.78,82.8,89151.3,9999,9999,281.8,0.0,-0.0,0.0,999999,999999,999999,9999,24,0.9,99,99,9999,99999,9,999999999,999,0.999,999,99,999,999,99
2021-03-19 05:00:00,0.95,-1.85,81.55,89168.95,9999,9999,288.2,0.0,-0.0,0.0,999999,999999,999999,9999,16,0.8,99,99,9999,99999,9,999999999,999,0.999,999,99,999,999,99
2021-03-19 06:00:00,0.99,-2.04,80.2,89186.59,9999,9999,284.0,0.0,-0.0,0.0,999999,999999,999999,9999,13,0.8,99,99,9999,99999,9,999999999,999,0.999,999,99,999,999,99
2021-03-19 07:00:00,1.12,-2.29,78.0,89195.41,9999,9999,285.2,25.0,0.0,25.0,999999,999999,999999,9999,15,0.6,99,99,9999,99999,9,999999999,999,0.999,999,99,999,999,99
2021-03-19 08:00:00,1.38,-1.34,82.1,89221.88,9999,9999,284.2,0.0,0.0,0.0,999999,999999,999999,9999,359,0.8,99,99,9999,99999,9,999999999,999,0.999,999,99,999,999,99
2021-03-19 09:00:00,2.61,-2.33,69.9,89248.34,9999,9999,281.4,104.0,0.0,104.0,999999,999999,999999,9999,33,0.7,99,99,9999,99999,9,999999999,999,0.999,999,99,999,999,99
2021-03-19 10:00:00,3.3,-2.04,68.0,89239.52,9999,9999,279.0,113.0,0.0,113.0,999999,999999,999999,9999,67,1.0,99,99,9999,99999,9,999999999,999,0.999,999,99,999,999,99
2021-03-19 11:00:00,4.24,-1.9,64.35,89230.7,9999,9999,275.4,199.0,0.0,199.0,999999,999999,999999,9999,86,1.2,99,99,9999,99999,9,999999999,999,0.999,999,99,999,999,99
2021-03-19 12:00:00,4.89,-1.95,61.25,89204.23,9999,9999,272.2,311.0,17.27,299.0,999999,999999,999999,9999,100,1.2,99,99,9999,99999,9,999999999,999,0.999,999,99,999,999,99
2021-03-19 13:00:00,5.77,-1.9,57.85,89133.66,9999,9999,277.8,503.0,210.8,357.0,999999,999999,999999,9999,104,1.3,99,99,9999,99999,9,999999999,999,0.999,999,99,999,999,99
2021-03-19 14:00:00,6.14,-1.71,57.15,89054.27,9999,9999,269.2,553.0,415.23,286.0,999999,999999,999999,9999,110,1.3,99,99,9999,99999,9,999999999,999,0.999,999,99,999,999,99
2021-03-19 15:00:00,6.07,-1.63,57.8,88992.51,9999,9999,263.8,384.0,194.73,277.0,999999,999999,999999,9999,117,1.0,99,99,9999,99999,9,999999999,999,0.999,999,99,999,999,99
2021-03-19 16:00:00,6.13,-1.9,56.4,88913.12,9999,9999,266.0,201.0,38.24,185.0,999999,999999,999999,9999,113,1.0,99,99,9999,99999,9,999999999,999,0.999,999,99,999,999,99
2021-03-19 17:00:00,5.88,-2.01,56.95,88913.12,9999,9999,278.6,109.0,27.07,102.0,999999,999999,999999,9999,104,0.8,99,99,9999,99999,9,999999999,999,0.999,999,99,999,999,99
2021-03-19 18:00:00,5.29,-1.43,61.9,88939.58,9999,9999,272.4,27.0,0.0,27.0,999999,999999,999999,9999,74,0.9,99,99,9999,99999,9,999999999,999,0.999,999,99,999,999,99
2021-03-19 19:00:00,3.59,-0.4,75.15,89001.34,9999,9999,245.6,0.0,-0.0,0.0,999999,999999,999999,9999,18,1.0,99,99,9999,99999,9,999999999,999,0.999,999,99,999,999,99
2021-03-19 20:00:00,4.41,-3.35,57.1,89080.73,9999,9999,233.4,0.0,-0.0,0.0,999999,999999,999999,9999,348,0.8,99,99,9999,99999,9,999999999,999,0.999,999,99,999,999,99
2021-03-19 21:00:00,2.67,-3.62,63.25,89116.02,9999,9999,239.8,0.0,-0.0,0.0,999999,999999,999999,9999,328,1.1,99,99,9999,99999,9,999999999,999,0.999,999,99,999,999,99
2021-03-19 22:00:00,0.71,-4.41,68.6,89160.12,9999,9999,231.4,0.0,-0.0,0.0,999999,999999,999999,9999,325,1.4,99,99,9999,99999,9,999999999,999,0.999,999,99,999,999,99
2021-03-19 23:00:00,-0.53,-5.25,70.4,89124.84,9999,9999,229.4,0.0,-0.0,0.0,999999,999999,999999,9999,322,1.6,99,99,9999,99999,9,999999999,999,0.999,999,99,999,999,99
2021-03-20 00:00:00,-1.64,-6.18,71.15,89177.77,9999,9999,223.4,0.0,-0.0,0.0,999999,999999,999999,9999,316,1.7,99,99,9999,99999,9,999999999,999,0.999,999,99,999,999,99
2021-03-20 01:00:00,-2.38,-7.01,70.55,89248.34,9999,9999,221.6,0.0,-0.0,0.0,999999,999999,999999,9999,311,1.7,99,99,9999,99999,9,999999999,999,0.999,999,99,999,999,99
2021-03-20 02:00:00,-2.65,-7.67,68.4,89274.81,9999,9999,223.2,0.0,-0.0,0.0,999999,999999,999999,9999,311,1.7,99,99,9999,99999,9,999999999,999,0.999,999,99,999,999,99
2021-03-20 03:00:00,-2.66,-8.07,66.35,89274.81,9999,9999,232.0,0.0,-0.0,0.0,999999,999999,999999,9999,312,1.8,99,99,9999,99999,9,999999999,999,0.999,999,99,999,999,99
2021-03-20 04:00:00,-3.32,-8.78,65.95,89265.98,9999,9999,218.6,0.0,-0.0,0.0,999999,999999,999999,9999,312,1.9,99,99,9999,99999,9,999999999,999,0.999,999,99,999,999,99
2021-03-20 05:00:00,-3.82,-9.42,65.1,89274.81,9999,9999,216.6,0.0,-0.0,0.0,999999,999999,999999,9999,311,1.9,99,99,9999,99999,9,999999999,999,0.999,999,99,999,999,99
2021-03-20 06:00:00,-3.78,-9.9,62.5,89318.91,9999,9999,225.4,0.0,-0.0,0.0,999999,999999,999999,9999,308,2.0,99,99,9999,99999,9,999999999,999,0.999,999,99,999,999,99
2021-03-20 07:00:00,-4.24,-10.26,62.9,89380.67,9999,9999,202.8,67.0,326.66,33.0,999999,999999,999999,9999,308,2.1,99,99,9999,99999,9,999999999,999,0.999,999,99,999,999,99
2021-03-20 08:00:00,-1.63,-6.72,68.25,89407.13,9999,9999,210.6,252.0,634.9,74.0,999999,999999,999999,9999,306,1.7,99,99,9999,99999,9,999999999,999,0.999,999,99,999,999,99
2021-03-20 09:00:00,2.17,-6.89,51.15,89477.7,9999,9999,207.2,438.0,790.44,92.0,999999,999999,999999,9999,302,1.4,99,99,9999,99999,9,999999999,999,0.999,999,99,999,999,99
2021-03-20 10:00:00,4.41,-8.27,39.25,89460.06,9999,9999,212.2,590.0,848.84,110.0,999999,999999,999999,9999,277,0.8,99,99,9999,99999,9,999999999,999,0.999,999,99,999,999,99
2021-03-20 11:00:00,5.94,-8.73,34.05,89310.09,9999,9999,212.4,701.0,891.75,117.0,999999,999999,999999,9999,220,0.5,99,99,9999,99999,9,999999999,999,0.999,999,99,999,999,99
2021-03-20 12:00:00,6.91,-8.61,32.15,89310.09,9999,9999,215.2,753.0,893.0,128.0,999999,999999,999999,9999,204,0.3,99,99,9999,99999,9,999999999,999,0.999,999,99,999,999,99
2021-03-20 13:00:00,7.6,-8.92,29.95,89257.16,9999,9999,209.4,754.0,909.11,120.0,999999,999999,999999,9999,258,0.2,99,99,9999,99999,9,999999999,999,0.999,999,99,999,999,99
2021-03-20 14:00:00,8.09,-8.3,30.4,89195.41,9999,9999,212.8,699.0,921.91,102.0,999999,999999,999999,9999,270,0.1,99,99,9999,99999,9,999999999,999,0.999,999,99,999,999,99
2021-03-20 15:00:00,8.27,-9.17,28.05,89124.84,9999,9999,218.0,579.0,859.48,103.0,999999,999999,999999,9999,285,0.4,99,99,9999,99999,9,999999999,999,0.999,999,99,999,999,99
2021-03-20 16:00:00,8.23,-9.95,26.45,89063.09,9999,9999,216.2,404.0,681.58,116.0,999999,999999,999999,9999,273,0.7,99,99,9999,99999,9,999999999,999,0.999,999,99,999,999,99
2021-03-20 17:00:00,7.8,-10.3,26.5,89036.62,9999,9999,217.6,236.0,650.99,65.0,999999,999999,999999,9999,246,0.8,99,99,9999,99999,9,999999999,999,0.999,999,99,999,999,99
2021-03-20 18:00:00,6.91,-8.24,33.1,89027.8,9999,9999,220.0,26.0,0.0,26.0,999999,999999,999999,9999,225,0.7,99,99,9999,99999,9,999999999,999,0.999,999,99,999,999,99
2021-03-20 19:00:00,5.88,-9.22,32.9,89063.09,9999,9999,212.8,0.0,-0.0,0.0,999999,999999,999999,9999,228,0.7,99,99,9999,99999,9,999999999,999,0.999,999,99,999,999,99
2021-03-20 20:00:00,5.96,-12.61,25.0,89071.91,9999,9999,216.4,0.0,-0.0,0.0,999999,999999,999999,9999,268,0.6,99,99,9999,99999,9,999999999,999,0.999,999,99,999,999,99
2021-03-20 21:00:00,5.18,-11.78,28.2,89089.55,9999,9999,216.2,0.0,-0.0,0.0,999999,999999,999999,9999,271,0.5,99,99,9999,99999,9,999999999,999,0.999,999,99,999,999,99
2021-03-20 22:00:00,4.36,-10.99,31.8,89063.09,9999,9999,219.2,0.0,-0.0,0.0,999999,999999,999999,9999,285,0.4,99,99,9999,99999,9,999999999,999,0.999,999,99,999,999,99
2021-03-20 23:00:00,3.29,-10.33,36.15,89080.73,9999,9999,218.6,0.0,-0.0,0.0,999999,999999,999999,9999,291,0.3,99,99,9999,99999,9,999999999,999,0.999,999,99,999,999,99
2021-03-21 00:00:00,2.32,-9.96,39.85,89027.8,9999,9999,217.2,0.0,-0.0,0.0,999999,999999,999999,9999,287,0.5,99,99,9999,99999,9,999999999,999,0.999,999,99,999,999,99
2021-03-21 01:00:00,1.52,-9.84,42.6,88939.58,9999,9999,221.8,0.0,-0.0,0.0,999999,999999,999999,9999,292,0.8,99,99,9999,99999,9,999999999,999,0.999,999,99,999,999,99
2021-03-21 02:00:00,0.95,-9.94,44.05,88860.19,9999,9999,224.2,0.0,-0.0,0.0,999999,999999,999999,9999,305,1.2,99,99,9999,99999,9,999999999,999,0.999,999,99,999,999,99
2021-03-21 03:00:00,-0.12,-9.35,49.85,88745.51,9999,9999,229.6,0.0,-0.0,0.0,999999,999999,999999,9999,315,1.4,99,99,9999,99999,9,999999999,999,0.999,999,99,999,999,99
2021-03-21 04:00:00,-0.11,-9.05,51.0,88613.18,9999,9999,244.4,0.0,-0.0,0.0,999999,999999,999999,9999,321,1.3,99,99,9999,99999,9,999999999,999,0.999,999,99,999,999,99
2021-03-21 05:00:00,1.04,-9.4,45.65,88498.5,9999,9999,263.0,0.0,-0.0,0.0,999999,999999,999999,9999,321,1.0,99,99,9999,99999,9,999999999,999,0.999,999,99,999,999,99
2021-03-21 06:00:00,1.15,-9.13,46.25,88410.29,9999,9999,262.2,0.0,-0.0,0.0,999999,999999,999999,9999,318,0.8,99,99,9999,99999,9,999999999,999,0.999,999,99,999,999,99
2021-03-21 07:00:00,1.16,-8.71,47.75,88295.61,9999,9999,262.4,58.0,154.64,41.0,999999,999999,999999,9999,332,0.6,99,99,9999,99999,9,999999999,999,0.999,999,99,999,999,99
2021-03-21 08:00:00,1.68,-6.96,52.7,88216.21,9999,9999,268.2,167.0,129.31,130.0,999999,999999,999999,9999,351,0.3,99,99,9999,99999,9,999999999,999,0.999,999,99,999,999,99
2021-03-21 09:00:00,2.76,-4.13,60.5,88128.0,9999,9999,265.4,442.0,778.14,97.0,999999,999999,999999,9999,31,0.1,99,99,9999,99999,9,999999999,999,0.999,999,99,999,999,99
2021-03-21 10:00:00,4.71,-5.43,47.8,88004.49,9999,9999,269.6,523.0,539.47,215.0,999999,999999,999999,9999,123,0.3,99,99,9999,99999,9,999999999,999,0.999,999,99,999,999,99
2021-03-21 11:00:00,6.07,-4.34,47.25,87942.74,9999,9999,279.8,543.0,349.93,312.0,999999,999999,999999,9999,148,0.8,99,99,9999,99999,9,999999999,999,0.999,999,99,999,999,99
2021-03-21 12:00:00,6.59,-3.43,48.8,87792.77,9999,9999,286.8,578.0,339.07,339.0,999999,999999,999999,9999,145,1.1,99,99,9999,99999,9,999999999,999,0.999,999,99,999,999,99
2021-03-21 13:00:00,6.77,-2.38,52.1,87616.34,9999,9999,296.6,674.0,602.45,251.0,999999,999999,999999,9999,148,1.2,99,99,9999,99999,9,999999999,999,0.999,999,99,999,999,99
2021-03-21 14:00:00,6.64,-1.32,56.85,87439.91,9999,9999,304.6,569.0,438.6,283.0,999999,999999,999999,9999,143,1.2,99,99,9999,99999,9,999999999,999,0.999,999,99,999,999,99
2021-03-21 15:00:00,6.24,-0.6,61.6,87325.23,9999,9999,306.6,313.0,73.46,272.0,999999,999999,999999,9999,138,1.3,99,99,9999,99999,9,999999999,999,0.999,999,99,999,999,99
2021-03-21 16:00:00,5.27,0.63,72.0,87254.65,9999,9999,303.8,210.0,44.53,191.0,999999,999999,999999,9999,128,1.3,99,99,9999,99999,9,999999999,999,0.999,999,99,999,999,99
2021-03-21 17:00:00,4.47,1.36,80.25,87139.97,9999,9999,306.2,94.0,7.5,92.0,999999,999999,999999,9999,116,1.2,99,99,9999,99999,9,999999999,999,0.999,999,99,999,999,99
2021-03-21 18:00:00,3.77,2.12,89.0,87078.22,9999,9999,309.6,31.0,0.0,31.0,999999,999999,999999,9999,88,0.8,99,99,9999,99999,9,999999999,999,0.999,999,99,999,999,99
2021-03-21 19:00:00,2.99,2.08,93.75,87078.22,9999,9999,307.4,0.0,-0.0,0.0,999999,999999,999999,9999,55,0.7,99,99,9999,99999,9,999999999,999,0.999,999,99,999,999,99
2021-03-21 20:00:00,2.61,1.8,94.4,87078.22,9999,9999,299.8,0.0,-0.0,0.0,999999,999999,999999,9999,51,0.7,99,99,9999,99999,9,999999999,999,0.999,999,99,999,999,99
2021-03-21 21:00:00,1.92,0.7,91.6,87078.22,9999,9999,274.0,0.0,-0.0,0.0,999999,999999,999999,9999,42,0.5,99,99,9999,99999,9,999999999,999,0.999,999,99,999,999,99
2021-03-21 22:00:00,2.22,0.27,86.95,87104.69,9999,9999,267.6,0.0,-0.0,0.0,999999,999999,999999,9999,45,0.4,99,99,9999,99999,9,999999999,999,0.999,999,99,999,999,99
2021-03-21 23:00:00,1.95,-0.74,82.35,87087.04,9999,9999,243.2,0.0,-0.0,0.0,999999,999999,999999,9999,10,0.3,99,99,9999,99999,9,999999999,999,0.999,999,99,999,999,99
2021-03-22 00:00:00,1.31,-1.63,80.8,87104.69,9999,9999,234.0,0.0,-0.0,0.0,999999,999999,999999,9999,330,0.4,99,99,9999,99999,9,999999999,999,0.999,999,99,999,999,99
2021-03-22 01:00:00,0.84,-2.49,78.4,87113.51,9999,9999,227.0,0.0,-0.0,0.0,999999,999999,999999,9999,311,0.7,99,99,9999,99999,9,999999999,999,0.999,999,99,999,999,99
2021-03-22 02:00:00,0.65,-3.31,74.8,87087.04,9999,9999,223.8,0.0,-0.0,0.0,999999,999999,999999,9999,317,0.9,99,99,9999,99999,9,999999999,999,0.999,999,99,999,999,99
2021-03-22 03:00:00,0.31,-4.23,71.55,87060.58,9999,9999,211.6,0.0,-0.0,0.0,999999,999999,999999,9999,325,1.0,99,99,9999,99999,9,999999999,999,0.999,999,99,999,999,99
2021-03-22 04:00:00,-2.03,-5.92,74.7,87051.76,9999,9999,206.4,0.0,-0.0,0.0,999999,999999,999999,9999,320,1.4,99,99,9999,99999,9,999999999,999,0.999,999,99,999,999,99
2021-03-22 05:00:00,-4.87,-7.93,79.1,87060.58,9999,9999,209.8,0.0,-0.0,0.0,999999,999999,999999,9999,316,2.0,99,99,9999,99999,9,999999999,999,0.999,999,99,999,999,99
2021-03-22 06:00:00,-5.91,-8.63,81.1,87069.4,9999,9999,210.8,0.0,-0.0,0.0,999999,999999,999999,9999,314,2.0,99,99,9999,99999,9,999999999,999,0.999,999,99,999,999,99
2021-03-22 07:00:00,-5.93,-8.44,82.4,87104.69,9999,9999,209.2,81.0,414.59,33.0,999999,999999,999999,9999,312,1.9,99,99,9999,99999,9,999999999,999,0.999,999,99,999,999,99
2021-03-22 08:00:00,-1.3,-3.46,85.25,87166.44,9999,9999,204.8,269.0,681.77,70.0,999999,999999,999999,9999,306,1.3,99,99,9999,99999,9,999999999,999,0.999,999,99,999,999,99
2021-03-22 09:00:00,2.73,-3.29,64.55,87210.55,9999,9999,210.6,451.0,797.36,93.0,999999,999999,999999,9999,299,1.2,99,99,9999,99999,9,999999999,999,0.999,999,99,999,999,99
2021-03-22 10:00:00,4.32,-5.21,49.95,87219.37,9999,9999,209.4,603.0,853.65,111.0,999999,999999,999999,9999,298,1.1,99,99,9999,99999,9,999999999,999,0.999,999,99,999,999,99
2021-03-22 11:00:00,5.67,-7.66,37.7,87166.44,9999,9999,211.2,710.0,877.77,126.0,999999,999999,999999,9999,290,0.8,99,99,9999,99999,9,999999999,999,0.999,999,99,999,999,99
2021-03-22 12:00:00,6.38,-7.75,35.65,87148.8,9999,9999,216.6,431.0,95.8,363.0,999999,999999,999999,9999,290,0.6,99,99,9999,99999,9,999999999,999,0.999,999,99,999,999,99
2021-03-22 13:00:00,7.11,-7.89,33.55,87104.69,9999,9999,216.2,605.0,396.14,325.0,999999,999999,999999,9999,290,0.5,99,99,9999,99999,9,999999999,999,0.999,999,99,999,999,99
2021-03-22 14:00:00,7.57,-7.79,32.75,87069.4,9999,9999,215.6,570.0,428.0,289.0,999999,999999,999999,9999,279,0.3,99,99,9999,99999,9,999999999,999,0.999,999,99,999,999,99
2021-03-22 15:00:00,7.77,-8.06,31.65,87060.58,9999,9999,216.4,532.0,609.9,189.0,999999,999999,999999,9999,260,0.5,99,99,9999,99999,9,999999999,999,0.999,999,99,999,999,99
2021-03-22 16:00:00,7.6,-8.85,30.1,87051.76,9999,9999,221.2,365.0,445.7,173.0,999999,999999,999999,9999,237,0.2,99,99,9999,99999,9,999999999,999,0.999,999,99,999,999,99
2021-03-22 17:00:00,7.57,-11.98,23.55,87060.58,9999,9999,230.6,202.0,336.18,111.0,999999,999999,999999,9999,206,0.1,99,99,9999,99999,9,999999999,999,0.999,999,99,999,999,99
2021-03-22 18:00:00,6.9,-7.54,34.95,87122.33,9999,9999,215.8,30.0,0.0,30.0,999999,999999,999999,9999,68,0.3,99,99,9999,99999,9,999999999,999,0.999,999,99,999,999,99
2021-03-22 19:00:00,5.61,-8.65,35.05,87184.08,9999,9999,212.8,0.0,-0.0,0.0,999999,999999,999999,9999,36,0.7,99,99,9999,99999,9,999999999,999,0.999,999,99,999,999,99
2021-03-22 20:00:00,3.23,-9.24,39.55,87245.83,9999,9999,217.2,0.0,-0.0,0.0,999999,999999,999999,9999,335,1.3,99,99,9999,99999,9,999999999,999,0.999,999,99,999,999,99
2021-03-22 21:00:00,1.15,-9.4,45.3,87316.41,9999,9999,207.6,0.0,-0.0,0.0,999999,999999,999999,9999,330,1.7,99,99,9999,99999,9,999999999,999,0.999,999,99,999,999,99
2021-03-22 22:00:00,-1.09,-9.49,52.9,87386.98,9999,9999,207.0,0.0,-0.0,0.0,999999,999999,999999,9999,322,1.8,99,99,9999,99999,9,999999999,999,0.999,999,99,999,999,99
2021-03-22 23:00:00,-2.6,-9.54,58.9,87395.8,9999,9999,209.6,0.0,-0.0,0.0,999999,999999,999999,9999,317,1.9,99,99,9999,99999,9,999999999,999,0.999,999,99,999,999,99
2021-03-23 00:00:00,-3.17,-9.23,62.95,87413.44,9999,9999,211.4,0.0,-0.0,0.0,999999,999999,999999,9999,315,1.9,99,99,9999,99999,9,999999999,999,0.999,999,99,999,999,99
2021-03-23 01:00:00,-3.4,-8.98,65.3,87422.27,9999,9999,217.4,0.0,-0.0,0.0,999999,999999,999999,9999,315,2.0,99,99,9999,99999,9,999999999,999,0.999,999,99,999,999,99
2021-03-23 02:00:00,-3.19,-8.9,64.7,87448.73,9999,9999,229.6,0.0,-0.0,0.0,999999,999999,999999,9999,317,2.0,99,99,9999,99999,9,999999999,999,0.999,999,99,999,999,99
2021-03-23 03:00:00,-2.72,-8.77,63.1,87448.73,9999,9999,260.8,0.0,-0.0,0.0,999999,999999,999999,9999,322,1.9,99,99,9999,99999,9,999999999,999,0.999,999,99,999,999,99
2021-03-23 04:00:00,-2.63,-8.11,66.0,87484.02,9999,9999,262.6,0.0,-0.0,0.0,999999,999999,999999,9999,336,1.6,99,99,9999,99999,9,999999999,999,0.999,999,99,999,999,99
2021-03-23 05:00:00,-2.67,-7.97,66.9,87501.66,9999,9999,258.4,0.0,-0.0,0.0,999999,999999,999999,9999,339,1.5,99,99,9999,99999,9,999999999,999,0.999,999,99,999,999,99
2021-03-23 06:00:00,-2.44,-7.8,66.65,87554.59,9999,9999,266.2,0.0,-0.0,0.0,999999,999999,999999,9999,332,1.5,99,99,9999,99999,9,999999999,999,0.999,999,99,999,999,99
2021-03-23 07:00:00,-2.38,-7.62,67.3,87625.16,9999,9999,263.6,88.0,444.02,34.0,999999,999999,999999,9999,324,1.5,99,99,9999,99999,9,999999999,999,0.999,999,99,999,999,99
2021-03-23 08:00:00,-0.03,-6.69,60.85,87678.09,9999,9999,247.4,256.0,537.58,96.0,999999,999999,999999,9999,314,1.0,99,99,9999,99999,9,999999999,999,0.999,999,99,999,999,99
2021-03-23 09:00:00,2.17,-7.95,47.15,87704.56,9999,9999,249.6,433.0,662.16,132.0,999999,999999,999999,9999,331,0.8,99,99,9999,99999,9,999999999,999,0.999,999,99,999,999,99
2021-03-23 10:00:00,3.92,-8.15,41.0,87678.09,9999,9999,224.2,567.0,668.68,178.0,999999,999999,999999,9999,21,0.6,99,99,9999,99999,9,999999999,999,0.999,999,99,999,999,99
2021-03-23 11:00:00,4.75,-7.89,39.5,87607.52,9999,9999,226.6,700.0,814.34,154.0,999999,999999,999999,9999,70,0.7,99,99,9999,99999,9,999999999,999,0.999,999,99,999,999,99
2021-03-23 12:00:00,5.58,-8.14,36.55,87598.7,9999,9999,239.6,687.0,604.42,255.0,999999,999999,999999,9999,72,0.8,99,99,9999,99999,9,999999999,999,0.999,999,99,999,999,99
2021-03-23 13:00:00,6.15,-8.45,34.3,87545.77,9999,9999,233.6,535.0,240.34,364.0,999999,999999,999999,9999,54,0.6,99,99,9999,99999,9,999999999,999,0.999,999,99,999,999,99
2021-03-23 14:00:00,6.74,-8.47,32.9,87457.55,9999,9999,234.0,404.0,101.37,337.0,999999,999999,999999,9999,31,0.5,99,99,9999,99999,9,999999999,999,0.999,999,99,999,999,99
2021-03-23 15:00:00,6.92,-9.05,31.05,87386.98,9999,9999,246.4,540.0,623.01,187.0,999999,999999,999999,9999,27,0.5,99,99,9999,99999,9,999999999,999,0.999,999,99,999,999,99
2021-03-23 16:00:00,6.78,-8.53,32.65,87360.51,9999,9999,224.2,383.0,510.52,161.0,999999,999999,999999,9999,41,0.3,99,99,9999,99999,9,999999999,999,0.999,999,99,999,999,99
2021-03-23 17:00:00,6.27,-8.63,33.55,87386.98,9999,9999,217.8,212.0,378.65,108.0,999999,999999,999999,9999,7,0.1,99,99,9999,99999,9,999999999,999,0.999,999,99,999,999,99
2021-03-23 18:00:00,5.5,-10.05,31.65,87431.09,9999,9999,225.0,26.0,0.0,26.0,999999,999999,999999,9999,307,0.2,99,99,9999,99999,9,999999999,999,0.999,999,99,999,999,99
2021-03-23 19:00:00,4.63,-10.19,33.25,87484.02,9999,9999,210.2,0.0,-0.0,0.0,999999,999999,999999,9999,299,0.7,99,99,9999,99999,9,999999999,999,0.999,999,99,999,999,99
2021-03-23 20:00:00,1.13,-8.65,48.1,87563.41,9999,9999,210.6,0.0,-0.0,0.0,999999,999999,999999,9999,301,1.7,99,99,9999,99999,9,999999999,999,0.999,999,99,999,999,99
2021-03-23 21:00:00,-0.44,-9.45,50.6,87607.52,9999,9999,207.8,0.0,-0.0,0.0,999999,999999,999999,9999,307,1.8,99,99,9999,99999,9,999999999,999,0.999,999,99,999,999,99
2021-03-23 22:00:00,-1.84,-9.88,54.2,87660.45,9999,9999,207.6,0.0,-0.0,0.0,999999,999999,999999,9999,307,1.9,99,99,9999,99999,9,999999999,999,0.999,999,99,999,999,99
2021-03-23 23:00:00,-3.1,-10.18,58.1,87581.05,9999,9999,207.2,0.0,-0.0,0.0,999999,999999,999999,9999,307,1.9,99,99,9999,99999,9,999999999,999,0.999,999,99,999,999,99
2021-03-24 00:00:00,-3.88,-10.28,61.1,87607.52,9999,9999,201.0,0.0,-0.0,0.0,999999,999999,999999,9999,306,1.9,99,99,9999,99999,9,999999999,999,0.999,999,99,999,999,99
2021-03-24 01:00:00,-4.19,-10.29,62.5,87598.7,9999,9999,203.4,0.0,-0.0,0.0,999999,999999,999999,9999,308,1.9,99,99,9999,99999,9,999999999,999,0.999,999,99,999,999,99
2021-03-24 02:00:00,-4.75,-10.78,62.7,87616.34,9999,9999,197.0,0.0,-0.0,0.0,999999,999999,999999,9999,311,1.9,99,99,9999,99999,9,999999999,999,0.999,999,99,999,999,99
2021-03-24 03:00:00,-5.36,-11.45,62.25,87616.34,9999,9999,192.6,0.0,-0.0,0.0,999999,999999,999999,9999,313,1.9,99,99,9999,99999,9,999999999,999,0.999,999,99,999,999,99
2021-03-24 04:00:00,-5.51,-11.76,61.45,87589.88,9999,9999,189.6,0.0,-0.0,0.0,999999,999999,999999,9999,312,1.9,99,99,9999,99999,9,999999999,999,0.999,999,99,999,999,99
2021-03-24 05:00:00,-6.08,-12.3,61.45,87589.88,9999,9999,185.6,0.0,-0.0,0.0,999999,999999,999999,9999,312,2.0,99,99,9999,99999,9,999999999,999,0.999,999,99,999,999,99
2021-03-24 06:00:00,-6.38,-12.47,62.0,87607.52,9999,9999,186.6,0.0,-0.0,0.0,999999,999999,999999,9999,312,1.9,99,99,9999,99999,9,999999999,999,0.999,999,99,999,999,99
2021-03-24 07:00:00,-6.48,-12.41,62.8,87616.34,9999,9999,185.6,93.0,455.1,35.0,999999,999999,999999,9999,312,1.9,99,99,9999,99999,9,999999999,999,0.999,999,99,999,999,99
2021-03-24 08:00:00,-2.45,-8.67,62.35,87642.81,9999,9999,184.4,280.0,682.37,73.0,999999,999999,999999,9999,314,1.4,99,99,9999,99999,9,999999999,999,0.999,999,99,999,999,99
2021-03-24 09:00:00,0.78,-10.9,41.3,87651.63,9999,9999,189.0,464.0,804.11,94.0,999999,999999,999999,9999,320,1.0,99,99,9999,99999,9,999999999,999,0.999,999,99,999,999,99
2021-03-24 10:00:00,2.95,-10.53,36.45,87633.98,9999,9999,193.4,602.0,795.43,135.0,999999,999999,999999,9999,343,0.2,99,99,9999,99999,9,999999999,999,0.999,999,99,999,999,99
2021-03-24 11:00:00,4.24,-10.94,32.2,87536.95,9999,9999,192.4,620.0,521.02,268.0,999999,999999,999999,9999,245,0.2,99,99,9999,99999,9,999999999,999,0.999,999,99,999,999,99
2021-03-24 12:00:00,4.97,-10.46,31.8,87563.41,9999,9999,199.6,772.0,882.44,137.0,999999,999999,999999,9999,270,0.6,99,99,9999,99999,9,999999999,999,0.999,999,99,999,999,99
2021-03-24 13:00:00,5.57,-10.71,29.9,87554.59,9999,9999,203.0,764.0,864.4,145.0,999999,999999,999999,9999,298,1.5,99,99,9999,99999,9,999999999,999,0.999,999,99,999,999,99
2021-03-24 14:00:00,5.67,-10.94,29.15,87563.41,9999,9999,207.8,624.0,566.62,247.0,999999,999999,999999,9999,304,2.3,99,99,9999,99999,9,999999999,999,0.999,999,99,999,999,99
2021-03-24 15:00:00,5.11,-11.41,29.2,87607.52,9999,9999,220.4,218.0,5.26,215.0,999999,999999,999999,9999,306,2.8,99,99,9999,99999,9,999999999,999,0.999,999,99,999,999,99
2021-03-24 16:00:00,4.45,-11.92,29.35,87695.74,9999,9999,217.4,436.0,774.69,96.0,999999,999999,999999,9999,301,2.9,99,99,9999,99999,9,999999999,999,0.999,999,99,999,999,99
2021-03-24 17:00:00,3.5,-12.17,30.75,87810.42,9999,9999,216.6,167.0,143.57,127.0,999999,999999,999999,9999,294,2.8,99,99,9999,99999,9,999999999,999,0.999,999,99,999,999,99
2021-03-24 18:00:00,2.42,-11.89,33.95,87916.28,9999,9999,214.6,36.0,0.0,36.0,999999,999999,999999,9999,288,2.6,99,99,9999,99999,9,999999999,999,0.999,999,99,999,999,99
2021-03-24 19:00:00,0.75,-11.76,38.65,88004.49,9999,9999,207.2,0.0,-0.0,0.0,999999,999999,999999,9999,278,2.1,99,99,9999,99999,9,999999999,999,0.999,999,99,999,999,99
2021-03-24 20:00:00,0.6,-10.37,43.65,88057.42,9999,9999,208.0,0.0,-0.0,0.0,999999,999999,999999,9999,239,1.6,99,99,9999,99999,9,999999999,999,0.999,999,99,999,999,99
2021-03-24 21:00:00,-0.42,-9.53,50.2,88075.07,9999,9999,209.0,0.0,-0.0,0.0,999999,999999,999999,9999,240,1.2,99,99,9999,99999,9,999999999,999,0.999,999,99,999,999,99
2021-03-24 22:00:00,-0.55,-10.28,47.8,88075.07,9999,9999,212.8,0.0,-0.0,0.0,999999,999999,999999,9999,259,1.2,99,99,9999,99999,9,999999999,999,0.999,999,99,999,999,99
2021-03-24 23:00:00,-1.01,-9.65,51.95,88048.6,9999,9999,252.4,0.0,-0.0,0.0,999999,999999,999999,9999,269,1.4,99,99,9999,99999,9,999999999,999,0.999,999,99,999,999,99
2021-03-25 00:00:00,-0.96,-9.41,52.75,88066.24,9999,9999,261.4,0.0,-0.0,0.0,999999,999999,999999,9999,271,1.3,99,99,9999,99999,9,999999999,999,0.999,999,99,999,999,99
2021-03-25 01:00:00,-1.46,-8.93,56.8,88022.14,9999,9999,263.2,0.0,-0.0,0.0,999999,999999,999999,9999,270,1.3,99,99,9999,99999,9,999999999,999,0.999,999,99,999,999,99
2021-03-25 02:00:00,-1.0,-8.58,56.45,87960.38,9999,9999,272.6,0.0,-0.0,0.0,999999,999999,999999,9999,270,1.2,99,99,9999,99999,9,999999999,999,0.999,999,99,999,999,99
2021-03-25 03:00:00,0.05,-9.47,48.75,87916.28,9999,9999,266.4,0.0,-0.0,0.0,999999,999999,999999,9999,273,1.0,99,99,9999,99999,9,999999999,999,0.999,999,99,999,999,99
2021-03-25 04:00:00,0.79,-9.84,44.9,87889.81,9999,9999,268.2,0.0,-0.0,0.0,999999,999999,999999,9999,275,0.8,99,99,9999,99999,9,999999999,999,0.999,999,99,999,999,99
2021-03-25 05:00:00,1.37,-10.05,42.35,87907.45,9999,9999,264.8,0.0,-0.0,0.0,999999,999999,999999,9999,293,0.3,99,99,9999,99999,9,999999999,999,0.999,999,99,999,999,99
2021-03-25 06:00:00,1.47,-9.77,43.0,87916.28,9999,9999,260.2,0.0,-0.0,0.0,999999,999999,999999,9999,357,0.2,99,99,9999,99999,9,999999999,999,0.999,999,99,999,999,99
2021-03-25 07:00:00,1.15,-9.38,45.35,87951.56,9999,9999,228.2,97.0,427.73,40.0,999999,999999,999999,9999,12,0.6,99,99,9999,99999,9,999999999,999,0.999,999,99,999,999,99
2021-03-25 08:00:00,2.49,-7.78,46.7,87995.67,9999,9999,224.6,291.0,724.78,67.0,999999,999999,999999,9999,8,0.3,99,99,9999,99999,9,999999999,999,0.999,999,99,999,999,99
2021-03-25 09:00:00,3.11,-5.88,51.7,88039.78,9999,9999,221.4,473.0,822.47,90.0,999999,999999,999999,9999,32,0.3,99,99,9999,99999,9,999999999,999,0.999,999,99,999,999,99
2021-03-25 10:00:00,4.74,-6.43,44.2,88101.53,9999,9999,225.6,628.0,892.94,99.0,999999,999999,999999,9999,72,0.1,99,99,9999,99999,9,999999999,999,0.999,999,99,999,999,99
2021-03-25 11:00:00,5.48,-8.81,34.95,88048.6,9999,9999,224.4,735.0,916.73,111.0,999999,999999,999999,9999,337,0.2,99,99,9999,99999,9,999999999,999,0.999,999,99,999,999,99
2021-03-25 12:00:00,6.21,-8.64,33.65,88110.35,9999,9999,219.4,790.0,934.54,113.0,999999,999999,999999,9999,202,0.2,99,99,9999,99999,9,999999999,999,0.999,999,99,999,999,99
2021-03-25 13:00:00,6.69,-8.07,34.05,88154.46,9999,9999,221.4,790.0,950.5,105.0,999999,999999,999999,9999,193,0.3,99,99,9999,99999,9,999999999,999,0.999,999,99,999,999,99
2021-03-25 14:00:00,7.1,-7.99,33.3,88154.46,9999,9999,221.4,729.0,946.71,95.0,999999,999999,999999,9999,251,0.3,99,99,9999,99999,9,999999999,999,0.999,999,99,999,999,99
2021-03-25 15:00:00,7.24,-7.75,33.6,88154.46,9999,9999,228.0,610.0,900.96,92.0,999999,999999,999999,9999,278,0.2,99,99,9999,99999,9,999999999,999,0.999,999,99,999,999,99
2021-03-25 16:00:00,7.13,-7.45,34.65,88180.92,9999,9999,227.8,448.0,821.88,84.0,999999,999999,999999,9999,307,0.3,99,99,9999,99999,9,999999999,999,0.999,999,99,999,999,99
2021-03-25 17:00:00,6.59,-7.01,37.2,88242.68,9999,9999,226.0,261.0,697.28,64.0,999999,999999,999999,9999,318,0.1,99,99,9999,99999,9,999999999,999,0.999,999,99,999,999,99
2021-03-25 18:00:00,5.61,-6.59,41.1,88304.43,9999,9999,218.8,27.0,0.0,27.0,999999,999999,999999,9999,79,0.1,99,99,9999,99999,9,999999999,999,0.999,999,99,999,999,99
2021-03-25 19:00:00,4.8,-8.09,38.75,88427.93,9999,9999,218.4,0.0,-0.0,0.0,999999,999999,999999,9999,36,0.3,99,99,9999,99999,9,999999999,999,0.999,999,99,999,999,99
2021-03-25 20:00:00,4.71,-9.82,34.05,88551.43,9999,9999,217.6,0.0,-0.0,0.0,999999,999999,999999,9999,326,0.2,99,99,9999,99999,9,999999999,999,0.999,999,99,999,999,99
2021-03-25 21:00:00,3.65,-9.06,38.95,88639.65,9999,9999,218.8,0.0,-0.0,0.0,999999,999999,999999,9999,255,0.1,99,99,9999,99999,9,999999999,999,0.999,999,99,999,999,99
2021-03-25 22:00:00,2.69,-8.63,43.1,88719.04,9999,9999,220.4,0.0,-0.0,0.0,999999,999999,999999,9999,264,0.1,99,99,9999,99999,9,999999999,999,0.999,999,99,999,999,99
2021-03-25 23:00:00,2.16,-8.54,45.05,88692.58,9999,9999,219.4,0.0,-0.0,0.0,999999,999999,999999,9999,284,0.4,99,99,9999,99999,9,999999999,999,0.999,999,99,999,999,99
2021-03-26 00:00:00,1.8,-8.62,45.95,88763.15,9999,9999,219.4,0.0,-0.0,0.0,999999,999999,999999,9999,294,0.6,99,99,9999,99999,9,999999999,999,0.999,999,99,999,999,99
2021-03-26 01:00:00,1.5,-8.78,46.35,88816.08,9999,9999,217.8,0.0,-0.0,0.0,999999,999999,999999,9999,301,0.8,99,99,9999,99999,9,999999999,999,0.999,999,99,999,999,99
2021-03-26 02:00:00,0.99,-9.02,47.2,88816.08,9999,9999,217.4,0.0,-0.0,0.0,999999,999999,999999,9999,307,1.0,99,99,9999,99999,9,999999999,999,0.999,999,99,999,999,99
2021-03-26 03:00:00,-0.62,-9.16,52.45,88807.26,9999,9999,215.2,0.0,-0.0,0.0,999999,999999,999999,9999,312,1.3,99,99,9999,99999,9,999999999,999,0.999,999,99,999,999,99
2021-03-26 04:00:00,-2.64,-9.17,60.8,88780.8,9999,9999,215.4,0.0,-0.0,0.0,999999,999999,999999,9999,313,1.5,99,99,9999,99999,9,999999999,999,0.999,999,99,999,999,99
2021-03-26 05:00:00,-3.51,-9.29,64.25,88763.15,9999,9999,211.8,0.0,-0.0,0.0,999999,999999,999999,9999,313,1.7,99,99,9999,99999,9,999999999,999,0.999,999,99,999,999,99
2021-03-26 06:00:00,-3.94,-9.48,65.4,88771.97,9999,9999,211.4,0.0,-0.0,0.0,999999,999999,999999,9999,313,1.7,99,99,9999,99999,9,999999999,999,0.999,999,99,999,999,99
2021-03-26 07:00:00,-3.51,-9.25,64.45,88780.8,9999,9999,210.6,103.0,453.02,40.0,999999,999999,999999,9999,313,1.5,99,99,9999,99999,9,999999999,999,0.999,999,99,999,999,99
2021-03-26 08:00:00,0.37,-7.13,57.15,88807.26,9999,9999,216.0,291.0,676.75,78.0,999999,999999,999999,9999,323,0.6,99,99,9999,99999,9,999999999,999,0.999,999,99,999,999,99
2021-03-26 09:00:00,2.94,-5.8,52.65,88824.9,9999,9999,217.6,477.0,808.61,96.0,999999,999999,999999,9999,145,0.2,99,99,9999,99999,9,999999999,999,0.999,999,99,999,999,99
2021-03-26 10:00:00,4.73,-4.87,49.8,88771.97,9999,9999,221.2,625.0,846.57,119.0,999999,999999,999999,9999,137,1.0,99,99,9999,99999,9,999999999,999,0.999,999,99,999,999,99
2021-03-26 11:00:00,5.82,-4.02,49.25,88719.04,9999,9999,223.2,745.0,936.25,103.0,999999,999999,999999,9999,136,1.3,99,99,9999,99999,9,999999999,999,0.999,999,99,999,999,99
2021-03-26 12:00:00,6.7,-3.29,48.95,88692.58,9999,9999,227.0,783.0,884.53,138.0,999999,999999,999999,9999,135,1.4,99,99,9999,99999,9,999999999,999,0.999,999,99,999,999,99
2021-03-26 13:00:00,7.95,-3.78,43.3,88604.36,9999,9999,229.8,787.0,916.99,122.0,999999,999999,999999,9999,134,1.4,99,99,9999,99999,9,999999999,999,0.999,999,99,999,999,99
2021-03-26 14:00:00,8.58,-2.81,44.6,88516.15,9999,9999,236.0,723.0,896.16,119.0,999999,999999,999999,9999,132,1.4,99,99,9999,99999,9,999999999,999,0.999,999,99,999,999,99
2021-03-26 15:00:00,8.68,-2.78,44.4,88436.75,9999,9999,247.6,599.0,822.04,123.0,999999,999999,999999,9999,124,1.4,99,99,9999,99999,9,999999999,999,0.999,999,99,999,999,99
2021-03-26 16:00:00,8.55,-2.83,44.65,88392.64,9999,9999,253.0,435.0,722.82,112.0,999999,999999,999999,9999,123,1.4,99,99,9999,99999,9,999999999,999,0.999,999,99,999,999,99
2021-03-26 17:00:00,8.03,-2.91,45.95,88383.82,9999,9999,258.8,203.0,275.82,124.0,999999,999999,999999,9999,121,1.4,99,99,9999,99999,9,999999999,999,0.999,999,99,999,999,99
2021-03-26 18:00:00,6.82,-2.3,52.25,88383.82,9999,9999,252.4,39.0,0.0,39.0,999999,999999,999999,9999,111,1.2,99,99,9999,99999,9,999999999,999,0.999,999,99,999,999,99
2021-03-26 19:00:00,5.07,0.11,70.3,88401.47,9999,9999,253.4,0.0,-0.0,0.0,999999,999999,999999,9999,82,0.8,99,99,9999,99999,9,999999999,999,0.999,999,99,999,999,99
2021-03-26 20:00:00,4.61,-2.56,59.7,88445.57,9999,9999,261.6,0.0,-0.0,0.0,999999,999999,999999,9999,20,0.7,99,99,9999,99999,9,999999999,999,0.999,999,99,999,999,99
2021-03-26 21:00:00,3.73,-2.78,62.5,88445.57,9999,9999,259.8,0.0,-0.0,0.0,999999,999999,999999,9999,8,0.9,99,99,9999,99999,9,999999999,999,0.999,999,99,999,999,99
2021-03-26 22:00:00,2.89,-2.66,66.9,88454.4,9999,9999,277.0,0.0,-0.0,0.0,999999,999999,999999,9999,6,1.0,99,99,9999,99999,9,999999999,999,0.999,999,99,999,999,99
2021-03-26 23:00:00,2.42,-2.56,69.65,88445.57,9999,9999,291.2,0.0,-0.0,0.0,999999,999999,999999,9999,6,1.1,99,99,9999,99999,9,999999999,999,0.999,999,99,999,999,99
2021-03-27 00:00:00,2.23,-2.41,71.4,88489.68,9999,9999,294.2,0.0,-0.0,0.0,999999,999999,999999,9999,1,1.0,99,99,9999,99999,9,999999999,999,0.999,999,99,999,999,99
2021-03-27 01:00:00,2.3,-2.33,71.5,88489.68,9999,9999,296.4,0.0,-0.0,0.0,999999,999999,999999,9999,357,0.9,99,99,9999,99999,9,999999999,999,0.999,999,99,999,999,99
2021-03-27 02:00:00,2.23,-2.24,72.3,88489.68,9999,9999,293.6,0.0,-0.0,0.0,999999,999999,999999,9999,5,0.8,99,99,9999,99999,9,999999999,999,0.999,999,99,999,999,99
2021-03-27 03:00:00,2.24,-2.23,72.3,88445.57,9999,9999,296.4,0.0,-0.0,0.0,999999,999999,999999,9999,17,0.8,99,99,9999,99999,9,999999999,999,0.999,999,99,999,999,99
2021-03-27 04:00:00,2.42,-2.18,71.65,88401.47,9999,9999,294.0,0.0,-0.0,0.0,999999,999999,999999,9999,18,0.6,99,99,9999,99999,9,999999999,999,0.999,999,99,999,999,99
2021-03-27 05:00:00,2.22,-1.8,74.75,88392.64,9999,9999,293.6,0.0,-0.0,0.0,999999,999999,999999,9999,6,0.6,99,99,9999,99999,9,999999999,999,0.999,999,99,999,999,99
2021-03-27 06:00:00,2.01,-1.42,78.0,88392.64,9999,9999,292.2,0.0,-0.0,0.0,999999,999999,999999,9999,350,0.5,99,99,9999,99999,9,999999999,999,0.999,999,99,999,999,99
2021-03-27 07:00:00,1.91,-1.19,79.9,88410.29,9999,9999,284.4,85.0,193.3,57.0,999999,999999,999999,9999,347,0.6,99,99,9999,99999,9,999999999,999,0.999,999,99,999,999,99
2021-03-27 08:00:00,3.17,-2.6,65.85,88410.29,9999,9999,245.2,240.0,321.48,137.0,999999,999999,999999,9999,46,0.2,99,99,9999,99999,9,999999999,999,0.999,999,99,999,999,99
2021-03-27 09:00:00,4.15,-0.59,71.25,88392.64,9999,9999,256.2,325.0,190.92,234.0,999999,999999,999999,9999,114,0.8,99,99,9999,99999,9,999999999,999,0.999,999,99,999,999,99
2021-03-27 10:00:00,5.19,-0.48,66.8,88383.82,9999,9999,273.8,474.0,305.16,290.0,999999,999999,999999,9999,119,0.8,99,99,9999,99999,9,999999999,999,0.999,999,99,999,999,99
2021-03-27 11:00:00,5.76,-0.5,64.1,88392.64,9999,9999,284.4,452.0,137.54,357.0,999999,999999,999999,9999,120,0.7,99,99,9999,99999,9,999999999,999,0.999,999,99,999,999,99
2021-03-27 12:00:00,6.31,0.14,64.65,88375.0,9999,9999,294.4,703.0,595.42,266.0,999999,999999,999999,9999,129,0.8,99,99,9999,99999,9,999999999,999,0.999,999,99,999,999,99
2021-03-27 13:00:00,6.91,1.06,66.3,88322.07,9999,9999,289.6,745.0,745.53,201.0,999999,999999,999999,9999,140,1.2,99,99,9999,99999,9,999999999,999,0.999,999,99,999,999,99
2021-03-27 14:00:00,7.27,1.1,64.9,88269.14,9999,9999,282.8,618.0,508.67,273.0,999999,999999,999999,9999,139,1.2,99,99,9999,99999,9,999999999,999,0.999,999,99,999,999,99
2021-03-27 15:00:00,7.5,1.03,63.55,88225.03,9999,9999,276.2,491.0,401.29,257.0,999999,999999,999999,9999,125,1.2,99,99,9999,99999,9,999999999,999,0.999,999,99,999,999,99
2021-03-27 16:00:00,6.53,1.44,69.95,88233.85,9999,9999,292.2,238.0,62.11,210.0,999999,999999,999999,9999,126,1.1,99,99,9999,99999,9,999999999,999,0.999,999,99,999,999,99
2021-03-27 17:00:00,6.67,1.85,71.35,88251.5,9999,9999,278.2,139.0,51.67,124.0,999999,999999,999999,9999,143,0.7,99,99,9999,99999,9,999999999,999,0.999,999,99,999,999,99
2021-03-27 18:00:00,6.38,1.04,68.7,88322.07,9999,9999,282.2,11.0,0.0,11.0,999999,999999,999999,9999,115,0.8,99,99,9999,99999,9,999999999,999,0.999,999,99,999,999,99
2021-03-27 19:00:00,4.82,1.95,81.65,88375.0,9999,9999,259.4,0.0,-0.0,0.0,999999,999999,999999,9999,76,0.8,99,99,9999,99999,9,999999999,999,0.999,999,99,999,999,99
2021-03-27 20:00:00,4.86,0.46,73.2,88436.75,9999,9999,259.8,0.0,-0.0,0.0,999999,999999,999999,9999,1,0.3,99,99,9999,99999,9,999999999,999,0.999,999,99,999,999,99
2021-03-27 21:00:00,3.46,0.4,80.4,88489.68,9999,9999,251.6,0.0,-0.0,0.0,999999,999999,999999,9999,348,0.8,99,99,9999,99999,9,999999999,999,0.999,999,99,999,999,99
2021-03-27 22:00:00,3.22,-0.17,78.45,88542.61,9999,9999,258.2,0.0,-0.0,0.0,999999,999999,999999,9999,357,0.7,99,99,9999,99999,9,999999999,999,0.999,999,99,999,999,99
2021-03-27 23:00:00,2.82,-0.8,77.1,88542.61,9999,9999,247.6,0.0,-0.0,0.0,999999,999999,999999,9999,6,0.7,99,99,9999,99999,9,999999999,999,0.999,999,99,999,999,99
2021-03-28 00:00:00,2.62,-1.34,75.15,88622.01,9999,9999,256.6,0.0,-0.0,0.0,999999,999999,999999,9999,337,0.9,99,99,9999,99999,9,999999999,999,0.999,999,99,999,999,99
2021-03-28 01:00:00,1.32,-2.63,74.95,88666.11,9999,9999,265.0,0.0,-0.0,0.0,999999,999999,999999,9999,309,1.2,99,99,9999,99999,9,999999999,999,0.999,999,99,999,999,99
2021-03-28 02:00:00,0.65,-3.42,74.2,88710.22,9999,9999,262.6,0.0,-0.0,0.0,999999,999999,999999,9999,299,1.4,99,99,9999,99999,9,999999999,999,0.999,999,99,999,999,99
2021-03-28 03:00:00,0.7,-4.33,69.05,88754.33,9999,9999,241.2,0.0,-0.0,0.0,999999,999999,999999,9999,300,1.4,99,99,9999,99999,9,999999999,999,0.999,999,99,999,999,99
2021-03-28 04:00:00,0.37,-5.04,67.05,88816.08,9999,9999,231.6,0.0,-0.0,0.0,999999,999999,999999,9999,303,1.4,99,99,9999,99999,9,999999999,999,0.999,999,99,999,999,99
2021-03-28 05:00:00,-1.22,-6.01,69.9,88895.48,9999,9999,222.4,0.0,-0.0,0.0,999999,999999,999999,9999,305,1.9,99,99,9999,99999,9,999999999,999,0.999,999,99,999,999,99
2021-03-28 06:00:00,-2.09,-6.84,69.95,88966.05,9999,9999,217.8,0.0,-0.0,0.0,999999,999999,999999,9999,306,2.1,99,99,9999,99999,9,999999999,999,0.999,999,99,999,999,99
2021-03-28 07:00:00,-2.3,-6.86,70.95,89054.27,9999,9999,215.6,113.0,451.48,45.0,999999,999999,999999,9999,308,2.1,99,99,9999,99999,9,999999999,999,0.999,999,99,999,999,99
2021-03-28 08:00:00,0.7,-2.15,81.25,89133.66,9999,9999,223.4,306.0,699.33,78.0,999999,999999,999999,9999,312,1.3,99,99,9999,99999,9,999999999,999,0.999,999,99,999,999,99
2021-03-28 09:00:00,5.24,-1.29,62.75,89204.23,9999,9999,220.2,492.0,831.8,91.0,999999,999999,999999,9999,325,0.5,99,99,9999,99999,9,999999999,999,0.999,999,99,999,999,99
2021-03-28 10:00:00,7.78,-2.74,47.35,89239.52,9999,9999,223.0,644.0,882.99,107.0,999999,999999,999999,9999,159,0.6,99,99,9999,99999,9,999999999,999,0.999,999,99,999,999,99
2021-03-28 11:00:00,9.27,-2.92,42.25,89265.98,9999,9999,227.2,757.0,938.68,104.0,999999,999999,999999,9999,159,1.2,99,99,9999,99999,9,999999999,999,0.999,999,99,999,999,99
2021-03-28 12:00:00,10.38,-1.72,42.85,89283.63,9999,9999,232.0,811.0,955.83,105.0,999999,999999,999999,9999,154,1.3,99,99,9999,99999,9,999999999,999,0.999,999,99,999,999,99
2021-03-28 13:00:00,10.88,-1.98,40.65,89283.63,9999,9999,247.2,814.0,990.31,87.0,999999,999999,999999,9999,142,1.5,99,99,9999,99999,9,999999999,999,0.999,999,99,999,999,99
2021-03-28 14:00:00,11.32,-1.7,40.3,89265.98,9999,9999,250.8,752.0,986.15,79.0,999999,999999,999999,9999,135,1.8,99,99,9999,99999,9,999999999,999,0.999,999,99,999,999,99
2021-03-28 15:00:00,11.36,-1.24,41.6,89274.81,9999,9999,255.6,611.0,841.35,117.0,999999,999999,999999,9999,133,1.8,99,99,9999,99999,9,999999999,999,0.999,999,99,999,999,99
2021-03-28 16:00:00,11.22,-0.96,42.85,89257.16,9999,9999,269.8,454.0,782.93,98.0,999999,999999,999999,9999,134,1.7,99,99,9999,99999,9,999999999,999,0.999,999,99,999,999,99
2021-03-28 17:00:00,11.02,-0.96,43.4,89274.81,9999,9999,256.0,271.0,683.35,70.0,999999,999999,999999,9999,140,1.4,99,99,9999,99999,9,999999999,999,0.999,999,99,999,999,99
2021-03-28 18:00:00,10.1,0.14,50.0,89327.74,9999,9999,268.8,81.0,403.79,34.0,999999,999999,999999,9999,129,1.4,99,99,9999,99999,9,999999999,999,0.999,999,99,999,999,99
2021-03-28 19:00:00,8.23,1.81,63.95,89380.67,9999,9999,254.2,0.0,-0.0,0.0,999999,999999,999999,9999,119,1.0,99,99,9999,99999,9,999999999,999,0.999,999,99,999,999,99
2021-03-28 20:00:00,8.45,0.03,55.45,89468.88,9999,9999,270.6,0.0,-0.0,0.0,999999,999999,999999,9999,104,0.6,99,99,9999,99999,9,999999999,999,0.999,999,99,999,999,99
2021-03-28 21:00:00,8.1,-0.18,55.9,89512.99,9999,9999,251.8,0.0,-0.0,0.0,999999,999999,999999,9999,88,0.3,99,99,9999,99999,9,999999999,999,0.999,999,99,999,999,99
2021-03-28 22:00:00,7.46,-0.33,57.75,89557.1,9999,9999,259.2,0.0,-0.0,0.0,999999,999999,999999,9999,58,0.2,99,99,9999,99999,9,999999999,999,0.999,999,99,999,999,99
2021-03-28 23:00:00,6.8,-0.57,59.4,89574.74,9999,9999,258.6,0.0,-0.0,0.0,999999,999999,999999,9999,22,0.3,99,99,9999,99999,9,999999999,999,0.999,999,99,999,999,99
2021-03-29 00:00:00,6.15,-0.95,60.4,89601.21,9999,9999,258.2,0.0,-0.0,0.0,999999,999999,999999,9999,3,0.6,99,99,9999,99999,9,999999999,999,0.999,999,99,999,999,99
2021-03-29 01:00:00,5.53,-1.26,61.65,89627.67,9999,9999,282.6,0.0,-0.0,0.0,999999,999999,999999,9999,6,0.8,99,99,9999,99999,9,999999999,999,0.999,999,99,999,999,99
2021-03-29 02:00:00,4.61,-1.73,63.5,89618.85,9999,9999,252.0,0.0,-0.0,0.0,999999,999999,999999,9999,358,0.9,99,99,9999,99999,9,999999999,999,0.999,999,99,999,999,99
2021-03-29 03:00:00,3.97,-2.0,65.1,89610.03,9999,9999,270.6,0.0,-0.0,0.0,999999,999999,999999,9999,357,0.9,99,99,9999,99999,9,999999999,999,0.999,999,99,999,999,99
2021-03-29 04:00:00,3.86,-1.97,65.75,89618.85,9999,9999,267.0,0.0,-0.0,0.0,999999,999999,999999,9999,358,0.8,99,99,9999,99999,9,999999999,999,0.999,999,99,999,999,99
2021-03-29 05:00:00,3.78,-1.96,66.15,89645.31,9999,9999,253.4,0.0,-0.0,0.0,999999,999999,999999,9999,360,0.7,99,99,9999,99999,9,999999999,999,0.999,999,99,999,999,99
2021-03-29 06:00:00,3.93,-1.96,65.45,89707.07,9999,9999,241.0,0.0,-0.0,0.0,999999,999999,999999,9999,357,0.6,99,99,9999,99999,9,999999999,999,0.999,999,99,999,999,99
2021-03-29 07:00:00,4.0,-1.79,65.95,89786.46,9999,9999,244.4,114.0,402.91,51.0,999999,999999,999999,9999,344,0.6,99,99,9999,99999,9,999999999,999,0.999,999,99,999,999,99
2021-03-29 08:00:00,6.07,-0.24,63.95,89865.85,9999,9999,252.2,305.0,654.36,88.0,999999,999999,999999,9999,343,0.5,99,99,9999,99999,9,999999999,999,0.999,999,99,999,999,99
2021-03-29 09:00:00,8.45,2.13,64.45,89901.14,9999,9999,251.2,493.0,804.13,101.0,999999,999999,999999,9999,95,0.1,99,99,9999,99999,9,999999999,999,0.999,999,99,999,999,99
2021-03-29 10:00:00,10.67,1.94,54.8,89892.32,9999,9999,249.2,643.0,852.73,120.0,999999,999999,999999,9999,115,0.4,99,99,9999,99999,9,999999999,999,0.999,999,99,999,999,99
2021-03-29 11:00:00,12.04,1.7,49.2,89883.5,9999,9999,248.6,751.0,889.29,128.0,999999,999999,999999,9999,127,0.9,99,99,9999,99999,9,999999999,999,0.999,999,99,999,999,99
2021-03-29 12:00:00,13.05,1.58,45.65,89848.21,9999,9999,246.6,813.0,940.45,114.0,999999,999999,999999,9999,127,1.3,99,99,9999,99999,9,999999999,999,0.999,999,99,999,999,99
2021-03-29 13:00:00,13.76,1.47,43.25,89812.92,9999,9999,250.4,815.0,973.59,96.0,999999,999999,999999,9999,130,1.4,99,99,9999,99999,9,999999999,999,0.999,999,99,999,999,99
2021-03-29 14:00:00,14.25,1.74,42.7,89786.46,9999,9999,253.6,745.0,935.02,103.0,999999,999999,999999,9999,131,1.4,99,99,9999,99999,9,999999999,999,0.999,999,99,999,999,99
2021-03-29 15:00:00,14.42,2.06,43.2,89768.82,9999,9999,256.6,619.0,857.67,112.0,999999,999999,999999,9999,128,1.3,99,99,9999,99999,9,999999999,999,0.999,999,99,999,999,99
2021-03-29 16:00:00,14.35,2.3,44.15,89742.35,9999,9999,257.8,458.0,785.04,98.0,999999,999999,999999,9999,129,1.4,99,99,9999,99999,9,999999999,999,0.999,999,99,999,999,99
2021-03-29 17:00:00,13.85,2.56,46.45,89751.17,9999,9999,258.6,270.0,647.74,77.0,999999,999999,999999,9999,130,1.4,99,99,9999,99999,9,999999999,999,0.999,999,99,999,999,99
2021-03-29 18:00:00,12.72,3.63,53.95,89768.82,9999,9999,258.0,82.0,374.27,37.0,999999,999999,999999,9999,127,1.2,99,99,9999,99999,9,999999999,999,0.999,999,99,999,999,99
2021-03-29 19:00:00,10.94,4.54,64.65,89821.75,9999,9999,256.4,0.0,-0.0,0.0,999999,999999,999999,9999,102,0.8,99,99,9999,99999,9,999999999,999,0.999,999,99,999,999,99
2021-03-29 20:00:00,11.27,2.01,52.9,89901.14,9999,9999,253.8,0.0,-0.0,0.0,999999,999999,999999,9999,37,0.5,99,99,9999,99999,9,999999999,999,0.999,999,99,999,999,99
2021-03-29 21:00:00,10.24,1.72,55.5,89945.25,9999,9999,253.8,0.0,-0.0,0.0,999999,999999,999999,9999,3,0.8,99,99,9999,99999,9,999999999,999,0.999,999,99,999,999,99
2021-03-29 22:00:00,7.93,0.92,61.25,89998.18,9999,9999,253.0,0.0,-0.0,0.0,999999,999999,999999,9999,355,1.2,99,99,9999,99999,9,999999999,999,0.999,999,99,999,999,99
2021-03-29 23:00:00,6.07,-0.05,64.85,90042.29,9999,9999,252.0,0.0,-0.0,0.0,999999,999999,999999,9999,352,1.3,99,99,9999,99999,9,999999999,999,0.999,999,99,999,999,99
2021-03-30 00:00:00,4.55,-0.67,68.9,90051.11,9999,9999,265.8,0.0,-0.0,0.0,999999,999999,999999,9999,347,1.4,99,99,9999,99999,9,999999999,999,0.999,999,99,999,999,99
2021-03-30 01:00:00,3.44,-1.32,71.0,90086.4,9999,9999,256.6,0.0,-0.0,0.0,999999,999999,999999,9999,343,1.5,99,99,9999,99999,9,999999999,999,0.999,999,99,999,999,99
2021-03-30 02:00:00,3.34,-1.45,70.85,90130.5,9999,9999,276.6,0.0,-0.0,0.0,999999,999999,999999,9999,344,1.4,99,99,9999,99999,9,999999999,999,0.999,999,99,999,999,99
2021-03-30 03:00:00,3.64,-1.3,70.15,90139.32,9999,9999,284.6,0.0,-0.0,0.0,999999,999999,999999,9999,345,1.3,99,99,9999,99999,9,999999999,999,0.999,999,99,999,999,99
2021-03-30 04:00:00,4.27,-0.98,68.7,90139.32,9999,9999,297.4,0.0,-0.0,0.0,999999,999999,999999,9999,346,1.2,99,99,9999,99999,9,999999999,999,0.999,999,99,999,999,99
2021-03-30 05:00:00,4.27,-0.6,70.6,90156.97,9999,9999,299.2,0.0,-0.0,0.0,999999,999999,999999,9999,346,1.2,99,99,9999,99999,9,999999999,999,0.999,999,99,999,999,99
2021-03-30 06:00:00,3.96,0.09,75.9,90174.61,9999,9999,312.0,0.0,-0.0,0.0,999999,999999,999999,9999,348,1.2,99,99,9999,99999,9,999999999,999,0.999,999,99,999,999,99
2021-03-30 07:00:00,3.92,0.74,79.75,90192.25,9999,9999,304.6,52.0,6.17,51.0,999999,999999,999999,9999,345,1.0,99,99,9999,99999,9,999999999,999,0.999,999,99,999,999,99
2021-03-30 08:00:00,5.29,2.51,82.25,90236.36,9999,9999,296.8,145.0,26.69,136.0,999999,999999,999999,9999,346,0.8,99,99,9999,99999,9,999999999,999,0.999,999,99,999,999,99
2021-03-30 09:00:00,7.48,3.67,76.8,90236.36,9999,9999,302.4,209.0,16.23,201.0,999999,999999,999999,9999,58,0.8,99,99,9999,99999,9,999999999,999,0.999,999,99,999,999,99
2021-03-30 10:00:00,7.98,4.07,76.35,90227.54,9999,9999,302.6,321.0,46.89,292.0,999999,999999,999999,9999,72,1.2,99,99,9999,99999,9,999999999,999,0.999,999,99,999,999,99
2021-03-30 11:00:00,8.58,4.19,73.9,90121.68,9999,9999,312.6,601.0,395.51,322.0,999999,999999,999999,9999,74,1.6,99,99,9999,99999,9,999999999,999,0.999,999,99,999,999,99
2021-03-30 12:00:00,9.13,4.24,71.45,90130.5,9999,9999,331.4,590.0,291.5,372.0,999999,999999,999999,9999,84,1.6,99,99,9999,99999,9,999999999,999,0.999,999,99,999,999,99
2021-03-30 13:00:00,9.6,4.22,69.15,90068.75,9999,9999,327.4,551.0,227.5,382.0,999999,999999,999999,9999,92,1.7,99,99,9999,99999,9,999999999,999,0.999,999,99,999,999,99
2021-03-30 14:00:00,9.82,4.34,68.7,89998.18,9999,9999,321.6,570.0,353.25,326.0,999999,999999,999999,9999,99,1.7,99,99,9999,99999,9,999999999,999,0.999,999,99,999,999,99
2021-03-30 15:00:00,9.5,4.48,70.9,89918.78,9999,9999,326.2,336.0,73.94,292.0,999999,999999,999999,9999,105,1.4,99,99,9999,99999,9,999999999,999,0.999,999,99,999,999,99
2021-03-30 16:00:00,9.47,4.46,70.95,89874.68,9999,9999,330.4,227.0,43.25,207.0,999999,999999,999999,9999,106,1.2,99,99,9999,99999,9,999999999,999,0.999,999,99,999,999,99
2021-03-30 17:00:00,9.28,4.36,71.35,89848.21,9999,9999,314.6,124.0,19.88,118.0,999999,999999,999999,9999,103,0.9,99,99,9999,99999,9,999999999,999,0.999,999,99,999,999,99
2021-03-30 18:00:00,8.73,5.68,81.15,89821.75,9999,9999,325.0,39.0,8.06,38.0,999999,999999,999999,9999,27,0.5,99,99,9999,99999,9,999999999,999,0.999,999,99,999,999,99
2021-03-30 19:00:00,7.65,4.96,83.1,89804.1,9999,9999,311.6,0.0,-0.0,0.0,999999,999999,999999,9999,347,0.8,99,99,9999,99999,9,999999999,999,0.999,999,99,999,999,99
2021-03-30 20:00:00,6.96,4.42,83.85,89821.75,9999,9999,317.2,0.0,-0.0,0.0,999999,999999,999999,9999,352,1.0,99,99,9999,99999,9,999999999,999,0.999,999,99,999,999,99
2021-03-30 21:00:00,6.31,3.87,84.4,89795.28,9999,9999,307.0,0.0,-0.0,0.0,999999,999999,999999,9999,345,1.1,99,99,9999,99999,9,999999999,999,0.999,999,99,999,999,99
2021-03-30 22:00:00,6.42,3.72,82.85,89786.46,9999,9999,325.8,0.0,-0.0,0.0,999999,999999,999999,9999,346,1.0,99,99,9999,99999,9,999999999,999,0.999,999,99,999,999,99
2021-03-30 23:00:00,5.74,3.24,83.95,89733.53,9999,9999,306.8,0.0,-0.0,0.0,999999,999999,999999,9999,340,1.1,99,99,9999,99999,9,999999999,999,0.999,999,99,999,999,99
2021-03-31 00:00:00,5.32,2.78,83.7,89698.24,9999,9999,303.8,0.0,-0.0,0.0,999999,999999,999999,9999,335,1.1,99,99,9999,99999,9,999999999,999,0.999,999,99,999,999,99
2021-03-31 01:00:00,5.25,2.57,82.85,89689.42,9999,9999,312.4,0.0,-0.0,0.0,999999,999999,999999,9999,337,1.1,99,99,9999,99999,9,999999999,999,0.999,999,99,999,999,99
2021-03-31 02:00:00,5.0,2.25,82.4,89645.31,9999,9999,303.0,0.0,-0.0,0.0,999999,999999,999999,9999,339,1.1,99,99,9999,99999,9,999999999,999,0.999,999,99,999,999,99
2021-03-31 03:00:00,4.93,2.02,81.45,89601.21,9999,9999,301.8,0.0,-0.0,0.0,999999,999999,999999,9999,344,1.1,99,99,9999,99999,9,999999999,999,0.999,999,99,999,999,99
2021-03-31 04:00:00,5.0,1.96,80.7,89565.92,9999,9999,303.2,0.0,-0.0,0.0,999999,999999,999999,9999,350,1.0,99,99,9999,99999,9,999999999,999,0.999,999,99,999,999,99
2021-03-31 05:00:00,5.05,2.02,80.75,89548.28,9999,9999,304.6,0.0,-0.0,0.0,999999,999999,999999,9999,353,1.0,99,99,9999,99999,9,999999999,999,0.999,999,99,999,999,99
2021-03-31 06:00:00,5.44,2.16,79.4,89548.28,9999,9999,306.8,0.0,-0.0,0.0,999999,999999,999999,9999,354,0.9,99,99,9999,99999,9,999999999,999,0.999,999,99,999,999,99
2021-03-31 07:00:00,5.9,2.41,78.3,89574.74,9999,9999,296.0,72.0,47.68,64.0,999999,999999,999999,9999,351,0.8,99,99,9999,99999,9,999999999,999,0.999,999,99,999,999,99
2021-03-31 08:00:00,6.84,3.4,78.7,89627.67,9999,9999,303.0,170.0,55.44,151.0,999999,999999,999999,9999,36,0.3,99,99,9999,99999,9,999999999,999,0.999,999,99,999,999,99
2021-03-31 09:00:00,7.44,4.43,81.2,89636.49,9999,9999,315.0,190.0,8.03,186.0,999999,999999,999999,9999,56,0.6,99,99,9999,99999,9,999999999,999,0.999,999,99,999,999,99
2021-03-31 10:00:00,8.06,4.06,75.85,89662.96,9999,9999,313.4,338.0,59.34,301.0,999999,999999,999999,9999,56,0.8,99,99,9999,99999,9,999999999,999,0.999,999,99,999,999,99
2021-03-31 11:00:00,8.67,3.84,71.7,89645.31,9999,9999,309.8,389.0,57.73,348.0,999999,999999,999999,9999,55,0.8,99,99,9999,99999,9,999999999,999,0.999,999,99,999,999,99
2021-03-31 12:00:00,9.57,3.29,64.9,89671.78,9999,9999,304.0,173.0,0.0,173.0,999999,999999,999999,9999,60,1.0,99,99,9999,99999,9,999999999,999,0.999,999,99,999,999,99
2021-03-31 13:00:00,10.18,2.39,58.45,89654.14,9999,9999,307.6,176.0,0.0,176.0,999999,999999,999999,9999,66,1.0,99,99,9999,99999,9,999999999,999,0.999,999,99,999,999,99
2021-03-31 14:00:00,10.49,1.91,55.35,89592.38,9999,9999,311.8,137.0,0.0,137.0,999999,999999,999999,9999,69,1.1,99,99,9999,99999,9,999999999,999,0.999,999,99,999,999,99
2021-03-31 15:00:00,10.3,1.51,54.45,89539.45,9999,9999,313.4,187.0,0.0,187.0,999999,999999,999999,9999,64,1.0,99,99,9999,99999,9,999999999,999,0.999,999,99,999,999,99
2021-03-31 16:00:00,10.12,1.08,53.45,89574.74,9999,9999,307.8,316.0,188.75,228.0,999999,999999,999999,9999,48,0.8,99,99,9999,99999,9,999999999,999,0.999,999,99,999,999,99
2021-03-31 17:00:00,7.72,2.97,72.65,89601.21,9999,9999,309.66,84.0,0.0,84.0,999999,999999,999999,9999,11,1.1,99,99,9999,99999,9,999999999,999,0.999,999,99,999,999,99
2021-03-31 18:00:00,7.21,2.37,72.05,89592.38,9999,9999,303.14,48.0,31.29,44.0,999999,999999,999999,9999,313,1.1,99,99,9999,99999,9,999999999,999,0.999,999,99,999,999,99
2021-03-31 19:00:00,6.71,1.78,71.45,89592.38,9999,9999,296.62,0.0,-0.0,0.0,999999,999999,999999,9999,296,1.2,99,99,9999,99999,9,999999999,999,0.999,999,99,999,999,99
2021-03-31 20:00:00,6.21,1.18,70.85,89627.67,9999,9999,290.1,0.0,-0.0,0.0,999999,999999,999999,9999,301,1.3,99,99,9999,99999,9,999999999,999,0.999,999,99,999,999,99
2021-03-31 21:00:00,5.7,0.59,70.25,89671.78,9999,9999,283.58,0.0,-0.0,0.0,999999,999999,999999,9999,299,1.4,99,99,9999,99999,9,999999999,999,0.999,999,99,999,999,99
2021-03-31 22:00:00,5.2,-0.01,69.65,89680.6,9999,9999,277.06,0.0,-0.0,0.0,999999,999999,999999,9999,304,1.5,99,99,9999,99999,9,999999999,999,0.999,999,99,999,999,99
2021-03-31 23:00:00,4.69,-0.6,69.05,89654.14,9999,9999,270.54,0.0,-0.0,0.0,999999,999999,999999,9999,308,1.6,99,99,9999,99999,9,999999999,999,0.999,999,99,999,999,99
2021-04-01 00:00:00,4.19,-1.2,68.46,89689.42,9999,9999,264.02,0.0,-0.0,0.0,999999,999999,999999,9999,310,1.6,99,99,9999,99999,9,999999999,999,0.999,999,99,999,999,99