Temp. (C)
(3600,0,31536000)
-5.08 -5.19 -5.4 -5.79 -6.29 -6.78 -7.15 -7.3 -6.5 -4.49 -1.77 1.17 3.87 5.84 6.6 6.24 5.3 3.96 2.44 0.92 -0.4 -1.37 -2.04 -2.51
-2.88 -3.24 -3.7 -4.31 -5 -5.64 -6.12 -6.3 -5.6 -3.7 -1.02 1.97 4.83 7.09 8.3 8.4 7.81 6.38 4.63 3.07 2.2 2.2 2.13 1.81
1.35 0.85 0.4 0.09 -0.11 -0.25 -0.38 -0.54 -0.8 -1.18 -1.63 -2.09 -2.5 -2.79 -2.9 -3.16 -3.78 -4.54 -5.19 -5.5 -5.4 -5.31 -5.36 -5.55
-5.92 -6.46 -7.2 -8.12 -9.1 -10 -10.66 -10.94 -10.7 -9.84 -8.46 -6.72 -4.8 -2.84 -1 0.1 -0.14 -0.75 -1.58 -2.48 -3.3 -3.93 -4.4 -4.78
-5.14 -5.56 -6.1 -6.8 -7.57 -8.28 -8.8 -9 -8.2 -6.51 -4.38 -2.09 0.09 1.88 3 3.32 3.3 3.16 2.84 2.44 2.1 1.89 1.75 1.56
1.21 0.59 -0.4 -1.81 -3.43 -4.94 -6.06 -6.5 -6 -4.87 -3.33 -1.48 0.55 2.65 4.7 6 5.61 4.62 3.27 1.82 0.5 -0.48 -1.18 -1.7
-2.14 -2.6 -3.2 -3.99 -4.86 -5.67 -6.27 -6.5 -3.6 -0.52 1.19 1.94 2.14 2.19 2.5 3 2.82 2.34 1.65 0.84 0 -0.8 -1.54 -2.22
-2.84 -3.4 -3.9 -4.33 -4.69 -4.97 -5.14 -5.2 -3.8 -1.85 -0.17 1.14 1.99 2.3 1.8 0.89 -0.17 -1.27 -2.32 -3.23 -3.9 -4.27 -4.4 -4.37
-4.29 -4.23 -4.3 -4.55 -4.91 -5.28 -5.58 -5.7 -2.5 0.84 2.58 3.17 3.04 2.63 2.4 2.5 2.21 1.47 0.48 -0.54 -1.4 -1.93 -2.18 -2.24
-2.18 -2.11 -2.1 -2.22 -2.4 -2.55 -2.58 -2.39 -1.9 -1.06 -0.02 1.02 1.86 2.3 2.1 1.02 -0.61 -2.29 -3.52 -3.8 -3.1 -2.79 -3.1 -3.83
-4.79 -5.81 -6.7 -7.31 -7.67 -7.84 -7.9 -7.9 -5.4 -2.83 -1.5 -0.98 -0.86 -0.71 -0.1 0.7 0.53 0.07 -0.55 -1.25 -1.9 -2.43 -2.84 -3.15
-3.38 -3.56 -3.7 -3.83 -3.94 -4.02 -4.08 -4.1 -3.9 -3.52 -3.05 -2.51 -1.92 -1.31 -0.7 -0.3 -0.36 -0.53 -0.78 -1.08 -1.4 -1.71 -2.01 -2.28
-2.53 -2.74 -2.9 -3.02 -3.12 -3.22 -3.35 -3.53 -3.8 -4.15 -4.46 -4.6 -4.37 -3.81 -3.1 -2.41 -1.84 -1.45 -1.3 -1.95 -2.9 -3.06 -3 -3.46
-4.28 -5.05 -5.4 -5.47 -5.64 -5.88 -6.15 -6.4 -6.6 -6.72 -6.77 -6.79 -6.8 -6.82 -6.9 -7.04 -7.24 -7.47 -7.7 -7.92 -8.1 -8.23 -8.31 -8.38
-8.45 -8.55 -8.7 -8.91 -9.15 -9.37 -9.54 -9.6 -8.4 -7.09 -6.31 -5.93 -5.81 -5.8 -5.9 -6.2 -6.64 -7.16 -7.69 -8.16 -8.5 -8.67 -8.72 -8.7
-8.68 -8.73 -8.9 -9.24 -9.66 -10.09 -10.4 -10.5 -10.3 -9.73 -8.92 -8.01 -7.16 -6.54 -6.3 -6.27 -6.2 -6.14 -6.12 -6.2 -6.4 -6.76 -7.24 -7.79
-8.37 -8.92 -9.4 -9.77 -10.02 -10.19 -10.27 -10.3 -9.8 -9.23 -8.83 -8.51 -8.19 -7.78 -7.2 -6.48 -6.1 -6.41 -7.18 -8.19 -9.2 -10.03 -10.68 -11.17
-11.53 -11.79 -12 -12.17 -12.31 -12.41 -12.48 -12.5 -12.4 -11.98 -11.3 -10.46 -9.57 -8.75 -8.1 -7.72 -7.6 -7.66 -7.8 -7.93 -8 -7.95 -7.87 -7.84
-7.97 -8.35 -9.1 -10.24 -11.58 -12.86 -13.82 -14.2 -13.4 -11.84 -9.96 -7.98 -6.12 -4.59 -3.6 -3.3 -3.48 -4 -4.84 -5.98 -7.4 -9 -10.34 -10.9
-9.74 -7.2 -4.7 -3.35 -3.09 -3.58 -4.44 -5.33 -5.9 -5.87 -5.33 -4.43 -3.36 -2.26 -1.3 -0.8 -0.97 -1.41 -2.02 -2.72 -3.4 -4 -4.53 -5.04
-5.57 -6.18 -6.9 -7.75 -8.63 -9.42 -9.98 -10.2 -8.8 -6.73 -4.77 -2.96 -1.39 -0.11 0.8 1.2 0.78 -0.26 -1.56 -2.79 -3.6 -3.74 -3.37 -2.73
-2.09 -1.7 -1.8 -2.56 -3.74 -4.99 -5.99 -6.4 -3.8 -1.19 0.04 0.31 0.05 -0.33 -0.4 0.06 0.4 0.14 -0.44 -1.05 -1.4 -1.4 -1.56 -2
-2.66 -3.51 -4.5 -5.58 -6.68 -7.69 -8.52 -9.09 -9.3 -9.5 -9.2 -8.32 -7.13 -5.9 -4.9 -4.35 -4.22 -4.43 -4.89 -5.51 -6.2 -6.9 -7.56 -8.18
-8.74 -9.22 -9.6 -9.87 -10.04 -10.14 -10.19 -10.2 -8 -5.55 -3.98 -3 -2.3 -1.57 -0.5 0.5 0.19 -0.63 -1.76 -3.01 -4.2 -5.17 -5.96 -6.62
-7.22 -7.83 -8.5 -9.28 -10.08 -10.8 -11.31 -11.5 -11.3 -10.1 -7.97 -5.24 -2.26 0.63 3.1 4.4 3.96 2.83 1.29 -0.38 -1.9 -3.05 -3.87 -4.48
-4.98 -5.48 -6.1 -6.9 -7.77 -8.58 -9.17 -9.4 -7.5 -5.1 -3.2 -1.7 -0.48 0.58 1.6 2.3 1.79 0.5 -1.25 -3.09 -4.7 -5.8 -6.45 -6.77
-6.88 -6.92 -7 -7.22 -7.53 -7.85 -8.1 -8.2 -6.6 -4.55 -2.9 -1.6 -0.58 0.23 0.9 1.3 1.03 0.32 -0.66 -1.75 -2.8 -3.67 -4.36 -4.91
-5.34 -5.7 -6 -6.28 -6.53 -6.72 -6.85 -6.9 -5 -2.95 -1.72 -0.97 -0.39 0.36 1.6 2.8 2.41 1.42 0.11 -1.25 -2.4 -3.13 -3.53 -3.79
-4.05 -4.5 -5.3 -6.54 -8.01 -9.42 -10.48 -10.9 -9.8 -7.94 -5.9 -3.79 -1.73 0.17 1.8 2.7 2.35 1.42 0.05 -1.61 -3.4 -5.05 -5.8 -5.48
-4.73 -3.8 -3 -2.52 -2.27 -2.09 -1.79 -1.22 -0.2 1.35 3.16 4.89 6.19 6.7 5.9 4.64 3.36 2.14 1.03 0.13 -0.5 -0.82 -0.95 -1.02
-1.19 -1.6 -2.4 -3.66 -5.16 -6.59 -7.67 -8.1 -6.2 -3.76 -1.82 -0.32 0.81 1.63 2.2 2.57 2.7 2.34 1.47 0.36 -0.7 -1.54 -2.5 -3.91
-5.64 -7.42 -9 -10.17 -10.94 -11.38 -11.54 -11.5 -11.2 -10.29 -8.88 -7.22 -5.57 -4.18 -3.3 -3.11 -3.5 -4.29 -5.29 -6.32 -7.2 -7.79 -8.14 -8.37
-8.59 -8.9 -9.4 -10.16 -11.06 -11.91 -12.55 -12.8 -11.9 -10.18 -8.12 -5.9 -3.7 -1.7 -0.1 0.7 0.45 -0.18 -1.04 -1.96 -2.8 -3.43 -3.89 -4.29
-4.69 -5.2 -5.9 -6.83 -7.87 -8.82 -9.53 -9.8 -8.4 -6.14 -3.81 -1.56 0.44 2.01 3 3.3 2.86 1.73 0.17 -1.56 -3.2 -4.53 -5.57 -6.4
-7.08 -7.69 -8.3 -8.95 -9.6 -10.16 -10.55 -10.7 -8.5 -5.79 -3.71 -2.06 -0.64 0.74 2.3 3.5 3.03 1.85 0.27 -1.39 -2.8 -3.73 -4.23 -4.43
-4.47 -4.48 -4.6 -4.91 -5.35 -5.8 -6.16 -6.3 -4.3 -2.17 -0.97 -0.4 -0.14 0.09 0.6 1.2 0.85 -0.03 -1.24 -2.54 -3.7 -4.56 -5.14 -5.54
-5.85 -6.14 -6.5 -6.99 -7.55 -8.07 -8.45 -8.6 -3.7 1.26 3.68 4.35 4.11 3.75 4.1 5 4.59 3.55 2.17 0.76 -0.4 -1.08 -1.37 -1.41
-1.36 -1.38 -1.6 -2.14 -2.86 -3.6 -4.17 -4.4 -4.1 -3.49 -2.68 -1.68 -0.49 0.87 2.4 3.5 3.21 2.45 1.38 0.18 -1 -2.02 -2.91 -3.73
-4.55 -5.41 -6.4 -7.53 -8.68 -9.7 -10.42 -10.7 -10.1 -8.98 -7.59 -5.98 -4.19 -2.24 -0.2 1.2 0.77 -0.34 -1.84 -3.42 -4.8 -5.76 -6.36 -6.73
-7 -7.32 -7.8 -8.53 -9.4 -10.23 -10.85 -11.1 -10.2 -8.3 -5.9 -3.33 -0.89 1.09 2.3 2.6 2.28 1.44 0.27 -1.04 -2.3 -3.37 -4.25 -5
-5.65 -6.27 -6.9 -7.56 -8.21 -8.77 -9.15 -9.3 -6.8 -4.01 -2.19 -0.97 0.05 1.25 3 4.6 4.23 3.31 2.1 0.87 -0.1 -0.62 -0.78 -0.77
-0.75 -0.9 -1.4 -2.35 -3.54 -4.73 -5.64 -6 -3.3 -0.11 2.13 3.72 4.9 5.98 7.2 8.2 7.76 6.61 5.03 3.27 1.6 0.24 -0.83 -1.66
-2.33 -2.88 -3.4 -3.92 -4.4 -4.81 -5.1 -5.2 -2.6 0.38 2.35 3.62 4.47 5.2 6.1 6.9 6.27 4.69 2.59 0.41 -1.4 -2.51 -3.02 -3.1
-2.96 -2.8 -2.8 -3.1 -3.61 -4.17 -4.62 -4.8 -2.4 0.03 1.26 1.75 1.96 2.36 3.4 4.6 4.32 3.58 2.49 1.19 -0.2 -1.56 -2.85 -4.04
-5.08 -5.94 -6.6 -7.03 -7.27 -7.38 -7.4 -5.16 -1.3 0.79 1.27 1.2 1.1 0.84 0.5 0.14 -0.22 -0.58 -0.93 -1.27 -1.6 -1.92 -2.26 -2.66
-3.16 -3.79 -4.6 -5.58 -6.56 -7.3 -7.6 -6.9 -5.5 -4.24 -3.17 -2.17 -1.09 0.18 1.8 3.1 2.79 1.97 0.86 -0.36 -1.5 -2.4 -3.09 -3.66
-4.18 -4.73 -5.4 -6.21 -7.02 -7.65 -7.9 -7.88 -7.5 -6.42 -4.76 -2.74 -0.58 1.47 3.2 4.1 3.66 2.54 1.03 -0.58 -2 -3 -3.66 -4.09
-4.44 -4.83 -5.4 -6.22 -7.1 -7.81 -8.1 -7.54 -6.3 -4.95 -3.57 -2.12 -0.55 1.17 3.1 4.5 4.17 3.28 2.04 0.62 -0.8 -2.06 -3.15 -4.09
-4.9 -5.6 -6.2 -6.72 -7.13 -7.4 -7.5 -6.34 -4.2 -2.67 -1.89 -1.59 -1.53 -1.45 -1.1 -0.41 0 -0.1 -0.36 -0.71 -1.1 -1.47 -1.81 -2.15
-2.49 -2.83 -3.2 -3.59 -3.94 -4.2 -4.3 -3.48 -1.8 -0.24 1.05 2.13 3.05 3.89 4.7 5.45 5.8 5.49 4.71 3.64 2.5 1.44 0.48 -0.41
-1.25 -2.08 -2.9 -3.73 -4.47 -5 -5.2 -4.81 -3.9 -2.81 -1.6 -0.26 1.24 2.88 4.7 6 5.61 4.6 3.22 1.7 0.3 -0.8 -1.63 -2.28
-2.85 -3.43 -4.1 -4.91 -5.73 -6.35 -6.6 -5.79 -4.1 -2.44 -0.92 0.51 1.95 3.45 5.1 6.3 5.76 4.41 2.62 0.79 -0.7 -1.56 -1.88 -1.83
-1.62 -1.41 -1.4 -1.7 -2.17 -2.61 -2.8 -2.5 -1.8 -0.98 -0.07 0.94 2.06 3.31 4.7 5.7 5.29 4.27 2.97 1.74 0.9 0.69 0.93 1.38
1.74 1.77 1.2 -0.11 -1.73 -3.12 -3.7 -3.12 -1.8 -0.28 1.29 2.83 4.29 5.6 6.7 7.3 7.04 6.36 5.41 4.34 3.3 2.41 1.64 0.93
0.21 -0.58 -1.5 -2.57 -3.6 -4.39 -4.7 -4.44 -3.8 -2.95 -1.92 -0.7 0.7 2.3 4.1 5.4 5.01 4.02 2.72 1.39 0.3 -0.33 -0.57 -0.59
-0.51 -0.5 -0.7 -1.2 -1.83 -2.37 -2.6 -2.43 -2 -1.44 -0.73 0.13 1.19 2.47 4 5.62 6.4 5.84 4.54 3.04 1.9 1.52 1.71 2.12
2.4 2.21 1.2 -0.79 -3.17 -5.16 -6 -4.05 -0.3 2.68 4.65 5.93 6.87 7.78 9 10.1 9.72 8.74 7.39 5.9 4.5 3.37 2.48 1.72
1 0.22 -0.7 -1.81 -2.92 -3.76 -4.1 -1.97 2.1 5.3 7.33 8.53 9.24 9.78 10.5 11.2 10.59 9.11 7.31 5.73 4.9 4.8 3.72 1.73
-0.51 -2.34 -3.1 -3.63 -4.8 -5.94 -6.4 -5.73 -4.3 -2.63 -0.91 0.73 2.16 3.26 3.9 4.01 3.68 3.04 2.24 1.41 0.7 0.2 -0.11 -0.32
-0.49 -0.69 -1 -1.45 -1.94 -2.34 -2.5 -2.03 -1.1 -0.31 0.35 1.06 2 3.32 5.2 6.8 6.58 6.02 5.25 4.43 3.7 3.16 2.78 2.45
2.1 1.65 1 0.13 -0.79 -1.51 -1.8 -1.43 -0.4 1.15 3.05 5.14 7.22 9.14 10.7 11.5 11.21 10.47 9.45 8.34 7.3 6.48 5.84 5.28
4.73 4.1 3.3 2.3 1.29 0.51 0.2 0.3 0.6 1.07 1.73 2.59 3.68 5.01 6.6 7.8 7.63 7.21 6.63 6.03 5.5 5.13 4.85 4.54
4.1 3.42 2.4 1 -0.47 -1.63 -2.1 -1.25 0.5 2.16 3.69 5.26 7.05 9.24 12 14.2 13.91 13.14 12.07 10.87 9.7 8.7 7.83 7.01
6.17 5.23 4.1 2.78 1.48 0.49 0.1 0.99 3 5.31 7.65 9.92 11.99 13.76 15.1 15.92 16.2 15.8 14.76 13.37 11.9 10.56 9.37 8.26
7.2 6.13 5 3.81 2.71 1.91 1.6 2.7 5.1 7.66 10.1 12.38 14.44 16.23 17.7 18.5 18.13 17.15 15.75 14.1 12.4 10.8 9.31 7.93
6.64 5.44 4.3 3.24 2.35 1.73 1.5 2.24 4 6.16 8.51 10.95 13.37 15.66 17.7 18.9 18.4 17.1 15.3 13.3 11.4 9.84 8.63 7.71
7.02 6.5 6.1 5.77 5.52 5.36 5.3 5.64 6.5 7.65 8.95 10.31 11.61 12.74 13.6 14.11 14.35 14.4 14.13 13.44 12.5 11.46 10.39 9.31
8.28 7.33 6.5 5.82 5.32 5.01 4.9 5.17 5.7 6.12 6.46 6.82 7.32 8.08 9.2 10.68 12.02 12.6 11.56 9.32 7.2 6.21 6.19 6.69
7.24 7.4 6.7 4.9 2.61 0.64 -0.2 1.51 4.8 7.43 9.21 10.44 11.45 12.53 14 15.3 14.85 13.78 12.46 11.31 10.7 10.7 10.33 9.56
8.66 7.91 7.6 7.26 6.55 5.88 5.7 6.26 7.1 7.71 8.04 8.16 8.15 8.07 8 7.99 8.03 8.07 8.07 7.99 7.8 7.46 6.97 6.33
5.53 4.59 3.5 2.3 1.17 0.33 0 1.38 4.1 6.39 8.04 9.2 10.04 10.72 11.4 12.14 12.5 12.24 11.58 10.67 9.7 8.79 7.96 7.16
6.37 5.56 4.7 3.79 2.95 2.34 2.1 2.33 3 4.08 5.46 7.01 8.58 10.06 11.3 12.17 12.5 12.32 11.87 11.26 10.6 9.98 9.42 8.9
8.42 7.95 7.5 7.06 6.67 6.4 6.3 6.48 7 7.85 8.96 10.24 11.61 12.99 14.3 15.1 14.79 14.04 13.13 12.33 11.9 11.9 11.66 11.11
10.37 9.55 8.8 8.2 7.76 7.46 7.26 7.15 7.1 7.09 7.1 7.13 7.16 7.19 7.2 7.09 6.82 6.51 6.26 6.2 6.4 6.74 6.7 5.86
4.58 3.41 2.9 2.57 1.76 0.7 -0.36 -1.17 -1.5 -2.2 -2.38 -1.7 -0.52 0.77 1.8 2.28 2.26 1.86 1.2 0.4 -0.4 -1.11 -1.71 -2.23
-2.67 -3.06 -3.4 -3.71 -3.96 -4.14 -4.2 -3.89 -3 -1.6 0.14 2.05 3.95 5.66 7 7.82 8.1 7.92 7.48 6.89 6.3 5.79 5.35 4.91
4.43 3.84 3.1 2.19 1.28 0.58 0.3 2.23 5.8 8.33 9.63 10.13 10.27 10.48 11.2 12.1 11.9 11.36 10.61 9.75 8.9 8.15 7.47 6.81
6.13 5.38 4.5 3.49 2.52 1.79 1.5 3.82 8.1 11.11 12.63 13.18 13.31 13.54 14.4 15.5 15.29 14.76 14.03 13.23 12.5 11.92 11.42 10.9
10.24 9.34 8.1 6.48 4.82 3.52 3 3.59 5.3 8 11.27 14.64 17.63 19.78 20.6 20.29 19.47 18.27 16.85 15.35 13.9 12.63 11.53 10.55
9.66 8.83 8 7.17 6.43 5.9 5.7 6.43 7.9 9.2 10.23 11.1 11.91 12.78 13.8 14.6 14.24 13.3 12.01 10.6 9.3 8.28 7.51 6.91
6.38 5.84 5.2 4.42 3.64 3.04 2.8 3.36 4.6 5.99 7.4 8.77 10.07 11.26 12.3 12.9 12.55 11.72 10.7 9.79 9.3 9.2 8.49 7.22
5.82 4.67 4.2 3.96 3.44 2.89 2.6 2.75 3.2 3.77 4.39 5 5.56 6.01 6.3 6.4 6.35 6.18 5.95 5.71 5.5 5.36 5.23 5.07
4.8 4.36 3.7 2.8 1.85 1.1 0.8 1.62 3.3 4.89 6.27 7.55 8.83 10.21 11.8 13 12.74 12.07 11.14 10.1 9.1 8.25 7.5 6.75
5.92 4.9 3.6 2.01 0.42 -0.81 -1.3 0.71 4.4 6.92 8.16 8.67 9.01 9.73 11.4 13.2 12.97 12.37 11.56 10.69 9.9 9.31 8.86 8.46
8.02 7.43 6.6 5.5 4.36 3.46 3.1 4.12 6.4 8.92 11.39 13.7 15.73 17.37 18.5 19.06 19.2 18.83 17.9 16.67 15.4 14.3 13.35 12.46
11.54 10.51 9.3 7.88 6.48 5.42 5 6.22 8.5 10.14 11.05 11.53 11.86 12.35 13.3 14.72 15.5 15.03 13.85 12.32 10.8 9.57 8.62 7.88
7.27 6.7 6.1 5.43 4.78 4.29 4.1 4.2 4.5 4.99 5.67 6.55 7.63 8.91 10.4 11.5 11.33 10.86 10.19 9.41 8.6 7.83 7.11 6.43
5.77 5.13 4.5 3.88 3.33 2.95 2.8 3.46 4.9 6.41 7.88 9.29 10.68 12.05 13.4 14.64 15.2 14.92 14.22 13.31 12.4 11.65 11.04 10.48
9.91 9.24 8.4 7.36 6.32 5.52 5.2 5.84 7.3 8.99 10.76 12.57 14.39 16.18 17.9 19 18.37 16.77 14.65 12.45 10.6 9.44 8.83 8.54
8.31 7.91 7.1 5.75 4.2 2.93 2.4 4.3 8 11.01 13.04 14.31 15.07 15.56 16 16.53 16.8 16.42 15.52 14.43 13.5 12.93 12.3 11.22
9.93 8.85 8.4 8.27 7.93 7.5 7.07 6.73 6.6 6.1 5.73 5.76 6.04 6.43 6.8 7.02 7.12 7.12 7.07 7.02 7 7.04 7.12 7.2
7.25 7.23 7.1 6.86 6.61 6.5 6.52 6.62 6.9 7.41 8.1 8.91 9.76 10.58 11.3 11.7 11.53 11.1 10.52 9.88 9.3 8.85 8.5 8.2
7.87 7.46 6.9 6.2 5.57 5.3 5.53 6.13 7 8.01 9.09 10.18 11.18 12.05 12.7 13 12.74 12.07 11.14 10.1 9.1 8.27 7.57 6.94
6.31 5.62 4.8 3.85 3.04 2.7 3.03 3.93 5.3 7.01 8.93 10.9 12.78 14.43 15.7 16.3 16.04 15.36 14.45 13.47 12.6 11.96 11.47 11.03
10.5 9.76 8.7 7.31 6.05 5.5 5.79 6.59 7.8 9.31 11.05 12.95 14.95 16.99 19 20.3 19.97 19.11 17.91 16.58 15.3 14.23 13.31 12.45
11.54 10.49 9.2 7.68 6.36 5.8 6.57 8.43 10.7 12.8 14.67 16.32 17.8 19.15 20.4 21.2 20.94 20.24 19.26 18.13 17 15.98 15.04 14.16
13.27 12.33 11.3 10.19 9.28 8.9 9.24 10.06 11 11.82 12.56 13.35 14.32 15.6 17.3 18.7 18.23 17.02 15.36 13.56 11.9 10.62 9.71 9.1
8.71 8.47 8.3 8.15 8.04 8 8.48 9.58 10.8 11.75 12.42 12.9 13.28 13.65 14.1 14.63 14.9 14.69 14.18 13.56 13 12.63 12.36 12.03
11.49 10.6 9.2 7.3 5.56 4.8 5.69 7.71 9.9 11.51 12.6 13.48 14.41 15.69 17.6 19.3 18.94 17.99 16.67 15.17 13.7 12.43 11.34 10.41
9.59 8.83 8.1 7.38 6.83 6.6 7.89 10.88 14.2 16.77 18.55 19.76 20.6 21.31 22.1 23.03 23.5 23.14 22.23 21.06 19.9 18.96 18.18 17.43
16.59 15.52 14.1 12.33 10.77 10.1 11.01 13.03 15.1 16.38 17.04 17.45 18.02 19.14 21.2 23.2 22.77 21.67 20.2 18.65 17.3 16.37 15.71 15.13
14.39 13.29 11.6 9.31 7.22 6.3 7.41 10.05 13.2 16.02 18.36 20.29 21.84 23.06 24 24.5 24.07 22.99 21.52 19.97 18.6 17.63 16.93 16.32
15.59 14.55 13 10.92 9.03 8.2 9.3 11.92 15 17.68 19.85 21.54 22.83 23.76 24.4 24.7 24.06 22.41 20.14 17.64 15.3 13.43 12 10.89
10 9.21 8.4 7.53 6.8 6.5 7.61 10.12 12.8 14.68 15.78 16.38 16.77 17.22 18 18.8 18.55 17.87 16.91 15.81 14.7 13.69 12.76 11.9
11.06 10.2 9.3 8.36 7.61 7.3 8.01 9.71 11.8 13.75 15.49 17.03 18.4 19.61 20.7 21.61 22 21.6 20.56 19.18 17.7 16.36 15.15 14.05
13 11.97 10.9 9.82 8.95 8.6 8.93 9.7 10.6 11.38 12.08 12.83 13.73 14.92 16.5 17.8 17.52 16.8 15.8 14.71 13.7 12.89 12.21 11.55
10.79 9.81 8.5 6.87 5.42 4.8 5.49 7.21 9.4 11.59 13.66 15.55 17.2 18.57 19.6 20.1 19.72 18.76 17.45 16.05 14.8 13.88 13.22 12.68
12.1 11.36 10.3 8.91 7.65 7.1 7.9 9.78 12 13.93 15.54 16.95 18.28 19.62 21.1 22.2 21.76 20.7 19.41 18.28 17.7 17.7 17.19 16.16
14.98 14 13.6 13.14 12.17 11.3 10.99 11.19 11.7 12.34 13.04 13.73 14.38 14.92 15.3 15.48 15.5 15.38 15.18 14.94 14.7 14.49 14.3 14.11
13.9 13.64 13.3 12.9 12.55 12.4 12.66 13.37 14.4 15.65 16.99 18.31 19.48 20.39 20.9 21 20.65 19.74 18.48 17.06 15.7 14.55 13.58 12.72
11.89 11.01 10 8.86 7.9 7.5 8.54 10.88 13.4 15.17 16.24 16.87 17.33 17.88 18.8 19.7 19.34 18.4 17.07 15.54 14 12.61 11.39 10.32
9.38 8.54 7.8 7.15 6.68 6.5 7.1 8.61 10.6 12.68 14.72 16.62 18.29 19.65 20.6 21 20.65 19.72 18.37 16.77 15.1 13.5 12.02 10.69
9.52 8.55 7.8 7.29 6.99 6.9 7.9 10.21 12.8 14.85 16.28 17.23 17.82 18.17 18.4 18.6 18.7 18.43 17.73 16.76 15.7 14.68 13.69 12.69
11.63 10.48 9.2 7.81 6.67 6.2 7.29 9.9 13 15.77 18.05 19.87 21.25 22.22 22.8 23 22.69 21.87 20.73 19.45 18.2 17.12 16.17 15.25
14.28 13.16 11.8 10.22 8.87 8.3 9.03 10.85 13.2 15.6 17.9 20.06 22 23.67 25 25.7 25.35 24.45 23.28 22.07 21.1 20.53 20.2 19.87
19.29 18.21 16.4 13.84 11.45 10.4 11.01 12.38 13.8 14.75 15.41 16.1 17.19 19.01 21.9 24.5 24.09 23.06 21.73 20.41 19.4 18.92 18.79 18.71
18.41 17.6 16 13.57 11.24 10.2 11.15 13.32 15.7 17.48 18.72 19.71 20.73 22.06 24 25.7 25.44 24.75 23.78 22.68 21.6 20.64 19.79 18.97
18.13 17.19 16.1 14.87 13.84 13.4 14.16 16.01 18.3 20.48 22.42 24.1 25.51 26.61 27.4 27.86 28 27.42 26.14 24.84 24.2 24.2 22.74 19.99
16.89 14.35 13.3 12.8 11.91 11.6 12.54 14.37 16.5 18.41 20.01 21.31 22.34 23.1 23.6 23.86 23.89 23.68 23.25 22.59 21.7 20.6 19.33 17.94
16.47 14.98 13.5 12.13 11.1 10.7 11.6 13.72 16.2 18.33 20 21.23 22.07 22.55 22.7 22.5 21.98 21.25 20.42 19.6 18.9 18.2 16.77 14.8
12.79 11.23 10.6 10.03 8.95 8.3 8.76 10.04 11.6 12.99 14.13 15.02 15.67 16.1 16.3 16.29 16.1 15.77 15.32 14.78 14.2 13.6 13.01 12.46
11.97 11.58 11.3 11.16 11.11 11.1 11.41 12.12 12.9 13.48 13.89 14.21 14.54 14.97 15.6 16.39 16.8 16.53 15.88 15.11 14.5 14.22 14.2 14.28
14.31 14.14 13.6 12.66 11.73 11.3 11.67 12.69 14.2 16.05 18.08 20.15 22.11 23.81 25.1 25.86 26.1 25.76 24.85 23.54 22 20.37 18.68 16.98
15.26 13.56 11.9 10.34 9.16 8.7 10.07 13.27 16.9 19.86 22.07 23.73 25.04 26.2 27.4 28.3 27.67 26.08 23.97 21.79 20 18.92 18.45 18.36
18.44 18.46 18.2 17.55 16.84 16.5 17.08 18.41 19.9 21.09 22.04 22.92 23.92 25.22 27 28.5 28.01 26.77 25.09 23.29 21.7 20.55 19.74 19.11
18.48 17.67 16.5 14.94 13.52 12.9 13.95 16.48 19.6 22.53 25.11 27.29 29.06 30.37 31.2 31.5 30.9 29.44 27.67 26.11 25.3 25.3 24.72 23.44
21.76 19.98 18.4 17.28 16.63 16.44 16.68 17.31 18.3 19.61 21.08 22.53 23.78 24.67 25 22.71 18.03 14.2 13.65 15.37 17.5 18.56 18.49 17.62
16.26 14.71 13.3 12.28 11.69 11.5 12.68 15.47 18.7 21.42 23.48 24.9 25.73 26 25.2 23.89 22.52 21.17 19.94 18.92 18.2 17.84 17.7 17.62
17.42 16.94 16 14.57 13.21 12.6 13.59 15.88 18.4 20.32 21.57 22.29 22.62 22.7 22.4 21.83 21.13 20.33 19.45 18.53 17.6 16.68 15.75 14.8
13.78 12.69 11.5 10.24 9.22 8.8 10.12 13.06 16.1 18.05 19.04 19.52 19.94 20.75 22.4 24.1 23.68 22.59 21.13 19.58 18.2 17.22 16.54 16.03
15.52 14.86 13.9 12.61 11.42 10.9 11.76 13.87 16.5 19.05 21.39 23.49 25.32 26.87 28.1 28.97 29.3 28.93 28.04 26.92 25.9 25.19 24.67 24.14
23.41 22.26 20.5 18.12 15.95 15 15.66 17.15 18.7 19.75 20.44 21.11 22.07 23.66 26.2 28.5 28.06 27.02 25.81 24.86 24.6 25 24.68 23.62
22.31 21.18 20.7 20.7 20.69 20.66 20.59 20.48 20.3 20.06 19.77 19.49 19.24 19.07 19 18.71 18.1 17.59 17.6 18.33 19.2 19.57 19.43 18.94
18.24 17.47 16.8 16.34 16.08 16 16.37 17.28 18.4 19.47 20.47 21.43 22.4 23.41 24.5 25.59 26.1 25.73 24.78 23.49 22.1 20.81 19.66 18.63
17.72 16.91 16.2 15.59 15.16 15 15.37 16.22 17.2 18 18.63 19.19 19.77 20.44 21.3 22.3 22.8 22.42 21.49 20.28 19.1 18.17 17.48 16.99
16.64 16.36 16.1 15.82 15.6 15.5 15.8 16.48 17.2 17.7 18.05 18.39 18.86 19.62 20.8 22.31 23.1 22.57 21.27 19.64 18.1 16.99 16.26 15.76
15.35 14.88 14.2 13.26 12.39 12 12.92 15.07 17.5 19.44 20.77 21.55 21.85 21.71 21.2 20.37 19.33 18.18 17.02 15.96 15.1 14.52 14.16 13.95
13.8 13.65 13.4 13.02 12.66 12.5 12.61 12.88 13.2 13.51 13.86 14.31 14.93 15.81 17 18.39 19.1 18.79 18.02 17.04 16.1 15.38 14.83 14.37
13.87 13.25 12.4 11.31 10.33 9.9 11.41 14.76 18.2 20.35 21.38 21.86 22.33 23.36 25.5 27.7 27.22 25.98 24.32 22.55 21 19.9 19.13 18.51
17.85 16.94 15.6 13.79 12.13 11.4 13.19 17.2 21.4 24.18 25.62 26.22 26.5 26.96 28.1 29.4 28.93 27.73 26.11 24.36 22.8 21.64 20.8 20.09
19.34 18.37 17 15.22 13.6 12.9 13.77 15.82 18.2 20.25 21.96 23.5 25.04 26.75 28.8 30.4 30.07 29.23 28.07 26.79 25.6 24.65 23.9 23.27
22.68 22.05 21.3 20.39 19.49 18.8 18.55 18.95 20.2 22.33 24.55 25.9 25.66 24.16 22 19.74 17.86 16.8 16.78 17.17 17.1 16.2 15.68 15.73
16.13 16.69 17.2 17.51 17.67 17.75 17.84 18.03 18.4 19.01 19.82 20.73 21.67 22.55 23.3 23.7 23.33 22.39 21.15 19.86 18.8 18.15 17.78 17.49
17.09 16.36 15.1 13.4 12.5 13.13 14.67 16.57 18.3 19.44 20.11 20.58 21.1 21.92 23.3 24.6 24.31 23.58 22.61 21.62 20.8 20.3 19.98 19.65
19.1 18.15 16.6 14.57 13.5 13.96 15.14 16.72 18.4 19.91 21.22 22.34 23.3 24.11 24.8 25.2 24.94 24.23 23.22 22.03 20.8 19.63 18.54 17.52
16.58 15.71 14.9 14.21 13.9 14.69 16.7 19.39 22.2 24.69 26.75 28.37 29.55 30.26 30.5 30.12 29.17 27.91 26.6 25.51 24.9 24.7 23.86 22.4
20.65 18.96 17.7 17.12 17.14 17.59 18.32 19.14 19.9 20.46 20.83 21.05 21.16 21.2 21.2 19.64 16.41 13.7 13.13 14.16 15.7 16.83 17.37 17.29
16.6 15.27 13.3 10.98 9.8 10.39 11.93 14.02 16.3 18.44 20.36 22.03 23.41 24.48 25.2 25.5 25.22 24.49 23.52 22.49 21.6 20.98 20.49 19.94
19.14 17.89 16 13.63 12.4 12.94 14.35 16.28 18.4 20.43 22.29 24 25.54 26.91 28.1 28.8 28.49 27.66 26.5 25.19 23.9 22.77 21.81 20.99
20.26 19.61 19 18.45 18.2 18.53 19.35 20.39 21.4 22.18 22.86 23.61 24.62 26.09 28.2 30 29.5 28.28 26.76 25.36 24.5 24.3 23.95 23.33
22.56 21.74 21 20.43 20.02 19.75 19.59 19.52 19.5 19.03 18.13 17.6 18.01 19.05 20.2 21.03 21.46 21.52 21.22 20.57 19.6 18.34 16.9 15.41
14.02 12.83 12 11.6 11.5 11.77 12.45 13.3 14.1 14.71 15.27 16 17.12 18.85 21.4 23.6 23.28 22.49 21.46 20.41 19.6 19.17 18.98 18.79
18.39 17.53 16 13.91 12.8 13.54 15.32 17.49 19.4 20.56 21.12 21.35 21.56 22.05 23.1 24.2 23.89 23.15 22.24 21.43 21 21 20.8 20.31
19.59 18.73 17.8 16.88 16.02 15.27 14.67 14.26 14.1 14.21 14.54 15.02 15.59 16.17 16.7 17.11 17.39 17.51 17.47 17.23 16.8 16.16 15.34 14.4
13.36 12.28 11.2 10.23 9.8 10.38 11.83 13.72 15.6 17.13 18.31 19.21 19.92 20.53 21.1 21.5 21.27 20.67 19.86 18.98 18.2 17.62 17.2 16.86
16.52 16.09 15.5 14.77 14.4 14.7 15.43 16.38 17.3 18.03 18.65 19.32 20.16 21.34 23 24.4 24.04 23.12 21.85 20.47 19.2 18.22 17.48 16.89
16.36 15.79 15.1 14.3 13.9 14.37 15.52 16.94 18.2 19.02 19.52 19.96 20.59 21.66 23.4 25 24.72 23.97 22.9 21.67 20.4 19.23 18.2 17.32
16.6 16.05 15.7 15.54 15.5 15.78 16.51 17.53 18.7 19.88 21.05 22.2 23.32 24.43 25.5 26.2 25.7 24.48 22.94 21.48 20.5 20.28 20.53 20.85
20.82 20.04 18.1 15.13 13.5 14.58 17.23 20.5 23.5 25.49 26.54 26.92 26.88 26.68 26.6 26.7 26.44 25.79 24.96 24.16 23.6 23.4 23.39 23.29
22.86 21.81 19.9 17.29 15.9 16.88 19.32 22.48 25.6 28.09 29.88 31.06 31.7 31.9 31 29.58 28.16 26.84 25.72 24.9 24.5 24.54 24.8 24.95
24.71 23.76 21.8 19.01 17.5 18.11 19.59 21.45 23.2 24.45 25.29 25.92 26.54 27.37 28.6 29.7 29.32 28.32 26.91 25.3 23.7 22.28 21.03 19.93
18.91 17.95 17 16.11 15.7 16.39 18.11 20.38 22.7 24.66 26.28 27.65 28.87 30.06 31.3 32.2 31.86 31.01 29.94 28.91 28.2 27.98 28 27.92
27.39 26.07 23.6 20.21 18.4 18.95 20.37 22.34 24.5 26.58 28.51 30.29 31.88 33.29 34.5 35.2 34.65 33.24 31.36 29.39 27.7 26.57 25.85 25.26
24.55 23.45 21.7 19.41 18.2 18.69 19.99 21.82 23.9 25.99 28.01 29.89 31.59 33.04 34.2 34.8 34.42 33.43 32.02 30.41 28.8 27.35 26.04 24.8
23.58 22.3 20.9 19.48 18.8 19.24 20.39 22 23.8 25.58 27.27 28.84 30.27 31.54 32.6 33.2 32.66 31.29 29.49 27.66 26.2 25.38 25 24.75
24.31 23.37 21.6 19.13 17.8 18.33 19.68 21.46 23.3 24.9 26.31 27.69 29.19 30.94 33.1 34.8 34.34 33.16 31.59 29.93 28.5 27.52 26.86 26.29
25.57 24.49 22.8 20.63 19.5 19.98 21.27 23.15 25.4 27.8 30.17 32.32 34.08 35.26 35.7 35.51 35 34.25 33.34 32.36 31.4 30.51 29.64 28.73
27.7 26.48 25 23.39 22.6 22.98 23.92 25.15 26.4 27.45 28.29 29 29.63 30.24 30.9 31.57 31.9 31.67 31.09 30.31 29.5 28.77 28.07 27.32
26.41 25.27 23.8 22.13 21.3 21.59 22.33 23.34 24.4 25.38 26.29 27.2 28.18 29.29 30.6 31.6 31.25 30.34 29.09 27.74 26.5 25.54 24.82 24.2
23.58 22.85 21.9 20.77 20.2 20.34 20.79 21.57 22.7 24.18 25.87 27.63 29.29 30.7 31.7 32.1 31.46 29.81 27.58 25.2 23.1 21.6 20.62 19.98
19.5 19 18.3 17.39 16.9 17.41 18.72 20.49 22.4 24.18 25.79 27.3 28.72 30.11 31.5 32.8 33.4 33.11 32.34 31.22 29.9 28.51 27.08 25.66
24.27 22.94 21.7 20.65 20.2 20.78 22.25 24.19 26.2 27.96 29.49 30.93 32.38 33.96 35.8 37.2 36.84 35.9 34.6 33.16 31.8 30.68 29.69 28.69
27.51 26 24 21.67 20.5 20.94 22.1 23.74 25.6 27.48 29.31 31.08 32.76 34.34 35.8 36.7 36.27 35.15 33.58 31.82 30.1 28.63 27.38 26.29
25.3 24.32 23.3 22.28 21.8 22.07 22.75 23.62 24.5 25.23 25.94 26.77 27.91 29.53 31.8 33.7 33.39 32.59 31.45 30.17 28.9 27.79 26.83 26
25.26 24.57 23.9 23.28 23 23.13 23.6 24.57 26.2 28.52 31.16 33.64 35.48 36.2 34.3 31.77 29.64 27.9 26.53 25.5 24.8 24.39 24.21 24.14
24.11 24.03 23.8 23.42 23.2 23.47 24.15 25.02 25.9 26.61 27.18 27.67 28.15 28.67 29.3 29.8 29.56 28.97 28.2 27.41 26.8 26.47 26.31 26.14
25.8 25.11 23.9 22.27 21.4 21.42 21.54 21.9 22.6 23.72 25.14 26.7 28.24 29.59 30.6 31.14 31.3 31.05 30.39 29.49 28.5 27.55 26.6 25.6
24.5 23.22 21.7 20.09 19.3 19.84 21.23 23.1 25.1 26.93 28.54 29.94 31.13 32.11 32.9 33.47 33.7 33.38 32.55 31.37 30 28.6 27.22 25.88
24.63 23.49 22.5 21.72 21.4 21.77 22.71 23.97 25.3 26.5 27.6 28.68 29.8 31.05 32.5 33.6 33.33 32.64 31.69 30.66 29.7 28.94 28.31 27.67
26.91 25.89 24.5 22.84 22 22.28 23 24 25.1 26.17 27.22 28.32 29.53 30.9 32.5 33.7 33.22 32.04 30.57 29.22 28.4 28.2 27.75 26.95
26.02 25.14 24.5 24.25 24.33 24.61 24.98 25.31 25.5 25.46 25.23 24.91 24.57 24.31 24.2 23.76 22.84 22.05 22 23.01 24.2 24.64 24.36 23.59
22.59 21.61 20.9 20.63 20.6 20.63 20.73 20.91 21.2 21.6 22.14 22.81 23.64 24.63 25.8 27.01 27.6 27.29 26.55 25.72 25.1 24.92 25.03 25.17
25.09 24.55 23.3 21.43 20.4 20.87 22.02 23.46 24.8 25.76 26.45 27.08 27.86 29 30.7 32.2 31.96 31.34 30.48 29.52 28.6 27.84 27.2 26.62
26.06 25.44 24.7 23.9 23.5 23.8 24.57 25.67 26.9 28.13 29.3 30.37 31.3 32.06 32.6 32.91 33 32.68 31.85 30.72 29.5 28.34 27.24 26.16
25.03 23.83 22.5 21.15 20.5 20.74 21.34 22.09 22.8 23.33 23.76 24.22 24.85 25.76 27.1 28.75 29.6 29.18 28.17 26.98 26 25.52 25.45 25.61
25.79 25.82 25.5 24.81 24.4 24.46 24.64 24.98 25.5 26.2 27.04 27.93 28.8 29.58 30.2 30.5 30.17 29.34 28.28 27.25 26.5 26.21 26.24 26.35
26.3 25.86 24.8 23.19 22.3 22.45 22.9 23.63 24.6 25.8 27.14 28.54 29.93 31.21 32.3 32.9 32.54 31.58 30.21 28.62 27 25.61 25 25.38
26.28 27.4 28.4 29.03 29.34 29.45 29.48 29.56 29.8 30.3 31 31.84 32.72 33.57 34.3 34.7 34.36 33.49 32.29 30.99 29.8 28.87 28.15 27.53
26.89 26.11 25.1 23.91 23.3 23.52 24.13 25.07 26.3 27.72 29.17 30.44 31.35 31.7 31 30.01 29.1 28.24 27.42 26.61 25.8 24.98 24.18 23.43
22.77 22.25 21.9 21.74 21.7 21.84 22.2 22.65 23.1 23.46 23.81 24.24 24.87 25.78 27.1 28.69 29.5 29.23 28.56 27.68 26.8 26.07 25.49 25
24.55 24.1 23.6 23.06 22.8 23.1 23.85 24.83 25.8 26.59 27.23 27.83 28.46 29.22 30.2 31 30.71 29.98 28.98 27.89 26.9 26.15 25.61 25.24
24.96 24.74 24.5 24.23 24.1 24.17 24.4 24.83 25.5 26.41 27.41 28.35 29.03 29.3 28.5 27.42 26.5 25.76 25.2 24.85 24.7 24.75 24.88 24.97
24.87 24.46 23.6 22.37 21.7 21.69 21.68 21.74 21.9 22.21 22.66 23.22 23.86 24.56 25.3 25.8 25.73 25.55 25.29 24.99 24.7 24.44 24.2 23.97
23.74 23.48 23.2 22.88 22.55 22.27 22.07 22 22.1 22.41 22.89 23.53 24.29 25.12 26 26.82 27.2 27.1 26.85 26.53 26.2 25.92 25.69 25.47
25.25 25 24.7 24.37 24.2 24.24 24.42 24.78 25.4 26.31 27.45 28.74 30.12 31.5 32.8 33.6 33.41 32.9 32.18 31.35 30.5 29.72 29.02 28.38
27.79 27.24 26.7 26.22 26 26.32 27.09 28.08 29 29.68 30.17 30.63 31.18 31.95 33.1 34.1 33.81 33.06 32.04 30.93 29.9 29.1 28.48 27.95
27.42 26.8 26 25.07 24.6 24.86 25.53 26.4 27.3 28.07 28.72 29.26 29.73 30.17 30.6 31.01 31.2 31.03 30.58 29.97 29.3 28.66 28.06 27.46
26.85 26.2 25.5 24.76 24.15 23.9 23.98 24.14 24.3 24.38 24.43 24.57 24.88 25.46 26.4 27.69 28.88 29.4 28.71 27.1 25.3 23.88 22.87 22.16
21.63 21.19 20.7 20.12 19.62 19.4 19.84 21.01 22.7 24.68 26.69 28.46 29.72 30.2 28.8 26.83 25.06 23.52 22.26 21.31 20.7 20.45 20.45 20.6
20.77 20.85 20.7 20.28 19.82 19.6 20.41 22.38 24.8 27.08 29.1 30.85 32.3 33.46 34.3 34.7 34.37 33.51 32.33 31.03 29.8 28.8 27.98 27.23
26.45 25.54 24.4 23.02 21.82 21.3 22.42 24.98 27.8 29.93 31.34 32.22 32.76 33.15 33.6 34 33.69 32.87 31.74 30.49 29.3 28.32 27.52 26.79
26.05 25.22 24.2 22.99 21.95 21.5 22.1 23.53 25.2 26.65 27.85 28.88 29.85 30.82 31.9 32.7 32.4 31.6 30.46 29.14 27.8 26.57 25.47 24.52
23.7 23.03 22.5 22.11 21.88 21.8 22.13 22.93 23.9 24.8 25.62 26.41 27.2 28.05 29 29.7 29.55 29.14 28.56 27.89 27.2 26.56 25.98 25.44
24.92 24.41 23.9 23.39 22.94 22.63 22.55 22.78 23.4 24.43 25.63 26.72 27.41 27.4 26.6 25.58 24.58 23.74 23.17 23 23.2 23.29 23.17 22.9
22.52 22.07 21.6 21.16 20.83 20.7 21.18 22.33 23.7 24.93 26 26.94 27.81 28.64 29.5 30.1 29.84 29.19 28.32 27.4 26.6 26.06 25.72 25.52
25.35 25.14 24.8 24.29 23.81 23.6 23.75 24.17 24.8 25.58 26.44 27.31 28.12 28.81 29.3 29.5 29.31 28.83 28.16 27.41 26.7 26.11 25.63 25.23
24.88 24.55 24.2 23.83 23.53 23.4 23.45 23.61 23.9 24.32 24.84 25.45 26.11 26.8 27.5 28.12 28.4 28.29 28 27.61 27.2 26.83 26.51 26.22
25.94 25.68 25.4 25.12 24.89 24.8 24.87 25.17 25.8 26.82 28.1 29.43 30.61 31.47 31.8 31.58 31.04 30.35 29.69 29.21 29.1 29.3 29.1 28.51
27.78 27.16 26.9 26.72 26.28 25.7 25.12 24.68 24.5 24.42 24.25 24.1 24.04 24.08 24.2 24.38 24.57 24.75 24.87 24.9 24.8 24.54 24.16 23.73
23.28 22.89 22.6 22.45 22.4 22.4 22.9 24.09 25.5 26.74 27.78 28.67 29.45 30.18 30.9 31.4 31.23 30.79 30.17 29.48 28.8 28.22 27.72 27.28
26.85 26.4 25.9 25.35 24.89 24.7 25.02 25.78 26.7 27.54 28.29 28.98 29.64 30.3 31 31.5 31.21 30.46 29.44 28.32 27.3 26.51 25.94 25.51
25.15 24.8 24.4 23.91 23.48 23.3 23.46 23.88 24.5 25.24 26.06 26.94 27.82 28.69 29.5 30 29.73 29.1 28.38 27.86 27.8 28.1 28.24 28.61
29.08 29.54 29.9 30.07 30.08 30 29.9 29.85 29.9 30.12 30.51 31.08 31.82 32.72 33.8 34.6 34.39 33.86 33.14 32.37 31.7 31.22 30.88 30.6
30.28 29.84 29.2 28.34 27.55 27.2 27.38 27.82 28.4 29.02 29.71 30.48 31.4 32.49 33.8 34.8 34.56 33.99 33.3 32.7 32.4 32.53 32.88 33.15
33.04 32.26 30.5 27.75 25.09 23.9 24.15 24.8 25.7 26.73 27.83 28.97 30.1 31.19 32.2 33.04 33.4 33.09 32.28 31.18 30 28.9 27.9 27.02
26.25 25.57 25 24.53 24.22 24.1 24.27 24.73 25.4 26.22 27.16 28.16 29.21 30.27 31.3 32.2 32.6 32.27 31.45 30.35 29.2 28.19 27.32 26.53
25.78 25.02 24.2 23.32 22.6 22.3 22.47 22.94 23.6 24.39 25.28 26.26 27.31 28.43 29.6 30.4 30.18 29.63 28.89 28.13 27.5 27.11 26.88 26.69
26.43 25.97 25.2 24.09 23.06 22.6 23.05 24.07 25.2 26.05 26.65 27.14 27.64 28.28 29.2 30 29.78 29.2 28.4 27.52 26.7 26.03 25.46 24.92
24.32 23.57 22.6 21.4 20.35 19.9 20.68 22.41 24.2 25.36 25.97 26.3 26.65 27.29 28.5 29.7 29.45 28.8 27.87 26.79 25.7 24.7 23.79 22.97
22.23 21.54 20.9 20.31 19.87 19.7 20.66 22.87 25.3 27.11 28.16 28.5 27.29 24.64 22 20.53 20.21 20.7 21.68 22.82 23.8 24.35 24.46 24.19
23.61 22.76 21.7 20.55 19.6 19.2 19.79 21.17 22.8 24.21 25.34 26.27 27.03 27.69 28.3 28.7 28.46 27.83 26.9 25.79 24.6 23.43 22.32 21.3
20.41 19.66 19.1 18.74 18.55 18.5 19.26 21.05 23.1 24.8 26.09 27.06 27.81 28.43 29 29.54 29.8 29.44 28.51 27.22 25.8 24.43 23.16 22.01
20.99 20.12 19.4 18.86 18.52 18.4 18.8 19.92 21.6 23.67 25.83 27.77 29.16 29.7 29 27.76 26.36 24.91 23.51 22.27 21.3 20.68 20.31 20.09
19.9 19.6 19.1 18.34 17.62 17.3 17.96 19.49 21.2 22.55 23.57 24.47 25.43 26.64 28.3 29.7 29.46 28.84 27.96 26.97 26 25.16 24.42 23.75
23.09 22.39 21.6 20.73 20 19.7 20.17 21.31 22.7 24.01 25.23 26.4 27.58 28.83 30.2 31.2 30.95 30.31 29.42 28.43 27.5 26.73 26.09 25.5
24.87 24.13 23.2 22.09 21.12 20.7 21.13 22.14 23.3 24.29 25.14 25.96 26.88 28.02 29.5 30.7 30.39 29.61 28.53 27.36 26.3 25.49 24.91 24.48
24.13 23.8 23.4 22.91 22.49 22.3 22.47 22.95 23.7 24.68 25.83 27.09 28.38 29.64 30.8 31.5 31.15 30.24 28.98 27.6 26.3 25.26 24.48 23.91
23.48 23.16 22.9 22.66 22.47 22.4 22.7 23.45 24.4 25.38 26.38 27.48 28.73 30.18 31.9 33.2 32.74 31.56 29.96 28.24 26.7 25.57 24.79 24.25
23.84 23.43 22.9 22.21 21.58 21.3 21.83 23.02 24.3 25.2 25.81 26.31 26.93 27.86 29.3 30.6 30.3 29.52 28.49 27.41 26.5 25.9 25.55 25.28
24.98 24.5 23.7 22.55 21.48 21 21.54 22.79 24.2 25.34 26.24 27.03 27.86 28.87 30.2 31.3 30.9 29.88 28.55 27.19 26.1 25.48 25.22 25.1
24.93 24.5 23.6 22.19 20.82 20.2 20.21 20.24 20.3 20.4 20.63 21.09 21.88 23.12 24.9 26.4 26.18 25.6 24.82 23.97 23.2 22.61 22.17 21.83
21.51 21.16 20.7 20.13 19.62 19.4 19.82 20.8 21.9 22.77 23.43 23.98 24.52 25.16 26 26.7 26.45 25.8 24.92 24 23.2 22.65 22.3 22.06
21.84 21.55 21.1 20.46 19.86 19.6 19.83 20.44 21.3 22.32 23.47 24.74 26.13 27.62 29.2 30.3 30.06 29.43 28.51 27.43 26.3 25.22 24.24 23.41
22.76 22.35 22.2 22.21 22.27 22.42 22.7 23.15 23.8 24.69 25.77 27.01 28.34 29.72 31.1 32 31.55 30.39 28.8 27.04 25.4 24.1 23.13 22.44
21.98 21.68 21.5 21.38 21.32 21.3 21.79 22.94 24.3 25.49 26.47 27.33 28.11 28.88 29.7 30.3 30.03 29.36 28.45 27.51 26.7 26.16 25.83 25.59
25.31 24.89 24.2 23.22 22.3 21.9 22.05 22.42 22.9 23.4 23.94 24.56 25.31 26.24 27.4 28.3 27.98 27.18 26.15 25.14 24.4 24.1 24.12 24.25
24.31 24.09 23.4 22.18 20.96 20.4 20.64 21.33 22.4 23.78 25.33 26.9 28.33 29.48 30.2 30.4 30.24 29.8 29.15 28.36 27.5 26.63 25.78 25
24.3 23.72 23.3 23.05 22.93 22.9 22.95 23.25 24 25.31 26.93 28.52 29.72 30.2 28.7 26.91 25.65 24.79 24.22 23.83 23.5 23.13 22.71 22.25
21.76 21.24 20.7 20.17 19.76 19.6 20.08 21.16 22.3 23.08 23.61 24.15 24.92 26.19 28.2 30 29.8 29.29 28.58 27.78 27 26.33 25.78 25.31
24.91 24.55 24.2 23.87 23.6 23.5 23.71 24.21 24.8 25.33 25.84 26.42 27.16 28.16 29.5 30.6 30.38 29.85 29.18 28.53 28.1 27.99 28.06 28.12
27.98 27.44 26.3 24.54 22.85 22.1 22.38 23.15 24.3 25.71 27.28 28.88 30.42 31.76 32.8 33.3 32.9 31.85 30.39 28.76 27.2 25.9 24.84 23.95
23.18 22.45 21.7 20.91 20.27 20 20.45 21.54 22.9 24.21 25.44 26.59 27.69 28.75 29.8 30.5 30.26 29.61 28.7 27.65 26.6 25.65 24.84 24.19
23.71 23.4 23.3 23.32 23.38 23.48 23.6 23.74 23.9 24.08 24.31 24.63 25.09 25.73 26.6 27.6 28.1 27.85 27.24 26.46 25.7 25.12 24.71 24.41
24.17 23.91 23.6 23.21 22.85 22.7 23.06 23.97 25.2 26.56 27.98 29.46 30.96 32.49 34 35 34.58 33.5 32.05 30.49 29.1 28.1 27.46 27.06
26.82 26.63 26.4 26.06 25.71 25.5 25.57 26.06 27.1 28.71 30.37 31.42 31.2 29.58 28.5 28.2 27.39 26.23 24.87 23.44 22.1 20.97 20.05 19.32
18.75 18.32 18 17.78 17.64 17.6 17.81 18.29 18.8 19.17 19.42 19.64 19.91 20.3 20.9 21.72 22.47 22.8 22.2 20.84 19.4 18.43 17.98 17.98
18.35 19.01 19.9 20.88 21.61 21.7 20.94 19.91 19.4 19.35 19.22 19.05 18.88 18.75 18.7 18.44 17.82 17.09 16.47 16.2 16.4 16.74 17.03 17.15
16.98 16.41 15.3 13.69 12.17 11.5 12.46 14.75 17.5 19.97 22.07 23.85 25.36 26.66 27.8 28.5 27.99 26.7 24.95 23.07 21.4 20.18 19.34 18.69
18.08 17.34 16.3 14.92 13.65 13.1 14.19 16.74 19.7 22.2 24.14 25.64 26.79 27.71 28.5 29 28.39 26.84 24.78 22.62 20.8 19.62 18.94 18.54
18.16 17.56 16.5 14.91 13.38 12.7 13.5 15.38 17.6 19.55 21.21 22.7 24.15 25.67 27.4 28.7 28.34 27.39 26.09 24.65 23.3 22.21 21.34 20.59
19.88 19.11 18.2 17.12 16.2 15.8 16.45 18.05 20.1 22.16 24.13 25.98 27.7 29.24 30.6 31.4 30.74 29.05 26.79 24.43 22.4 21.06 20.32 19.98
19.83 19.67 19.3 18.62 17.92 17.6 18.56 20.77 23.2 25.03 26.29 27.21 28.05 29.03 30.4 31.6 31.23 30.24 28.87 27.32 25.8 24.49 23.41 22.51
21.78 21.19 20.7 20.31 20.07 20.04 20.31 20.94 22 23.49 25.11 26.5 27.29 27.1 25.7 23.42 21.04 19.4 19.08 19.65 20.4 20.78 20.83 20.7
20.55 20.44 20.4 20.08 19.25 18.1 16.83 15.63 14.7 14.17 13.99 14.05 14.22 14.41 14.5 14.39 14.18 14.1 14.27 14.55 14.7 14.57 14.26 13.94
13.8 14.25 15.1 15.72 16.08 16.28 16.45 16.68 17.1 17.78 18.69 19.75 20.9 22.07 23.2 23.9 23.64 22.96 22.04 21.03 20.1 19.37 18.8 18.3
17.79 17.18 16.4 15.41 14.4 13.62 13.3 15.04 18.4 21.13 22.96 24.13 24.87 25.42 26 26.5 26.17 25.32 24.1 22.7 21.3 20.03 18.9 17.87
16.9 15.95 15 14.03 13.17 12.54 12.3 13.35 15.6 17.91 20.05 22.05 23.9 25.61 27.2 28.2 27.76 26.6 25 23.21 21.5 20.08 18.93 17.97
17.13 16.33 15.5 14.61 13.77 13.14 12.9 14.33 17.2 19.76 21.79 23.43 24.82 26.13 27.5 28.5 28 26.7 24.91 22.94 21.1 19.63 18.48 17.56
16.74 15.93 15 13.91 12.84 12.02 11.7 13.4 16.8 19.78 22.04 23.72 25 26 26.9 27.5 27.02 25.81 24.19 22.48 21 19.99 19.36 18.94
18.54 17.98 17.1 15.81 14.4 13.26 12.8 14.3 17.3 19.98 22.07 23.69 24.95 25.98 26.9 27.5 27.01 25.78 24.14 22.43 21 20.1 19.61 19.35
19.11 18.69 17.9 16.64 15.23 14.08 13.6 14.83 17.5 20.29 22.85 25.05 26.77 27.9 28.3 27.94 27.02 25.81 24.56 23.54 23 23.05 23.2 22.96
22.44 21.93 21.7 21.51 20.99 20.25 19.36 18.41 17.5 16.7 16.03 15.5 15.12 14.88 14.8 14.52 13.89 13.21 12.8 12.84 13 12.97 12.9 12.96
13.11 13.27 13.4 13.45 13.46 13.49 13.6 13.85 14.3 14.99 15.91 17.01 18.27 19.64 21.1 22.1 21.77 20.92 19.73 18.4 17.1 16 15.07 14.28
13.57 12.89 12.2 11.47 10.79 10.29 10.1 11.95 15.6 18.68 20.9 22.53 23.79 24.93 26.2 27.2 26.63 25.18 23.26 21.3 19.7 18.77 18.38 18.29
18.29 18.14 17.6 16.55 15.3 14.24 13.8 15.63 19.2 22.16 24.22 25.63 26.62 27.43 28.3 29 28.44 27.05 25.2 23.32 21.8 20.93 20.57 20.47
20.37 20.03 19.2 17.75 16.07 14.68 14.1 16.49 21.1 24.75 27.11 28.52 29.35 29.96 30.7 31.4 30.83 29.33 27.25 24.93 22.7 20.83 19.31 18.05
16.95 15.93 14.9 13.82 12.82 12.08 11.8 13.71 17.4 20.36 22.37 23.77 24.93 26.19 27.9 29.4 28.79 27.24 25.12 22.85 20.8 19.29 18.25 17.53
17 16.51 15.9 15.09 14.24 13.57 13.3 14.42 16.7 18.79 20.52 21.99 23.33 24.62 26 27 26.42 24.95 22.99 20.94 19.2 18.07 17.47 17.22
17.13 17.01 16.7 16.07 15.31 14.67 14.4 15.19 17 19.08 21.19 23.17 24.89 26.22 27 27.2 26.9 26.09 24.94 23.59 22.2 20.9 19.71 18.63
17.65 16.78 16 15.32 14.78 14.43 14.3 14.67 15.4 16.05 16.63 17.28 18.14 19.33 21 22.4 22.04 21.13 19.91 18.62 17.5 16.74 16.31 16.09
16 15.94 15.8 15.53 15.2 14.92 14.8 15.67 17.4 18.87 19.94 20.66 21.13 21.42 21.6 21.7 21.4 20.65 19.61 18.5 17.5 16.75 16.22 15.83
15.48 15.1 14.6 13.94 13.26 12.72 12.5 14.77 19.1 22.46 24.52 25.63 26.13 26.37 26.7 27.1 26.61 25.34 23.6 21.72 20 18.69 17.73 16.99
16.36 15.71 14.9 13.88 12.84 12.03 11.7 12.96 15.5 17.76 19.58 21.12 22.54 24.01 25.7 27 26.61 25.58 24.1 22.37 20.6 18.95 17.48 16.2
15.13 14.29 13.7 13.36 13.22 13.19 13.2 13.54 14.3 15.19 16.14 17.15 18.22 19.33 20.5 21.3 21.03 20.33 19.36 18.3 17.3 16.5 15.85 15.28
14.7 14.04 13.2 12.17 11.13 10.32 10 10.54 11.7 12.9 14.05 15.14 16.21 17.26 18.3 19 18.6 17.51 15.92 13.99 11.9 9.97 9.1 9.48
10.37 11.43 12.3 12.71 12.73 12.53 12.29 12.15 12.3 12.85 13.74 14.88 16.17 17.51 18.8 19.6 19.2 18.15 16.71 15.11 13.6 12.37 11.39 10.58
9.87 9.17 8.4 7.53 6.69 6.05 5.8 6.96 9.3 11.38 12.97 14.14 14.94 15.44 15.7 15.79 15.8 15.58 15.02 14.22 13.3 12.37 11.48 10.66
9.93 9.33 8.9 8.64 8.53 8.5 8.5 8.96 9.9 10.76 11.47 12.08 12.62 13.15 13.7 14.1 13.88 13.35 12.66 11.98 11.5 11.32 11.38 11.56
11.74 11.79 11.6 11.11 10.47 9.93 9.7 10.02 10.9 12.22 13.87 15.71 17.63 19.5 21.2 22.2 21.85 20.96 19.75 18.45 17.3 16.46 15.86 15.36
14.84 14.17 13.2 11.89 10.52 9.44 9 10.5 13.7 16.98 19.95 22.5 24.54 25.97 26.7 26.8 26.3 24.99 23.17 21.14 19.2 17.59 16.29 15.24
14.35 13.56 12.8 12.02 11.31 10.8 10.6 11.93 14.5 16.6 18.04 19 19.69 20.29 21 21.6 21.25 20.36 19.13 17.77 16.5 15.48 14.72 14.16
13.75 13.45 13.2 12.97 12.78 12.65 12.6 13.23 14.5 15.61 16.34 16.6 16.26 15.49 14.7 14.19 13.97 13.95 14.06 14.2 14.3 14.3 14.2 14.03
13.83 13.61 13.4 13.23 13.1 13.03 13 13.28 14 14.95 16.01 17.05 17.94 18.56 18.8 18.69 18.35 17.77 16.94 15.85 14.5 12.96 11.65 11.1
12.21 14.6 16.9 18.01 18.03 17.38 16.43 15.61 15.3 15.8 16.95 18.48 20.13 21.63 22.7 23.1 22.68 21.59 20.1 18.45 16.9 15.66 14.7 13.96
13.36 12.83 12.3 11.72 11.17 10.76 10.6 10.93 11.9 13.46 15.41 17.48 19.42 20.98 21.9 22.1 21.8 21.02 19.95 18.78 17.7 16.86 16.22 15.74
15.33 14.94 14.5 13.97 13.46 13.1 13.01 13.33 14.2 15.67 17.49 19.35 20.92 21.9 21.8 19.92 17 14.15 12.5 12.73 13.8 14.48 14.6 14.29
13.63 12.73 11.7 10.65 9.72 9.05 8.8 9.33 10.5 11.76 12.97 14.07 15.03 15.79 16.3 16.54 16.6 16.1 14.99 13.8 13.1 13 12.29 10.97
9.5 8.3 7.8 7.53 7.05 6.85 7.4 8.96 10.8 12.15 12.94 13.27 13.24 12.95 12.5 11.98 11.44 10.89 10.37 9.9 9.5 9.19 8.89 8.5
7.94 7.1 5.9 4.32 2.69 1.42 0.9 3.11 7.3 10.5 12.39 13.32 13.65 13.73 13.9 14.2 13.9 13.12 12.09 11.02 10.1 9.5 9.15 8.91
8.68 8.32 7.7 6.77 5.76 4.94 4.6 5.5 7.6 10.08 12.64 15.09 17.26 18.95 20 20.3 19.78 18.43 16.59 14.61 12.8 11.43 10.44 9.7
9.05 8.36 7.5 6.39 5.25 4.36 4 4.97 7.2 9.83 12.54 15.14 17.46 19.3 20.5 20.9 20.42 19.18 17.49 15.66 14 12.74 11.82 11.1
10.43 9.68 8.7 7.44 6.13 5.11 4.7 5.53 7.5 9.92 12.54 15.18 17.69 19.92 21.7 22.6 22.01 20.52 18.57 16.62 15.1 14.33 14.13 14.19
14.21 13.88 12.9 11.12 9.05 7.32 6.6 8.96 13.5 17.09 19.38 20.72 21.48 21.98 22.6 23.2 22.57 20.96 18.77 16.38 14.2 12.54 11.33 10.44
9.72 9.02 8.2 7.18 6.13 5.33 5 5.86 8 10.81 13.93 17.09 20 22.36 23.9 24.4 23.71 21.93 19.54 16.97 14.7 13.07 12.01 11.34
10.88 10.46 9.9 9.09 8.2 7.49 7.2 8.44 11 13.46 15.55 17.25 18.57 19.52 20.1 20.3 19.77 18.38 16.47 14.37 12.4 10.82 9.64 8.79
8.19 7.78 7.5 7.28 7.13 7.03 7 7.67 9.1 10.59 11.97 13.22 14.29 15.16 15.8 16.1 15.81 15.04 13.99 12.81 11.7 10.79 10.07 9.5
9.05 8.66 8.3 7.94 7.62 7.39 7.3 8.17 10 11.79 13.35 14.7 15.83 16.76 17.5 17.9 17.49 16.43 14.99 13.42 12 10.92 10.18 9.69
9.38 9.17 9 8.8 8.61 8.46 8.4 8.73 9.6 10.85 12.33 13.88 15.34 16.57 17.4 17.7 17.32 16.37 15.09 13.75 12.6 11.84 11.43 11.27
11.26 11.3 11.3 11.18 10.98 10.75 10.57 10.5 14.3 18.23 20.24 20.88 20.72 20.31 20.2 20.5 19.9 18.46 16.7 15.14 14.3 14.3 13.99 13.27
12.41 11.7 11.4 11.16 10.62 10.03 9.64 9.7 10.3 10.97 11.55 12.02 12.34 12.47 12.4 12.11 11.71 11.33 11.12 11.19 11.7 12.69 13.88 14.91
15.44 15.1 14.3 13.63 11.94 9.75 7.56 5.87 5.2 5 5.16 5.75 6.57 7.39 8 8.24 8.15 7.85 7.44 7.02 6.7 6.55 6.51 6.45
6.29 5.91 5.2 4.12 2.86 1.66 0.75 0.4 3.9 7.86 10.37 11.78 12.42 12.65 12.8 13 12.57 11.46 9.94 8.3 6.8 5.66 4.84 4.22
3.7 3.16 2.5 1.65 0.72 -0.13 -0.76 -1 2.5 6.69 9.66 11.63 12.84 13.51 13.9 14.1 13.78 12.99 11.92 10.82 9.9 9.32 9.02 8.87
8.75 8.54 8.1 7.37 6.48 5.61 4.96 4.7 5.1 6.04 7.28 8.66 9.99 11.1 11.8 12 11.7 10.96 9.99 9.03 8.3 7.96 7.88 7.89
7.81 7.44 6.6 5.2 3.5 1.84 0.59 0.1 4.6 9.35 11.89 12.82 12.73 12.23 11.9 12 11.43 10.01 8.12 6.19 4.6 3.67 3.31 3.35
3.59 3.87 4 3.85 3.5 3.09 2.74 2.6 4.7 6.9 8.13 8.74 9.1 9.56 10.5 11.5 11.06 9.92 8.37 6.7 5.2 4.08 3.33 2.84
2.53 2.32 2.1 1.82 1.5 1.2 0.99 0.9 3.3 5.9 7.39 8.08 8.27 8.24 8.3 8.5 8.31 7.87 7.37 6.98 6.9 7.1 6.95 6.46
5.85 5.32 5.1 4.95 4.58 4.1 3.62 3.25 3.1 2.6 2.25 2.34 2.74 3.33 4 4.62 5.13 5.46 5.54 5.31 4.7 3.74 2.81 2.4
3.3 5.26 7.2 8.24 8.44 8.08 7.43 6.78 6.4 6.51 7.02 7.79 8.68 9.53 10.2 10.5 10.27 9.66 8.78 7.76 6.7 5.7 4.76 3.87
3.01 2.16 1.3 0.43 -0.38 -1.06 -1.53 -1.7 0.9 4.09 6.48 8.23 9.52 10.51 11.4 12 11.44 10.01 8.13 6.19 4.6 3.66 3.27 3.21
3.29 3.29 3 2.3 1.34 0.36 -0.39 -0.7 1.8 5.04 7.63 9.58 10.95 11.74 12 11.77 11.14 10.24 9.15 8.01 6.9 5.92 5.07 4.33
3.67 3.07 2.5 1.96 1.47 1.07 0.8 0.7 5.3 10.17 12.81 13.82 13.82 13.41 13.2 13.4 13.03 12.06 10.72 9.23 7.8 6.62 5.65 4.81
4.05 3.27 2.4 1.41 0.39 -0.51 -1.15 -1.4 2.7 7.27 10.1 11.64 12.35 12.68 13.1 13.6 13.08 11.75 9.93 7.94 6.1 4.67 3.62 2.84
2.23 1.68 1.1 0.41 -0.31 -0.95 -1.42 -1.6 -0.6 1.36 3.72 6.18 8.46 10.26 11.3 11.5 11.06 9.95 8.46 6.91 5.6 4.76 4.32 4.14
4.07 3.97 3.7 3.16 2.45 1.75 1.22 1 4.8 9.02 11.59 12.93 13.47 13.62 13.8 14.1 13.71 12.66 11.19 9.5 7.8 6.27 4.95 3.81
2.84 2.04 1.4 0.9 0.53 0.28 0.14 0.1 1.7 3.65 5.11 6.19 7.02 7.71 8.4 8.9 8.64 7.97 7.02 5.95 4.9 3.99 3.23 2.59
2.05 1.6 1.2 0.85 0.54 0.31 0.15 0.1 1.9 3.94 5.25 6.01 6.4 6.6 6.8 7 6.72 6 5.01 3.92 2.9 2.09 1.46 0.94
0.47 -0.02 -0.6 -1.3 -2.05 -2.72 -3.21 -3.4 -1.5 0.74 2.33 3.45 4.29 5.04 5.9 6.6 6.36 5.73 4.9 4.04 3.3 2.82 2.55 2.41
2.29 2.12 1.8 1.28 0.65 0.04 -0.42 -0.6 1.4 3.84 5.66 7 8.02 8.87 9.7 10.3 9.99 9.19 8.07 6.82 5.6 4.56 3.69 2.95
2.28 1.65 1 0.31 -0.36 -0.94 -1.35 -1.5 3 8.06 11.23 12.96 13.73 13.99 14.2 14.5 14.11 13.12 11.78 10.35 9.1 8.22 7.64 7.22
6.83 6.34 5.6 4.54 3.33 2.18 1.33 1 5.2 9.77 12.43 13.74 14.21 14.39 14.8 15.4 14.97 13.86 12.33 10.66 9.1 7.87 6.92 6.17
5.51 4.86 4.1 3.19 2.23 1.37 0.74 0.5 1.6 3.87 6.67 9.63 12.39 14.57 15.8 16 15.35 13.7 11.53 9.31 7.5 6.46 6.07 6.11
6.37 6.6 6.6 6.2 5.54 4.82 4.24 4 6.8 10.23 12.75 14.5 15.63 16.28 16.6 16.7 16.21 14.94 13.19 11.24 9.4 7.89 6.71 5.79
5.06 4.45 3.9 3.35 2.83 2.4 2.11 2 4.7 8.15 10.91 13.08 14.79 16.15 17.3 18 17.44 16 14.01 11.83 9.8 8.19 6.96 6.02
5.27 4.6 3.9 3.11 2.31 1.6 1.09 0.9 3.5 7.14 10.36 13.1 15.25 16.75 17.5 17.6 16.94 15.23 12.89 10.35 8 6.19 4.88 3.96
3.32 2.84 2.4 1.92 1.44 1.02 0.71 0.6 2.4 5.05 7.51 9.67 11.37 12.5 12.9 12.53 11.57 10.22 8.69 7.18 5.9 5 4.41 4
3.63 3.17 2.5 1.54 0.43 -0.62 -1.4 -1.7 1.9 6.03 8.72 10.27 10.99 11.2 11.2 10.87 10.02 8.88 7.66 6.6 5.9 5.75 6.09 6.84
7.91 9.19 10.6 11.93 12.5 11.79 10.32 8.86 8.2 8.33 8.64 9.05 9.46 9.77 9.9 9.25 7.74 5.98 4.62 4.3 5.1 5.42 5 4.07
2.83 1.5 0.3 -0.6 -1.2 -1.57 -1.75 -1.8 -0.6 0.7 1.54 2.15 2.78 3.68 5.1 6.4 5.92 4.75 3.27 1.89 1 0.87 1.33 2.06
2.79 3.2 3 2.01 0.52 -1.05 -2.29 -2.8 0.1 2.94 4.17 4.34 3.98 3.62 3.8 4.4 4.06 3.2 2.08 0.96 0.1 -0.33 -0.43 -0.39
-0.4 -0.64 -1.3 -2.48 -3.94 -5.37 -6.47 -6.9 -4.8 -2 0.34 2.22 3.67 4.69 5.3 5.5 5.11 4.12 2.79 1.4 0.2 -0.6 -1.06 -1.29
-1.43 -1.59 -1.9 -2.43 -3.08 -3.72 -4.21 -4.4 -1.2 2.25 4.24 5.16 5.43 5.48 5.7 6.1 5.85 5.18 4.18 2.95 1.6 0.26 -0.78 -1.2
-0.53 0.89 2.2 2.74 2.64 2.23 1.84 1.78 2.4 3.88 5.87 7.9 9.47 10.1 9.2 7.75 6.26 4.84 3.61 2.69 2.2 2.19 2.51 2.95
3.29 3.31 2.8 1.65 0.12 -1.43 -2.62 -3.1 -2.1 -0.57 0.94 2.37 3.67 4.77 5.6 6 5.52 4.32 2.74 1.12 -0.2 -0.95 -1.24 -1.22
-1.1 -1.03 -1.2 -1.73 -2.47 -3.25 -3.85 -4.1 -4 -3 -1.17 1.13 3.53 5.64 7.1 7.6 7.12 5.89 4.21 2.38 0.7 -0.58 -1.48 -2.06
-2.41 -2.6 -2.7 -2.77 -2.83 -2.87 -2.89 -2.9 0.3 3.68 5.5 6.18 6.14 5.81 5.6 5.4 4.91 4.29 3.71 3.33 3.3 3.6 3.61 3.3
2.86 2.47 2.3 2.24 2.09 1.9 1.71 1.56 1.5 1.3 1.16 1.19 1.35 1.57 1.8 2 2.14 2.22 2.21 2.11 1.9 1.58 1.18 0.74
0.3 -0.09 -0.4 -0.59 -0.69 -0.71 -0.71 -0.7 2.1 5.01 6.51 7 6.89 6.59 6.5 6.7 6.46 5.83 4.95 3.96 3 2.18 1.47 0.8
0.1 -0.67 -1.6 -2.7 -3.85 -4.88 -5.62 -5.9 -4 -1.6 0.31 1.84 3.12 4.26 5.4 6.2 6.01 5.53 4.89 4.2 3.6 3.17 2.85 2.53
2.12 1.51 0.6 -0.65 -2.05 -3.36 -4.32 -4.7 -3.4 -1.5 0.32 2.07 3.71 5.26 6.7 7.6 7.15 5.99 4.44 2.81 1.4 0.44 -0.13 -0.46
-0.71 -1 -1.5 -2.29 -3.23 -4.14 -4.83 -5.1 -4.4 -2.65 -0.26 2.37 4.87 6.84 7.9 8 7.46 6.09 4.22 2.2 0.4 -0.93 -1.82 -2.39
-2.76 -3.06 -3.4 -3.86 -4.39 -4.89 -5.26 -5.4 -3.8 -1.1 1.8 4.68 7.3 9.42 10.8 11.33 11.4 11.11 10.37 9.43 8.5 7.75 7.13 6.53
5.83 4.92 3.7 2.12 0.39 -1.19 -2.35 -2.8 -0.2 3.01 5.4 7.1 8.21 8.87 9.2 9.3 8.91 7.84 6.19 4.11 1.7 -0.68 -1.8 -0.61
2.21 5.55 8.3 9.4 9.13 8.45 7.58 6.73 6.1 5.85 5.92 6.17 6.48 6.74 6.8 6.58 6.12 5.49 4.74 3.96 3.2 2.52 1.88 1.24
0.54 -0.25 -1.2 -2.31 -3.46 -4.49 -5.22 -5.5 -4.6 -2.95 -1.05 0.96 2.9 4.6 5.9 6.5 6.03 4.83 3.21 1.49 0 -1.03 -1.66 -2.02
-2.24 -2.46 -2.8 -3.36 -4.04 -4.7 -5.2 -5.4 -3.8 -1.54 0.56 2.51 4.34 6.06 7.7 9.15 9.8 9.16 7.79 6.47 6 6.72 7.1 5.69
3.17 0.77 -0.3 -0.36 -0.5 -0.71 -0.93 -1.14 -1.3 -1.39 -1.41 -1.39 -1.36 -1.32 -1.3 -1.49 -1.95 -2.46 -2.84 -2.9 -2.6 -2.44 -2.51 -2.78
-3.21 -3.76 -4.4 -5.07 -5.72 -6.27 -6.66 -6.8 -4.3 -1.56 0.12 1.1 1.77 2.48 3.6 4.7 4.38 3.52 2.3 0.87 -0.6 -1.97 -3.2 -4.28
-5.2 -5.94 -6.5 -6.87 -7.08 -7.17 -7.2 -7.2 -5.3 -3.54 -2.9 -2.97 -3.34 -3.58 -3.3 -2.27 -1.07 -0.5 -1.21 -2.73 -4.2 -4.89 -4.77 -3.97
-2.62 -0.85 1.2 3.21 4.1 2.99 0.7 -1.57 -2.6 -2.37 -1.8 -1.05 -0.3 0.27 0.5 -0.04 -1.34 -2.89 -4.21 -4.8 -4.5 -4.22 -4.19 -4.37
-4.76 -5.31 -6 -6.8 -7.6 -8.31 -8.81 -9 -5.5 -1.86 0.01 0.61 0.41 -0.09 -0.4 -0.19 0.25 0.5 0.3 -0.22 -0.9 -1.63 -2.38 -3.13
-3.86 -4.55 -5.2 -5.78 -6.28 -6.66 -6.91 -7 -6 -5.01 -4.52 -4.28 -4.08 -3.66 -2.8 -1.51 -0.8 -1.28 -2.47 -3.97 -5.4 -6.46 -7.17 -7.67
-8.06 -8.46 -9 -9.75 -10.59 -11.38 -11.97 -12.2 -9.4 -6.5 -5.02 -4.55 -4.69 -5.04 -5.2 -4.93 -4.7 -4.79 -5.02 -5.34 -5.7 -6.05 -6.4 -6.75
-7.11 -7.49 -7.9 -8.34 -8.77 -9.14 -9.4 -9.5 -8.7 -7.65 -6.76 -5.97 -5.24 -4.5 -3.7 -2.89 -2.5 -2.7 -3.21 -3.92 -4.7 -5.45 -6.15 -6.81
-7.41 -7.98 -8.5 -8.98 -9.39 -9.71 -9.92 -10 -9.4 -8.28 -6.96 -5.55 -4.16 -2.9 -1.9 -1.4 -1.58 -2.04 -2.64 -3.24 -3.7 -3.93 -4 -3.99
-4.02 -4.19 -4.6 -5.3 -6.17 -7.01 -7.65 -7.9 -4.8 -1.53 0.27 1.04 1.27 1.4 1.9 2.6 2.15 1.01 -0.46 -1.95 -3.1 -3.67 -3.76 -3.56
-3.26 -3.04 -3.1 -3.56 -4.27 -5.04 -5.65 -5.9 1.3 8.36 11.35 11.42 9.75 7.48 5.8 5.51 6.02 6.4 6.18 5.58 4.7 3.63 2.44 1.2
-0.03 -1.19 -2.2 -3.02 -3.64 -4.07 -4.32 -4.4 -3.4 -1.47 0.82 3.18 5.34 7.01 7.9 8 7.44 6.04 4.23 2.44 1.1 0.51 0.51 0.8
1.11 1.14 0.6 -0.67 -2.38 -4.12 -5.46 -6 -4.3 -2.05 -0.18 1.35 2.58 3.55 4.3 4.7 4.18 2.85 1.08 -0.79 -2.4 -3.48 -4.1 -4.42
-4.59 -4.76 -5.1 -5.7 -6.46 -7.21 -7.77 -8 -7.1 -5.57 -3.91 -2.23 -0.67 0.65 1.6 2 1.7 0.97 0.01 -0.96 -1.7 -2.06 -2.13 -2.03
-1.92 -1.93 -2.2 -2.82 -3.65 -4.49 -5.14 -5.4 -4 -1.71 0.69 3 5.03 6.59 7.5 7.7 7.5 6.96 6.21 5.35 4.5 3.75 3.1 2.56
2.12 1.77 1.5 1.31 1.22 1.25 1.41 1.72 2.2 2.85 3.59 4.32 4.92 5.3 5.1 3.41 0.83 -1.59 -2.8 -2.21 -1 -0.49 -0.78 -1.64
-2.85 -4.21 -5.5 -6.53 -7.3 -7.81 -8.11 -8.2 -6.2 -3.76 -1.95 -0.6 0.45 1.36 2.3 3 2.68 1.82 0.55 -1.01 -2.7 -4.28 -5 -4.65
-3.81 -2.78 -1.9 -1.39 -1.16 -1.07 -0.93 -0.6 0.1 1.25 2.64 3.98 5 5.4 4.9 4.07 3.15 2.19 1.2 0.23 -0.7 -1.56 -2.36 -3.11
-3.84 -4.57 -5.3 -6.05 -6.75 -7.34 -7.75 -7.9 -6.1 -3.91 -2.3 -1.15 -0.31 0.33 0.9 1.3 0.94 0.03 -1.2 -2.49 -3.6 -4.34 -4.77 -4.98

Damp (g/kg.dra)
(3600,0,31536000)
1.6 1.71 1.79 1.83 1.82 1.78 1.72 1.65 1.65 1.74 1.86 1.92 1.83 1.64 1.45 1.41 1.51 1.68 1.84 1.96 2 2.01 2.01 2.02
2.03 2.05 2.07 2.09 2.1 2.1 2.08 2.05 2.09 2.23 2.4 2.48 2.36 2.08 1.77 1.61 1.66 1.78 1.92 2.05 2.23 2.46 2.61 2.64
2.56 2.44 2.28 2.11 1.9 1.71 1.5 1.29 1.08 0.88 0.71 0.57 0.46 0.39 0.35 0.34 0.33 0.33 0.33 0.32 0.31 0.26 0.2 0.13
0.07 0.05 0.06 0.11 0.18 0.25 0.31 0.35 0.39 0.4 0.39 0.36 0.32 0.26 0.24 0.28 0.35 0.46 0.56 0.64 0.68 0.68 0.67 0.65
0.63 0.63 0.65 0.69 0.73 0.77 0.81 0.83 0.88 0.93 0.95 0.91 0.8 0.59 0.37 0.24 0.2 0.23 0.3 0.38 0.44 0.46 0.46 0.45
0.44 0.46 0.5 0.56 0.62 0.67 0.72 0.77 0.85 0.94 1.03 1.11 1.19 1.23 1.26 1.26 1.17 1.07 0.99 0.93 0.9 0.88 0.89 0.93
0.97 1.01 1.03 1.03 1.02 1 0.98 0.96 1.22 1.51 1.62 1.57 1.47 1.39 1.4 1.51 1.61 1.71 1.79 1.82 1.81 1.73 1.65 1.57
1.51 1.49 1.51 1.59 1.69 1.81 1.92 2.02 2.32 2.7 2.97 3.11 3.09 2.95 2.72 2.52 2.36 2.25 2.17 2.13 2.11 2.12 2.16 2.21
2.25 2.29 2.3 2.27 2.21 2.13 2.06 1.99 2.52 3.17 3.36 3.25 3.01 2.77 2.65 2.71 2.77 2.79 2.77 2.68 2.6 2.54 2.5 2.47
2.43 2.4 2.34 2.27 2.19 2.11 2.04 1.98 1.94 1.91 1.87 1.82 1.73 1.65 1.57 1.51 1.44 1.4 1.42 1.54 1.78 1.94 1.97 1.91
1.79 1.66 1.54 1.47 1.43 1.4 1.38 1.36 1.65 1.99 2.14 2.15 2.09 2.06 2.14 2.32 2.34 2.33 2.26 2.19 2.1 2 1.91 1.82
1.74 1.69 1.67 1.67 1.7 1.73 1.77 1.8 1.83 1.85 1.86 1.86 1.86 1.87 1.9 1.94 1.94 1.96 1.99 2.04 2.09 2.15 2.2 2.25
2.26 2.26 2.22 2.14 2.04 1.92 1.82 1.74 1.7 1.72 1.78 1.89 2.08 2.32 2.58 2.81 2.97 3.05 3.02 2.78 2.48 2.36 2.27 2.1
1.87 1.68 1.57 1.52 1.46 1.42 1.38 1.36 1.35 1.38 1.41 1.46 1.52 1.57 1.61 1.63 1.64 1.64 1.62 1.61 1.6 1.59 1.58 1.57
1.57 1.54 1.51 1.46 1.4 1.34 1.27 1.21 1.26 1.3 1.26 1.17 1.08 1.01 1 1.02 1.08 1.15 1.2 1.24 1.25 1.22 1.17 1.1
1.02 0.95 0.89 0.85 0.84 0.84 0.85 0.87 0.91 0.95 1 1.04 1.06 1.06 1.03 0.98 0.96 0.96 0.98 1.02 1.08 1.16 1.24 1.29
1.31 1.29 1.23 1.12 0.98 0.82 0.67 0.53 0.43 0.38 0.35 0.35 0.37 0.4 0.42 0.44 0.43 0.38 0.33 0.29 0.27 0.27 0.29 0.32
0.35 0.38 0.41 0.42 0.42 0.41 0.39 0.37 0.34 0.32 0.29 0.26 0.23 0.21 0.19 0.18 0.18 0.19 0.21 0.23 0.24 0.26 0.27 0.28
0.3 0.32 0.34 0.36 0.37 0.38 0.37 0.37 0.38 0.39 0.37 0.32 0.25 0.18 0.16 0.24 0.38 0.55 0.69 0.76 0.75 0.67 0.57 0.5
0.48 0.52 0.55 0.56 0.55 0.53 0.5 0.46 0.43 0.4 0.37 0.35 0.31 0.29 0.27 0.27 0.29 0.32 0.37 0.42 0.48 0.54 0.6 0.65
0.7 0.74 0.77 0.78 0.77 0.75 0.72 0.69 0.74 0.79 0.79 0.74 0.66 0.58 0.56 0.63 0.75 0.87 0.96 1 1.02 1.03 1.02 1
0.95 0.87 0.77 0.66 0.57 0.5 0.46 0.43 0.51 0.59 0.58 0.52 0.44 0.37 0.36 0.41 0.48 0.55 0.6 0.64 0.66 0.67 0.65 0.6
0.53 0.46 0.41 0.36 0.33 0.31 0.29 0.28 0.27 0.25 0.24 0.24 0.24 0.25 0.27 0.29 0.33 0.37 0.41 0.44 0.48 0.52 0.55 0.57
0.58 0.58 0.57 0.54 0.51 0.47 0.42 0.38 0.41 0.46 0.48 0.5 0.51 0.55 0.64 0.76 0.82 0.85 0.86 0.85 0.83 0.82 0.81 0.8
0.81 0.82 0.83 0.84 0.84 0.84 0.83 0.81 0.79 0.78 0.78 0.76 0.69 0.57 0.42 0.36 0.4 0.53 0.68 0.8 0.89 0.96 1.02 1.07
1.12 1.14 1.13 1.1 1.05 0.98 0.93 0.88 0.99 1.11 1.16 1.15 1.11 1.1 1.14 1.26 1.37 1.44 1.43 1.39 1.33 1.29 1.27 1.27
1.27 1.28 1.29 1.28 1.26 1.23 1.19 1.14 1.23 1.31 1.29 1.19 1.05 0.93 0.88 0.94 1.06 1.22 1.33 1.41 1.44 1.42 1.37 1.3
1.21 1.12 1.02 0.92 0.81 0.71 0.62 0.54 0.56 0.58 0.58 0.56 0.55 0.57 0.63 0.7 0.72 0.72 0.71 0.68 0.66 0.67 0.7 0.75
0.82 0.89 0.95 0.99 1 0.99 0.97 0.97 1.06 1.16 1.21 1.2 1.14 1.05 0.98 1.01 1.09 1.21 1.31 1.31 1.26 1.16 1.1 1.12
1.16 1.19 1.21 1.2 1.17 1.13 1.09 1.07 1.06 1.06 1.05 1.01 0.96 0.9 0.85 0.87 0.94 1.04 1.14 1.23 1.28 1.34 1.39 1.44
1.48 1.51 1.51 1.49 1.44 1.38 1.33 1.33 1.56 1.82 1.96 1.97 1.89 1.75 1.66 1.67 1.76 1.85 1.88 1.85 1.74 1.61 1.42 1.18
0.95 0.76 0.63 0.57 0.56 0.56 0.57 0.59 0.59 0.6 0.6 0.59 0.57 0.54 0.53 0.56 0.62 0.7 0.77 0.83 0.88 0.93 0.98 1.02
1.05 1.07 1.05 1 0.93 0.86 0.79 0.73 0.73 0.75 0.75 0.73 0.66 0.55 0.44 0.36 0.32 0.33 0.36 0.4 0.44 0.47 0.48 0.5
0.51 0.53 0.54 0.55 0.55 0.55 0.55 0.54 0.6 0.67 0.71 0.72 0.69 0.63 0.6 0.64 0.74 0.86 0.99 1.08 1.16 1.25 1.34 1.42
1.48 1.49 1.45 1.35 1.22 1.07 0.93 0.8 0.83 0.87 0.85 0.79 0.75 0.78 0.93 1.22 1.49 1.72 1.86 1.87 1.85 1.83 1.81 1.79
1.78 1.74 1.68 1.59 1.49 1.39 1.31 1.24 1.41 1.59 1.65 1.63 1.58 1.58 1.66 1.81 1.91 1.93 1.91 1.86 1.81 1.78 1.76 1.74
1.71 1.66 1.58 1.45 1.31 1.16 1.03 0.9 1.21 1.56 1.55 1.35 1.12 0.98 1.01 1.22 1.44 1.64 1.81 1.92 1.99 2.08 2.19 2.28
2.34 2.32 2.19 1.95 1.66 1.36 1.1 0.89 0.74 0.64 0.58 0.55 0.56 0.6 0.67 0.75 0.78 0.77 0.75 0.7 0.62 0.54 0.46 0.39
0.33 0.29 0.28 0.29 0.31 0.33 0.35 0.36 0.37 0.38 0.35 0.31 0.27 0.23 0.26 0.37 0.53 0.7 0.83 0.93 0.99 1.05 1.1 1.16
1.22 1.27 1.29 1.29 1.26 1.22 1.17 1.13 1.17 1.26 1.34 1.38 1.35 1.25 1.11 1.06 1.1 1.2 1.32 1.39 1.45 1.48 1.5 1.5
1.49 1.46 1.4 1.33 1.24 1.15 1.07 1 1.16 1.35 1.43 1.42 1.4 1.4 1.51 1.68 1.7 1.7 1.67 1.62 1.56 1.53 1.51 1.5
1.47 1.42 1.33 1.22 1.1 0.98 0.9 0.85 1.02 1.25 1.36 1.38 1.37 1.39 1.51 1.73 1.88 2 2.08 2.11 2.13 2.16 2.15 2.17
2.19 2.19 2.15 2.07 1.97 1.86 1.74 1.63 1.91 2.27 2.4 2.39 2.34 2.32 2.4 2.58 2.6 2.49 2.29 2.07 1.84 1.7 1.62 1.57
1.55 1.53 1.51 1.48 1.43 1.38 1.34 1.31 1.56 1.83 1.84 1.73 1.59 1.5 1.55 1.7 1.77 1.85 1.92 1.98 1.99 1.98 1.96 1.9
1.81 1.7 1.56 1.39 1.2 1 0.8 0.75 0.8 0.78 0.72 0.7 0.72 0.74 0.74 0.71 0.64 0.57 0.5 0.44 0.39 0.37 0.37 0.39
0.41 0.44 0.46 0.47 0.47 0.47 0.48 0.52 0.56 0.57 0.55 0.5 0.44 0.4 0.39 0.42 0.46 0.53 0.59 0.65 0.69 0.73 0.77 0.8
0.84 0.86 0.88 0.88 0.87 0.86 0.86 0.86 0.85 0.85 0.86 0.86 0.83 0.77 0.71 0.68 0.67 0.7 0.76 0.81 0.88 0.98 1.09 1.21
1.31 1.38 1.4 1.34 1.25 1.16 1.09 1.09 1.12 1.13 1.12 1.08 1.04 1.01 0.99 0.97 0.92 0.91 0.94 1.02 1.12 1.25 1.4 1.54
1.65 1.73 1.77 1.76 1.71 1.65 1.6 1.7 1.97 2.16 2.23 2.22 2.16 2.11 2.11 2.17 2.21 2.11 2.02 1.94 1.87 1.84 1.81 1.8
1.78 1.73 1.66 1.56 1.45 1.32 1.21 1.17 1.19 1.18 1.12 1.02 0.92 0.84 0.79 0.8 0.85 0.9 0.94 0.95 0.95 0.93 0.91 0.87
0.84 0.83 0.82 0.83 0.84 0.86 0.88 0.93 0.97 0.98 0.94 0.88 0.81 0.76 0.79 0.92 1.07 1.23 1.36 1.45 1.51 1.5 1.5 1.49
1.46 1.41 1.33 1.22 1.11 1.02 0.96 0.97 1.06 1.14 1.21 1.29 1.35 1.46 1.63 1.83 1.87 1.83 1.76 1.69 1.62 1.64 1.71 1.83
1.97 2.1 2.17 2.16 2.09 2 1.92 1.89 1.87 1.82 1.73 1.64 1.56 1.54 1.64 1.86 2.03 2.15 2.21 2.21 2.18 2.14 2.08 1.99
1.84 1.66 1.44 1.2 1 0.87 0.8 0.81 0.83 0.82 0.75 0.64 0.5 0.37 0.3 0.34 0.46 0.63 0.8 0.94 1.05 1.11 1.14 1.15
1.14 1.11 1.08 1.04 1 0.98 0.98 1 1.02 1.03 1.01 0.99 0.98 0.98 1.05 1.19 1.26 1.32 1.35 1.36 1.34 1.3 1.28 1.27
1.27 1.27 1.27 1.27 1.28 1.3 1.33 1.38 1.42 1.43 1.4 1.37 1.34 1.35 1.46 1.7 1.96 2.1 2.12 2.07 1.99 1.95 1.93 1.89
1.83 1.71 1.53 1.29 1.07 0.92 0.87 1.03 1.35 1.55 1.56 1.41 1.18 0.96 0.78 0.68 0.63 0.68 0.8 0.97 1.2 1.47 1.75 2.01
2.19 2.26 2.16 1.92 1.63 1.35 1.12 1.1 1.23 1.25 1.19 1.09 1 0.92 0.86 0.81 0.71 0.64 0.63 0.71 0.91 1.25 1.56 1.74
1.76 1.77 1.86 1.91 1.81 1.66 1.58 1.62 1.73 1.83 1.89 1.91 1.84 1.73 1.63 1.56 1.53 1.53 1.56 1.6 1.65 1.71 1.77 1.84
1.96 2.03 2.08 2.11 2.11 2.12 2.14 2.25 2.41 2.49 2.52 2.5 2.5 2.58 2.81 3.09 3.06 3.01 2.95 2.88 2.83 2.8 2.79 2.79
2.8 2.81 2.82 2.82 2.75 2.71 2.71 2.78 2.88 2.92 2.81 2.53 2.09 1.52 0.96 0.57 0.41 0.47 0.66 0.9 1.14 1.37 1.58 1.81
2.04 2.29 2.54 2.77 2.96 3.13 3.29 3.41 3.41 3.22 2.87 2.43 1.92 1.43 1.02 0.8 0.74 0.84 1.03 1.24 1.4 1.48 1.51 1.51
1.51 1.51 1.53 1.57 1.59 1.62 1.71 1.93 2.24 2.38 2.35 2.21 2 1.78 1.65 1.6 1.5 1.54 1.65 1.8 1.94 2.08 2.19 2.29
2.39 2.42 2.41 2.34 2.25 2.18 2.14 2.25 2.47 2.62 2.65 2.54 2.29 1.98 1.72 1.62 1.72 1.92 2.14 2.32 2.44 2.51 2.53 2.54
2.53 2.5 2.46 2.41 2.36 2.31 2.29 2.43 2.7 2.85 2.79 2.5 2.03 1.48 1.02 0.8 0.85 1.11 1.45 1.8 2.08 2.29 2.43 2.52
2.56 2.57 2.54 2.49 2.43 2.36 2.3 2.33 2.44 2.49 2.42 2.24 1.96 1.67 1.52 1.65 1.95 2.36 2.73 2.98 3.12 3.19 3.21 3.22
3.22 3.2 3.18 3.14 3.1 3.05 2.99 3 3.09 3.21 3.35 3.47 3.55 3.57 3.51 3.37 3.19 3.03 2.9 2.81 2.81 2.9 3.04 3.16
3.22 3.2 3.09 2.87 2.58 2.26 1.92 1.61 1.31 1.02 0.74 0.52 0.36 0.27 0.29 0.44 0.71 1.02 1.21 1.22 1.14 1.05 0.96 0.86
0.74 0.6 0.49 0.42 0.39 0.39 0.41 0.52 0.7 0.83 0.89 0.88 0.83 0.79 0.8 0.86 0.89 0.96 1.08 1.26 1.53 1.93 2.29 2.54
2.67 2.68 2.61 2.37 1.94 1.49 1.1 0.79 0.57 0.45 0.45 0.52 0.63 0.74 0.8 0.8 0.75 0.66 0.57 0.5 0.46 0.49 0.55 0.64
0.73 0.79 0.83 0.83 0.8 0.77 0.75 0.8 0.92 0.98 0.97 0.9 0.81 0.72 0.67 0.67 0.72 0.81 0.93 1.09 1.27 1.48 1.7 1.91
2.08 2.19 2.24 2.21 2.14 2.06 2 1.97 1.98 2.02 2.08 2.15 2.23 2.31 2.42 2.55 2.66 2.75 2.83 2.89 2.95 3.01 3.07 3.12
3.18 3.24 3.3 3.35 3.4 3.44 3.48 3.52 3.56 3.59 3.61 3.61 3.61 3.64 3.76 3.93 3.98 4.01 4.05 4.12 4.26 4.48 4.57 4.54
4.43 4.29 4.17 4.11 4.09 4.1 4.13 4.18 4.22 4.26 4.3 4.36 4.44 4.57 4.76 4.98 5.17 5.32 5.43 5.51 5.54 5.44 5.05 4.32
3.48 2.79 2.33 1.99 1.66 1.38 1.16 1.01 0.92 0.83 0.79 0.8 0.85 0.9 0.9 0.86 0.77 0.67 0.58 0.53 0.51 0.53 0.59 0.66
0.74 0.81 0.87 0.91 0.93 0.94 0.93 0.92 0.93 0.94 0.96 0.93 0.87 0.8 0.74 0.73 0.76 0.84 0.96 1.09 1.24 1.39 1.54 1.66
1.75 1.76 1.7 1.57 1.39 1.22 1.08 1.08 1.2 1.21 1.12 0.98 0.84 0.75 0.74 0.8 0.87 0.99 1.17 1.41 1.7 2.04 2.39 2.69
2.91 2.96 2.84 2.54 2.15 1.76 1.43 1.34 1.41 1.4 1.34 1.29 1.28 1.32 1.43 1.55 1.52 1.47 1.42 1.41 1.44 1.55 1.7 1.89
2.09 2.23 2.31 2.3 2.24 2.19 2.19 2.31 2.53 2.82 3.12 3.33 3.38 3.26 3.06 2.98 3.09 3.29 3.49 3.64 3.71 3.71 3.66 3.58
3.44 3.31 3.16 2.99 2.83 2.68 2.57 2.58 2.66 2.64 2.5 2.3 2.07 1.88 1.77 1.76 1.75 1.77 1.82 1.89 1.98 2.1 2.24 2.38
2.51 2.61 2.65 2.62 2.55 2.48 2.43 2.48 2.59 2.68 2.71 2.69 2.63 2.56 2.5 2.45 2.36 2.28 2.26 2.31 2.48 2.77 2.94 2.98
2.92 2.87 2.87 2.84 2.69 2.49 2.31 2.19 2.1 2.03 1.97 1.93 1.9 1.91 1.95 2.03 2.14 2.25 2.36 2.46 2.52 2.56 2.56 2.55
2.51 2.47 2.42 2.36 2.31 2.28 2.29 2.45 2.69 2.82 2.81 2.73 2.64 2.63 2.83 3.24 3.55 3.83 3.98 3.95 3.73 3.33 2.8 2.23
1.67 1.18 0.83 0.63 0.55 0.54 0.58 0.75 1.04 1.22 1.23 1.13 0.99 0.87 0.83 0.86 0.84 0.87 0.93 1.02 1.13 1.26 1.41 1.56
1.73 1.84 1.9 1.9 1.86 1.82 1.81 1.93 2.18 2.39 2.51 2.53 2.46 2.35 2.28 2.32 2.49 2.68 2.81 2.83 2.75 2.59 2.38 2.15
1.89 1.66 1.46 1.29 1.18 1.11 1.09 1.19 1.38 1.49 1.49 1.43 1.36 1.31 1.33 1.44 1.57 1.62 1.64 1.66 1.69 1.76 1.87 2
2.13 2.25 2.34 2.4 2.42 2.41 2.41 2.38 2.31 2.17 1.98 1.76 1.52 1.31 1.18 1.12 1.13 1.25 1.46 1.75 2.09 2.46 2.85 3.21
3.53 3.77 3.91 3.95 3.92 3.84 3.75 3.8 3.97 4.06 4.04 3.93 3.77 3.63 3.57 3.66 3.78 3.86 3.93 4 4.07 4.16 4.26 4.36
4.44 4.5 4.5 4.43 4.34 4.26 4.25 4.44 4.75 4.97 5.04 4.96 4.73 4.42 4.12 3.82 3.34 2.89 2.51 2.21 2 1.87 1.81 1.77
1.73 1.67 1.57 1.42 1.27 1.14 1.07 1.17 1.4 1.54 1.52 1.37 1.16 0.95 0.79 0.72 0.75 0.87 1.07 1.35 1.73 2.24 2.78 3.22
3.56 3.85 4.21 4.58 4.81 4.94 5.02 5.09 5.19 5.14 5.12 5.22 5.39 5.59 5.77 5.87 5.9 5.9 5.88 5.88 5.91 6 6.12 6.23
6.26 6.25 6.11 5.84 5.5 5.15 4.82 4.5 4.21 3.99 3.83 3.74 3.7 3.76 3.92 4.15 4.36 4.56 4.73 4.87 4.97 5.03 5.05 5.02
4.9 4.72 4.44 4.09 3.74 3.46 3.28 3.15 3.04 2.92 2.78 2.64 2.52 2.44 2.45 2.56 2.71 2.9 3.1 3.3 3.51 3.73 3.97 4.19
4.39 4.5 4.51 4.42 4.32 4.29 4.39 4.59 4.84 5.07 5.25 5.35 5.38 5.39 5.47 5.65 5.81 6.02 6.22 6.38 6.49 6.58 6.63 6.65
6.63 6.49 6.23 5.87 5.57 5.51 5.69 5.97 6.26 6.45 6.52 6.46 6.3 6.13 6.08 6.13 5.98 5.96 6.02 6.12 6.24 6.37 6.51 6.6
6.59 6.45 6.14 5.69 5.27 5.06 5.24 5.72 6.23 6.47 6.38 6.02 5.5 4.98 4.66 4.62 4.69 4.94 5.27 5.59 5.85 6.04 6.16 6.23
6.23 6.15 5.99 5.76 5.56 5.52 5.68 5.96 6.2 6.27 6.2 6.08 5.98 5.99 6.22 6.44 6.06 5.56 5.07 4.65 4.37 4.26 4.25 4.27
4.25 4.17 3.96 3.58 3.07 2.51 2.01 1.58 1.21 0.93 0.77 0.72 0.75 0.82 0.9 0.94 0.93 0.88 0.83 0.8 0.84 0.94 1.1 1.27
1.42 1.52 1.52 1.42 1.3 1.24 1.29 1.41 1.52 1.5 1.39 1.24 1.1 1.04 1.12 1.36 1.61 1.9 2.22 2.53 2.83 3.14 3.42 3.64
3.8 3.83 3.72 3.46 3.13 2.81 2.7 2.83 2.93 2.85 2.59 2.26 1.96 1.74 1.66 1.75 1.95 2.14 2.3 2.41 2.47 2.5 2.5 2.48
2.42 2.33 2.2 2.04 1.92 1.88 2.02 2.27 2.46 2.41 2.16 1.84 1.54 1.37 1.41 1.69 1.97 2.31 2.64 2.94 3.2 3.48 3.76 4.01
4.2 4.22 4.04 3.67 3.33 3.21 3.48 4.06 4.68 5 4.89 4.41 3.69 2.95 2.44 2.34 2.59 3.05 3.58 4.1 4.59 5.07 5.52 5.87
6.05 5.97 5.57 4.89 4.24 3.88 3.98 4.42 4.94 5.25 5.29 5.12 4.86 4.64 4.62 4.87 5.18 5.37 5.44 5.41 5.37 5.4 5.47 5.53
5.47 5.34 5.02 4.51 3.95 3.45 3.23 3.26 3.31 3.25 3.15 3.07 3.08 3.19 3.47 3.82 4 4.12 4.22 4.33 4.48 4.69 4.92 5.15
5.34 5.44 5.43 5.31 5.16 5.08 5.24 5.66 6.07 6.22 6.06 5.66 5.14 4.66 4.43 4.6 5.03 5.46 5.71 5.72 5.46 4.98 4.39 3.78
3.2 2.71 2.35 2.13 2.04 2.08 2.23 2.43 2.62 2.71 2.7 2.65 2.6 2.59 2.68 2.81 2.77 2.75 2.78 2.86 3.02 3.26 3.56 3.86
4.11 4.24 4.22 4.03 3.83 3.76 3.97 4.37 4.78 5.01 4.97 4.68 4.2 3.67 3.27 3.14 3.22 3.44 3.71 3.97 4.2 4.42 4.62 4.78
4.88 4.86 4.69 4.39 4.1 3.97 4.17 4.64 5.17 5.52 5.67 5.66 5.58 5.53 5.63 5.8 5.63 5.43 5.3 5.31 5.57 6.09 6.43 6.55
6.57 6.61 6.84 6.99 6.83 6.64 6.64 6.79 6.99 7.18 7.32 7.44 7.54 7.64 7.76 7.93 8.12 8.33 8.53 8.71 8.85 8.94 8.95 8.88
8.67 8.34 7.86 7.24 6.56 5.91 5.37 4.92 4.5 4.09 3.65 3.23 2.86 2.63 2.62 2.89 3.39 3.96 4.52 5.02 5.46 5.87 6.21 6.43
6.46 6.3 5.89 5.25 4.58 4.01 3.77 3.77 3.72 3.47 3.09 2.72 2.46 2.38 2.56 2.97 3.35 3.71 4.01 4.23 4.37 4.47 4.55 4.59
4.6 4.58 4.53 4.45 4.36 4.3 4.42 4.74 5.16 5.51 5.74 5.81 5.71 5.46 5.13 4.76 4.38 4.08 3.93 3.91 4.04 4.3 4.59 4.86
5.04 5.16 5.17 5.07 4.88 4.65 4.66 5.01 5.39 5.53 5.41 5.09 4.69 4.27 3.92 3.69 3.57 3.54 3.57 3.71 3.96 4.33 4.74 5.09
5.37 5.43 5.28 4.93 4.54 4.27 4.36 4.81 5.31 5.54 5.41 4.99 4.4 3.82 3.44 3.41 3.65 4.06 4.54 5.02 5.46 5.88 6.25 6.54
6.74 6.73 6.51 6.1 5.71 5.54 5.77 6.31 6.95 7.4 7.55 7.37 6.89 6.23 5.56 5.01 4.54 4.28 4.18 4.22 4.38 4.65 5 5.37
5.7 5.86 5.74 5.35 4.99 5.01 5.52 6.27 6.95 7.25 7.24 7.14 7.15 7.54 8.63 9.97 9.85 9.58 9.27 9.03 8.96 9.16 9.53 9.91
10.17 10.02 9.35 8.22 7.21 6.82 7.29 8.32 9.4 9.95 9.96 9.66 9.33 9.23 9.67 10.37 10.27 10.22 10.22 10.26 10.34 10.47 10.62 10.73
10.8 10.65 10.3 9.76 9.25 8.99 9.28 10.07 10.9 11.29 11.05 10.19 8.78 7 5.1 3.34 1.97 1.12 0.92 1.36 2.48 4.35 6.15 7.21
7.52 7.59 7.94 8.12 7.75 7.41 7.48 7.8 8.09 8.1 7.79 7.18 6.36 5.4 4.41 3.49 2.72 2.18 1.92 1.95 2.28 2.85 3.5 4.08
4.46 4.64 4.56 4.28 3.91 3.61 3.52 3.65 3.81 3.89 3.87 3.82 3.76 3.74 3.81 3.95 4.16 4.43 4.76 5.15 5.63 6.13 6.29 6.11
5.7 5.38 5.24 4.94 4.37 3.89 3.68 3.65 3.72 3.84 3.98 4.14 4.28 4.37 4.37 4.25 4.08 3.93 3.87 3.95 4.22 4.68 5.25 5.82
6.35 6.69 6.8 6.66 6.31 5.81 5.37 5.05 4.84 4.74 4.76 4.91 5.17 5.53 5.99 6.51 6.85 6.87 6.7 6.47 6.31 6.3 6.4 6.55
6.71 6.76 6.66 6.39 6.11 5.98 6.1 6.38 6.72 7.01 7.17 7.15 6.91 6.5 6.01 5.61 5.37 5.3 5.37 5.55 5.82 6.13 6.39 6.55
6.57 6.4 6.06 5.61 5.17 4.88 5.08 5.8 6.56 6.8 6.44 5.68 4.8 4.11 3.9 4.34 4.99 5.62 6.04 6.2 6.2 6.15 6.1 6.03
5.89 5.68 5.38 5 4.63 4.4 4.4 4.55 4.67 4.56 4.28 3.96 3.72 3.68 4.02 4.74 5.26 5.71 6.01 6.15 6.21 6.25 6.3 6.35
6.4 6.35 6.17 5.89 5.64 5.63 6.16 7.21 8.4 9.17 9.29 8.74 7.66 6.33 5.17 4.52 4.29 4.33 4.52 4.83 5.3 5.93 6.27 6.25
6.02 5.72 5.48 5.39 5.42 5.55 5.73 5.94 6.12 6.2 6.14 5.95 5.67 5.37 5.2 4.66 3.82 3.39 3.73 4.74 6.07 7.09 7.56 7.51
7.09 6.49 5.88 5.35 4.93 4.59 4.65 5.21 5.99 6.73 7.31 7.73 7.95 7.96 7.51 6.89 6.33 5.87 5.54 5.38 5.41 5.64 6 6.38
6.65 6.71 6.42 5.81 5.16 4.75 4.82 5.32 6.01 6.63 7.14 7.52 7.79 7.95 7.88 7.64 7.32 6.99 6.71 6.53 6.48 6.56 6.69 6.78
6.75 6.58 6.22 5.69 5.15 4.76 4.86 5.46 6.09 6.31 6.15 5.87 5.66 5.73 6.3 7.18 7.37 7.39 7.27 7.1 6.97 6.93 6.97 7.02
7.05 6.92 6.62 6.15 5.7 5.48 5.73 6.43 7.36 8.25 9 9.63 10.14 10.61 11.14 11.78 12.38 12.69 12.7 12.54 12.36 12.31 12.3 12.23
12.04 11.52 10.62 9.45 8.49 8.22 8.78 9.76 10.74 11.23 11.32 11.28 11.4 12.01 13.53 15.26 14.86 14.15 13.47 13.09 13.29 14.05 14.17 13.64
12.81 12.17 11.98 12.09 12.13 12.07 11.91 11.63 11.22 10.68 10.06 9.43 8.84 8.32 7.93 7.51 7.04 6.74 6.76 7.21 7.89 8.47 8.87 9.08
9.08 8.95 8.71 8.42 8.1 7.77 7.57 7.56 7.62 7.63 7.62 7.63 7.72 7.94 8.36 9 9.56 9.79 9.81 9.72 9.61 9.57 9.59 9.63
9.64 9.63 9.56 9.42 9.29 9.23 9.42 9.85 10.32 10.63 10.8 10.91 11.04 11.29 11.75 12.43 12.86 12.7 12.2 11.59 11.08 10.8 10.71 10.74
10.84 10.92 10.92 10.82 10.66 10.51 10.55 10.78 10.97 10.93 10.73 10.49 10.34 10.39 10.77 11.48 11.82 11.37 10.57 9.76 9.21 9.04 9.15 9.38
9.6 9.63 9.36 8.73 8.02 7.5 7.56 8.19 9.01 9.63 9.98 10.14 10.19 10.21 10.25 10.34 10.42 10.45 10.41 10.3 10.15 9.98 9.81 9.64
9.44 9.28 9.13 8.99 8.9 8.92 9.03 9.1 9.01 8.67 8.14 7.55 7 6.6 6.46 6.66 6.86 6.89 6.9 6.93 7.03 7.22 7.44 7.6
7.62 7.37 6.82 5.98 5.1 4.37 4.14 4.32 4.47 4.3 3.97 3.69 3.6 3.82 4.52 5.54 5.92 6.14 6.24 6.31 6.44 6.72 7.09 7.45
7.69 7.67 7.29 6.58 5.87 5.47 5.92 7.25 8.74 9.39 9.12 8.34 7.48 6.93 6.98 7.58 7.85 8.06 8.18 8.23 8.28 8.41 8.59 8.75
8.81 8.67 8.24 7.57 6.96 6.72 7.12 8.01 9.04 9.75 10.11 10.24 10.3 10.51 11.12 11.8 11.54 11.22 10.91 10.64 10.47 10.44 10.51 10.63
10.74 10.77 10.67 10.41 10.09 9.83 9.75 9.95 10.57 11.67 12.81 13.3 12.65 11.37 10.12 9.25 8.84 8.96 9.66 10.54 10.95 10.52 10.16 10.03
10.03 10.13 10.24 10.3 10.32 10.33 10.33 10.34 10.37 10.42 10.5 10.62 10.79 11.07 11.49 12.01 12.23 12.21 12.04 11.84 11.76 11.9 12.13 12.3
12.21 11.68 10.6 9.15 8.16 7.93 8.07 8.31 8.41 8.21 7.83 7.43 7.18 7.19 7.62 8.23 8.23 8.15 8.03 7.94 7.95 8.09 8.3 8.47
8.48 8.2 7.56 6.68 6.23 6.36 6.75 7.27 7.8 8.19 8.42 8.52 8.54 8.53 8.57 8.62 8.53 8.41 8.33 8.33 8.44 8.68 8.96 9.17
9.27 9.14 8.76 8.15 7.51 7.22 7.31 7.53 7.68 7.61 7.38 7.08 6.84 6.77 6.95 7.36 7.85 8.37 8.9 9.5 10.28 11.21 11.56 11.28
10.6 9.87 9.28 8.96 8.87 8.92 9.04 9.15 9.17 9.06 8.84 8.57 8.31 8.1 8 7.28 6.03 5.2 5.17 5.73 6.56 7.27 7.72 7.85
7.6 7.06 6.26 5.38 4.95 5.08 5.48 6.02 6.55 6.85 6.89 6.68 6.32 5.92 5.66 5.63 5.79 6.09 6.48 6.95 7.5 8.16 8.84 9.4
9.71 9.53 8.79 7.68 7.1 7.25 7.72 8.37 9.02 9.5 9.78 9.91 9.97 10.09 10.44 10.96 11.26 11.5 11.67 11.74 11.76 11.77 11.78 11.77
11.73 11.6 11.39 11.1 10.91 11.03 11.39 11.8 12.08 12.07 11.89 11.77 11.9 12.53 14.01 15.8 15.91 15.55 15 14.53 14.43 14.77 14.84 14.56
14.09 13.55 13.08 12.77 12.59 12.51 12.49 12.5 12.49 12.08 11.34 10.89 11.14 11.91 12.91 13.82 14.49 14.85 14.82 14.36 13.47 12.23 10.84 9.53
8.41 7.56 7.04 6.86 6.9 7.13 7.53 7.95 8.2 8.12 7.82 7.49 7.3 7.42 8.12 9.03 8.93 8.83 8.74 8.69 8.72 8.88 9.07 9.14
8.92 8.37 7.37 6.13 5.33 5.17 5.34 5.66 5.98 6.19 6.33 6.51 6.82 7.34 8.25 9.3 9.61 9.63 9.49 9.34 9.32 9.47 9.46 9.29
9.04 8.85 8.77 8.84 9.01 9.21 9.41 9.57 9.68 9.72 9.69 9.61 9.49 9.36 9.27 9.24 9.28 9.38 9.5 9.61 9.7 9.71 9.63 9.45
9.2 8.82 8.35 7.87 7.58 7.73 8.24 8.91 9.46 9.64 9.48 9.1 8.68 8.39 8.42 8.78 9.17 9.57 9.91 10.18 10.38 10.52 10.6 10.61
10.52 10.28 9.86 9.33 8.99 8.99 9.2 9.48 9.68 9.68 9.57 9.49 9.58 9.99 10.93 12.05 12.18 12.06 11.79 11.47 11.21 11.11 11.11 11.13
11.06 10.87 10.47 9.88 9.45 9.47 9.81 10.24 10.49 10.37 10.01 9.63 9.43 9.62 10.43 11.5 11.58 11.53 11.39 11.19 10.98 10.81 10.67 10.56
10.48 10.4 10.32 10.25 10.14 10.11 10.27 10.5 10.71 10.79 10.73 10.59 10.4 10.23 10.18 10.11 9.6 8.97 8.43 8.14 8.26 8.89 9.85 10.81
11.35 11.01 9.51 7.29 5.78 5.22 4.98 4.74 4.39 4.03 3.85 3.91 4.17 4.58 5.06 5.56 5.9 6.06 6.15 6.25 6.46 6.85 7.32 7.71
7.87 7.53 6.66 5.45 4.67 4.54 4.73 5.02 5.21 5.16 4.94 4.7 4.61 4.8 5.14 5.72 6.44 7.17 7.8 8.29 8.64 8.82 8.79 8.47
7.86 6.94 5.82 4.74 4.27 4.44 4.9 5.48 5.98 6.16 6.05 5.78 5.5 5.35 5.49 5.84 5.99 6.2 6.48 6.83 7.3 7.89 8.5 9.01
9.3 9.34 9.02 8.39 7.75 7.44 7.42 7.46 7.38 7.09 6.69 6.3 6.04 6.03 6.39 7.06 7.54 7.94 8.23 8.41 8.54 8.67 8.74 8.68
8.34 7.75 6.83 5.8 5.47 5.96 6.76 7.72 8.6 9.08 9.1 8.74 8.19 7.7 7.64 8.19 8.92 9.64 10.2 10.58 10.9 11.29 11.72 12.04
12.06 11.68 10.72 9.4 8.71 8.88 9.39 10.08 10.75 11.18 11.28 11.05 10.55 9.88 9.22 8.67 8.15 7.86 7.84 8.06 8.53 9.23 10 10.68
11.12 11.25 10.97 10.34 9.93 10 10.28 10.63 10.84 10.74 10.34 9.72 9.04 8.51 8.39 8.8 9.29 9.72 10 10.17 10.34 10.66 11.06 11.39
11.48 11.1 10.14 8.8 8.14 8.39 9 9.74 10.34 10.52 10.34 9.96 9.6 9.49 9.94 10.75 10.87 10.96 11 11.03 11.12 11.37 11.7 12
12.12 11.87 11.12 10.04 9.56 9.93 10.63 11.48 12.2 12.44 12.01 10.89 9.26 7.53 6.28 6.01 6.63 7.77 9.09 10.27 11.12 11.52 11.53 11.23
10.71 9.96 9.07 8.19 7.77 7.91 8.32 8.87 9.42 9.82 10.07 10.19 10.23 10.24 10.25 10.29 10.18 9.88 9.57 9.39 9.45 9.81 10.34 10.91
11.37 11.54 11.32 10.78 10.62 11.05 11.62 12.18 12.54 12.53 12.21 11.75 11.29 11.05 11.24 11.74 11.83 11.9 11.97 12.05 12.2 12.49 12.85 13.19
13.4 13.36 12.98 12.3 11.91 11.92 11.99 12.15 12.37 12.65 12.92 13.13 13.26 13.36 13.51 13.75 13.7 13.27 12.67 12.09 11.76 11.83 12.19 12.67
13.09 13.25 12.95 12.19 11.53 11.43 11.73 12.22 12.69 12.94 12.97 12.81 12.48 12.05 11.55 10.98 10.11 9.12 8.44 8.25 8.61 9.48 10.57 11.58
12.33 12.71 12.64 12.19 11.76 11.75 12.09 12.48 12.65 12.37 11.74 10.96 10.26 9.89 10.14 10.9 11.33 11.91 12.51 13.06 13.59 14.13 14.61 14.91
14.87 14.4 13.39 12.06 11.5 11.96 12.75 13.65 14.33 14.46 13.96 12.94 11.61 10.27 9.37 9.15 9.32 9.96 10.86 11.84 12.85 13.91 14.93 15.82
16.5 16.79 16.62 16.05 15.67 15.74 15.92 16.03 15.86 15.29 14.49 13.71 13.18 13.14 13.91 14.96 14.75 14.62 14.6 14.67 14.88 15.24 15.68 16.11
16.49 16.64 16.52 16.15 15.84 15.66 15.56 15.66 16.07 16.82 17.61 18.1 18.07 17.46 15.4 14.03 13.7 13.93 14.44 15.04 15.59 15.99 16.25 16.38
16.29 16.11 15.76 15.29 14.97 15.06 15.41 15.79 15.93 15.6 14.91 14.07 13.29 12.79 12.81 13.31 13.73 14.17 14.57 14.9 15.19 15.49 15.74 15.88
15.77 15.4 14.65 13.68 13.4 13.78 14.08 14.3 14.42 14.37 14.09 13.53 12.71 11.75 10.93 10.52 10.59 10.98 11.49 12 12.44 12.77 12.94 12.9
12.62 12.02 11.11 10.04 9.42 9.47 9.89 10.48 11 11.21 11.1 10.75 10.28 9.83 9.57 9.66 10.01 10.46 10.91 11.31 11.68 12 12.25 12.37
12.4 12.22 11.91 11.49 11.17 11.13 11.27 11.42 11.39 11.03 10.42 9.71 9.07 8.68 8.76 9.24 9.54 9.97 10.44 10.87 11.25 11.59 11.89 12.09
12.19 12.06 11.68 11.14 11.12 11.78 12.65 13.54 14.21 14.42 14.24 13.81 13.34 13.06 13.26 13.76 13.57 13.32 13.15 13.23 13.75 14.76 15.48 15.75
15.64 15.38 15.1 14.91 14.84 14.85 14.96 15.14 15.4 15.73 16.1 16.47 16.82 17.14 17.43 17.11 16.11 15.18 14.94 15.72 16.83 17.35 17.24 16.72
15.97 15.33 14.94 14.92 15.06 15.16 15.23 15.26 15.23 15.15 15.08 15.06 15.19 15.56 16.28 17.35 18.06 17.98 17.58 17.12 16.86 17 17.38 17.73
17.81 17.32 16.06 14.27 13.31 13.56 14.32 15.25 15.95 16.09 15.82 15.42 15.19 15.45 16.55 17.99 18.11 18.17 18.18 18.19 18.25 18.42 18.64 18.81
18.79 18.6 18.09 17.33 16.84 16.9 17.3 17.84 18.32 18.58 18.58 18.37 18.04 17.69 17.47 17.49 17.78 18.04 18.07 17.96 17.84 17.8 17.77 17.64
17.3 16.76 15.92 14.92 14.45 14.67 15.12 15.63 16.04 16.2 16.23 16.29 16.56 17.21 18.5 20.44 21.68 21.42 20.48 19.34 18.42 17.99 17.96 18.12
18.37 18.42 18.13 17.52 17.24 17.43 17.66 17.91 18.13 18.3 18.39 18.44 18.48 18.6 18.89 19.32 19.44 19.27 18.95 18.66 18.58 18.86 19.36 19.86
20.29 20.02 19 17.42 16.65 16.9 17.32 17.83 18.35 18.77 19.09 19.36 19.68 20.22 21.23 22.58 23.33 23.45 22.79 21.38 19.33 16.94 14.99 13.67
12.63 11.87 11.45 11.53 12.03 12.78 13.55 14.15 14.37 14.08 13.36 12.4 11.43 10.76 10.78 11.74 13.18 14.8 16.31 17.57 18.56 19.36 19.94 20.22
19.99 19.29 17.96 16.18 14.83 14.08 13.52 13.15 12.97 13.01 13.2 13.47 13.77 14.03 13.88 13.93 14.31 14.86 15.45 15.97 16.31 16.42 16.34 16.16
15.92 15.72 15.59 15.56 15.58 15.7 15.95 16.23 16.42 16.44 16.39 16.38 16.57 17.08 18.11 19.63 20.43 20.08 19.4 18.64 18.02 17.68 17.56 17.54
17.53 17.42 17.14 16.68 16.36 16.47 16.88 17.36 17.63 17.49 17.05 16.53 16.13 16.09 16.65 17.59 17.9 18.05 18.06 17.98 17.9 17.91 18 18.12
18.19 18.21 18.1 17.84 17.63 17.56 17.58 17.77 18.16 18.79 19.55 20.27 20.8 20.94 19.95 18.86 18.12 17.62 17.29 17.06 16.88 16.68 16.43 16.1
15.62 15.06 14.39 13.72 13.72 14.35 14.94 15.41 15.71 15.76 15.63 15.39 15.12 14.91 14.91 14.99 14.86 14.88 15.03 15.28 15.6 15.97 16.36 16.73
17.17 17.41 17.52 17.49 17.36 17.17 16.97 16.8 16.71 16.73 16.87 17.12 17.51 18.06 18.79 19.65 20.16 20.21 20.16 20.05 19.94 19.85 19.8 19.74
19.72 19.63 19.48 19.29 19.27 19.39 19.5 19.59 19.68 19.72 19.72 19.72 19.8 20.09 20.81 21.73 22.09 22.46 22.68 22.65 22.31 21.66 20.78 19.74
18.61 17.47 16.35 15.34 14.6 14.35 14.49 14.8 15.03 15.04 14.92 14.85 14.99 15.55 16.74 18.21 18.68 18.88 18.9 18.88 18.95 19.25 19.67 20.09
20.35 20.35 19.92 19.14 18.71 18.96 19.5 20.12 20.58 20.69 20.49 20.09 19.64 19.28 19.15 19.33 19.58 19.67 19.63 19.51 19.36 19.25 19.15 19.04
18.94 18.74 18.47 18.14 17.91 17.98 18.29 18.55 18.58 18.29 17.81 17.33 17.02 17.07 17.67 18.95 20.47 21.45 21.04 19.6 18.03 16.92 16.23 15.8
15.53 15.25 14.87 14.34 13.81 13.45 13.54 14.12 15.02 16.02 16.94 17.62 17.95 17.85 16.47 15.3 14.79 14.65 14.73 14.94 15.19 15.32 15.57 15.61
15.84 15.69 15.41 14.74 14.02 13.44 13.59 14.51 15.49 15.79 15.27 14.03 12.37 10.67 9.42 8.97 9.12 9.73 10.55 11.41 12.23 12.99 13.64 14.09
14.24 13.99 13.28 12.15 11.01 10.24 10.38 11.32 12.34 12.74 12.53 11.98 11.42 11.15 11.44 12.36 13.33 14.22 14.96 15.51 15.93 16.29 16.61 16.83
16.85 16.71 16.29 15.62 15.01 14.82 15.42 16.61 17.75 18.23 18.03 17.42 16.69 16.18 16.3 16.96 17.29 17.63 17.85 17.9 17.77 17.51 17.19 16.83
16.41 16.1 15.85 15.66 15.52 15.42 15.59 16.05 16.5 16.64 16.54 16.32 16.17 16.28 16.86 17.73 18.16 18.6 18.96 19.18 19.22 19.08 18.82 18.47
18.04 17.64 17.25 16.91 16.64 16.49 16.49 16.68 17.11 17.77 18.49 19.03 19.14 18.63 17.57 16.69 16.14 15.92 16.02 16.49 17.27 17.79 17.94 17.79
17.45 16.93 16.34 15.76 15.25 14.87 14.98 15.59 16.29 16.67 16.74 16.63 16.52 16.6 17.09 17.84 18.16 18.34 18.43 18.46 18.53 18.72 18.99 19.27
19.43 19.47 19.26 18.78 18.23 17.9 17.86 18 18.22 18.45 18.66 18.84 18.99 19.13 19.28 19.43 19.43 19.3 19.08 18.82 18.59 18.43 18.34 18.27
18.21 18.11 17.96 17.74 17.54 17.48 17.55 17.67 17.83 18.04 18.3 18.64 19.06 19.59 20.25 21 21.48 21.57 21.49 21.31 21.09 20.89 20.71 20.53
20.4 20.22 20.02 19.81 19.64 19.55 19.57 19.71 20.07 20.71 21.53 22.36 23.09 23.56 23.66 23.48 23.21 22.9 22.64 22.51 22.61 22.77 22.11 20.77
19.26 17.96 17.2 16.7 16.12 15.6 15.24 15.16 15.47 15.99 16.5 17.02 17.58 18.13 18.59 18.91 19.07 19.1 19.03 18.87 18.67 18.44 18.2 17.95
17.68 17.43 17.19 16.97 16.73 16.41 16.49 17.16 17.95 18.46 18.65 18.69 18.71 18.89 19.43 20.17 20.52 20.8 20.99 21.09 21.13 21.12 21.09 21.02
20.89 20.69 20.41 20.04 19.74 19.63 19.98 20.64 21.19 21.26 20.89 20.29 19.69 19.34 19.54 20.2 20.52 20.65 20.58 20.35 20.03 19.71 19.42 19.14
18.88 18.57 18.22 17.82 17.5 17.4 17.56 17.85 18.12 18.25 18.24 18.14 18.02 17.99 18.17 18.44 18.26 18 17.85 17.99 18.66 19.71 20.56 21.64
22.76 23.89 24.8 25.32 25.46 25.32 24.96 24.48 23.94 23.42 22.98 22.72 22.72 23.1 24.03 25.04 24.99 24.72 24.33 23.87 23.47 23.17 22.94 22.71
22.45 22 21.35 20.52 19.81 19.61 19.94 20.43 20.87 21.1 21.18 21.28 21.58 22.3 23.71 25.29 25.57 25.67 25.72 25.92 26.48 27.53 28.79 29.77
29.95 28.81 26.03 22.05 18.64 17.12 17.05 17.24 17.5 17.68 17.76 17.82 17.95 18.29 19.01 20.21 21.44 22.24 22.56 22.48 22.11 21.59 21.03 20.46
20.05 19.58 19.21 18.94 18.8 18.8 18.99 19.33 19.68 19.93 20.07 20.16 20.3 20.6 21.23 22.24 23.1 23.35 23.08 22.49 21.76 21.05 20.4 19.78
19.12 18.49 17.83 17.14 16.61 16.44 16.63 16.93 17.18 17.24 17.16 17.05 17.07 17.41 18.31 19.55 20.13 20.46 20.39 19.87 18.85 17.34 15.45 13.31
11.07 9.02 7.34 6.2 5.61 5.53 5.9 6.53 7.13 7.39 7.34 7.11 6.86 6.75 6.95 7.43 7.77 8.14 8.5 8.84 9.16 9.47 9.74 9.93
9.94 9.8 9.41 8.82 8.25 7.94 8.18 8.88 9.6 9.92 9.88 9.7 9.58 9.74 10.41 11.34 11.59 11.77 11.94 12.14 12.45 12.88 13.33 13.67
13.79 13.64 13.1 12.18 11.11 10.12 9.85 10.48 11.72 13.29 15.01 16.6 16.77 15.33 13.69 12.77 12.52 12.73 13.21 13.81 14.34 14.64 14.68 14.49
14.07 13.48 12.74 11.93 11.25 10.91 11.16 11.85 12.56 12.88 12.79 12.41 11.9 11.46 11.26 11.34 11.42 11.57 11.77 11.98 12.22 12.46 12.65 12.76
12.73 12.57 12.24 11.75 11.12 10.4 10.07 10.28 10.59 10.68 10.59 10.41 10.26 10.23 10.43 10.89 11.45 11.81 11.94 11.92 11.84 11.8 11.8 11.82
11.84 11.91 12.01 12.13 12.27 12.4 12.72 13.36 14.13 14.77 15.03 14.74 13.86 12.58 11.18 10.46 10.37 10.63 11.05 11.48 11.89 12.27 12.59 12.81
12.87 12.69 12.21 11.46 10.67 10.11 10.13 10.63 11.17 11.39 11.33 11.19 11.18 11.51 12.47 13.7 14.01 14.25 14.41 14.51 14.58 14.66 14.74 14.78
14.83 14.68 14.37 13.92 13.51 13.34 13.68 14.44 15.21 15.63 15.68 15.48 15.2 15.01 15.14 15.34 14.87 14.44 14.11 13.91 13.86 14.01 14.26 14.52
14.71 14.69 14.4 13.83 13.27 13.06 13.42 14.15 14.86 15.25 15.34 15.33 15.4 15.78 16.72 17.78 17.63 17.24 16.73 16.22 15.83 15.66 15.66 15.77
15.92 16.05 16.09 15.99 15.86 15.84 15.98 16.2 16.39 16.43 16.31 16.1 15.86 15.75 15.99 16.47 16.58 16.59 16.47 16.27 16.05 15.91 15.85 15.87
15.95 16.05 16.14 16.21 16.25 16.27 16.49 16.94 17.31 17.33 17.06 16.65 16.3 16.23 16.73 17.41 16.96 16.3 15.6 14.98 14.6 14.55 14.76 15.11
15.47 15.74 15.76 15.46 15.08 14.89 15.3 16.19 16.98 17.15 16.83 16.33 15.97 16.08 17.03 18.37 18.45 18.3 18 17.65 17.36 17.25 17.23 17.23
17.08 16.77 16.14 15.23 14.42 14.1 14.6 15.63 16.65 17.13 17.12 16.88 16.68 16.82 17.64 18.82 18.85 18.53 18.01 17.48 17.14 17.12 17.33 17.58
17.61 17.35 16.56 15.26 14.04 13.47 13.36 13.16 12.85 12.43 12.02 11.73 11.69 12.05 13 14.05 13.93 13.73 13.5 13.3 13.19 13.21 13.34 13.49
13.63 13.65 13.51 13.18 12.83 12.63 12.85 13.45 14.05 14.35 14.35 14.19 14.01 13.94 14.13 14.34 13.88 13.26 12.62 12.07 11.72 11.63 11.73 11.96
12.3 12.53 12.63 12.56 12.45 12.52 12.84 13.31 13.78 14.12 14.35 14.54 14.8 15.27 16.15 17.12 17.24 17.3 17.28 17.16 16.96 16.71 16.46 16.25
16.23 16.24 16.43 16.69 16.88 17.02 17.14 17.26 17.37 17.48 17.57 17.65 17.74 17.89 18.17 18.24 17.27 16.04 14.85 13.91 13.36 13.28 13.55 14.01
14.52 15.02 15.36 15.43 15.26 14.9 14.83 15.21 15.66 15.86 15.83 15.71 15.66 15.84 16.42 17.24 17.55 17.67 17.63 17.52 17.43 17.46 17.56 17.63
17.51 17.25 16.69 15.84 15.05 14.68 14.72 14.83 14.85 14.67 14.39 14.13 14.06 14.34 15.21 16.41 16.83 16.93 16.77 16.45 16.09 15.79 15.53 15.25
14.93 14.46 13.85 13.16 12.69 12.8 13.49 14.39 15.33 16.13 16.67 16.89 16.75 16.32 15.76 15.27 15.02 14.99 15.12 15.34 15.6 15.85 16.08 16.25
16.39 16.44 16.43 16.35 16.21 15.97 15.66 15.46 15.58 16.14 16.98 17.85 18.44 18.48 16.78 15.3 14.65 14.52 14.74 15.11 15.48 15.71 15.79 15.75
15.59 15.36 15.08 14.78 14.53 14.41 14.76 15.52 16.14 16.13 15.65 15.06 14.69 14.87 16.03 17.54 17.52 17.52 17.52 17.52 17.51 17.52 17.56 17.59
17.59 17.59 17.53 17.43 17.32 17.27 17.43 17.76 17.99 17.93 17.7 17.48 17.46 17.85 18.93 20.22 20.36 20.36 20.31 20.3 20.46 20.86 21.35 21.71
21.64 21.04 19.66 17.63 15.78 14.81 14.64 14.63 14.59 14.3 13.68 12.76 11.64 10.54 9.81 9.67 9.94 10.51 11.22 11.95 12.67 13.43 14.18 14.82
15.24 15.38 15.13 14.47 13.66 13 12.78 12.99 13.38 13.78 14.19 14.64 15.18 15.85 16.71 17.44 17.42 17.18 16.84 16.52 16.32 16.32 16.48 16.74
17.14 17.52 17.92 18.23 18.36 18.36 18.25 18.06 17.81 17.55 17.34 17.26 17.4 17.84 18.7 19.95 20.82 20.89 20.55 20.01 19.46 19.06 18.8 18.63
18.58 18.47 18.33 18.13 17.94 17.86 18.15 18.78 19.37 19.56 19.33 18.8 18.17 17.75 17.95 18.67 18.88 19 18.98 18.8 18.57 18.41 18.27 18.1
17.61 17.04 16.11 14.81 13.34 11.91 10.69 9.79 9.33 9.36 9.66 9.88 9.65 8.9 8.63 8.9 9.05 9.13 9.2 9.35 9.62 10.07 10.63 11.21
11.63 12.04 12.25 12.21 11.98 11.61 11.29 11.05 10.8 10.45 10.09 9.8 9.67 9.8 10.27 11.16 12.24 13.14 13.27 12.65 11.8 11.1 10.65 10.43
10.45 10.77 11.43 12.45 13.53 14.17 13.98 13.38 12.95 12.58 11.9 11.1 10.33 9.75 9.49 9.45 9.48 9.59 9.83 10.26 10.92 11.55 12 12.19
12.02 11.47 10.49 9.24 8.11 7.47 7.58 8.25 9.03 9.43 9.37 8.95 8.4 7.96 7.96 8.51 9.11 9.65 10.01 10.19 10.26 10.35 10.46 10.52
10.5 10.23 9.69 8.88 8.12 7.66 7.92 8.79 9.69 9.93 9.43 8.42 7.23 6.24 5.85 6.28 7.07 7.85 8.41 8.69 8.81 8.91 9.04 9.14
9.16 8.97 8.52 7.82 7.19 6.93 7.26 8 8.76 9.07 8.91 8.42 7.82 7.36 7.36 7.82 8.17 8.66 9.17 9.6 9.95 10.25 10.5 10.69
10.8 10.73 10.46 10 9.55 9.32 9.59 10.28 11.04 11.51 11.61 11.43 11.15 11.03 11.44 12.45 13.25 13.67 13.68 13.4 13.1 13.02 13.13 13.32
13.43 13.32 12.81 11.87 10.81 9.94 9.79 10.29 10.82 10.85 10.48 9.99 9.63 9.69 10.46 11.79 12.62 13.29 13.73 13.93 13.97 13.96 13.93 13.9
13.86 13.85 13.83 13.8 13.78 13.81 13.9 14.07 14.31 14.57 14.61 14.23 13.34 12 10.45 9.16 8.34 8.14 8.66 9.64 10.62 11.11 11.15 10.93
10.63 10.49 10.57 10.7 10.66 10.47 10.18 9.85 9.57 9.38 9.28 9.25 9.27 9.3 9.34 9.34 9.34 9.45 9.71 9.99 10.1 9.91 9.51 9.06
8.69 8.68 8.93 9.11 9.17 9.14 9.04 8.88 8.68 8.43 8.14 7.83 7.56 7.4 7.47 7.75 7.97 8.27 8.63 9.01 9.45 9.95 10.47 10.9
11.18 11.17 10.8 10.08 9.18 8.32 7.61 7.79 8.63 8.9 8.44 7.55 6.58 5.86 5.67 6.13 6.88 7.77 8.6 9.26 9.71 9.99 10.13 10.16
10.13 9.99 9.77 9.48 9.17 8.88 8.67 9.01 9.82 10.32 10.31 9.86 9.12 8.36 7.94 8.01 8.19 8.57 8.98 9.31 9.53 9.7 9.85 9.97
10.06 10.04 9.9 9.63 9.29 8.96 8.7 9.23 10.42 11.07 10.94 10.21 9.17 8.18 7.63 7.66 7.75 7.97 8.19 8.32 8.36 8.39 8.43 8.46
8.47 8.42 8.27 8.01 7.69 7.41 7.24 7.9 9.3 10.16 10.15 9.45 8.39 7.4 6.92 7.16 7.71 8.33 8.84 9.14 9.26 9.31 9.33 9.3
9.2 9.02 8.71 8.28 7.83 7.5 7.41 8.19 9.71 10.86 11.34 11.25 10.83 10.39 10.29 10.65 10.89 10.98 10.9 10.71 10.52 10.43 10.45 10.5
10.49 10.38 10.07 9.54 8.95 8.47 8.27 8.84 10.08 11.11 11.62 11.56 10.99 10.17 9.45 9.12 9.14 9.32 9.54 9.73 9.91 10.04 9.91 9.33
8.48 7.74 7.28 7.05 6.86 6.7 6.57 6.45 6.35 6.27 6.23 6.25 6.36 6.58 6.92 7.24 7.42 7.57 7.8 8.2 8.6 8.79 8.87 8.97
9.12 9.27 9.43 9.46 9.55 9.68 9.54 9.77 9.91 9.7 9.39 9.04 8.73 8.58 8.77 9.22 9.41 9.61 9.75 9.8 9.77 9.71 9.62 9.5
9.35 9.12 8.81 8.43 8 7.59 7.21 7.68 8.89 9.45 9.07 8.05 6.78 5.72 5.3 5.74 6.44 7.16 7.62 7.75 7.61 7.31 6.9 6.4
5.83 5.18 4.53 3.96 3.53 3.25 3.13 3.47 4.17 4.61 4.65 4.4 4.08 3.9 4.09 4.76 5.47 6.05 6.4 6.54 6.56 6.57 6.6 6.6
6.56 6.37 6.02 5.53 5.02 4.62 4.42 5.02 6.31 7.09 7.03 6.38 5.51 4.84 4.72 5.33 6.2 7.09 7.81 8.28 8.55 8.75 8.91 9
9.01 8.88 8.57 8.09 7.54 7.03 6.64 7.13 8.42 9.25 9.41 9.16 8.84 8.83 9.53 10.85 11.46 11.7 11.57 11.2 10.76 10.44 10.26 10.17
10.12 10.07 9.95 9.72 9.44 9.2 9.07 9.63 10.72 11.4 11.49 11.18 10.74 10.5 10.87 11.88 12.5 12.79 12.7 12.33 11.87 11.5 11.24 11.05
10.87 10.65 10.34 9.93 9.5 9.13 8.92 9.21 9.92 10.54 10.89 10.91 10.63 10.16 9.7 9.48 9.54 9.73 9.96 10.17 10.33 10.45 10.51 10.53
10.52 10.43 10.27 10.05 9.8 9.56 9.35 9.34 9.42 9.32 9.06 8.76 8.55 8.52 8.82 9.11 8.6 7.97 7.35 6.81 6.43 6.24 6.19 6.24
6.33 6.46 6.55 6.57 6.55 6.52 6.52 6.9 7.64 8.22 8.56 8.71 8.76 8.81 8.96 9.26 9.5 9.57 9.52 9.42 9.35 9.36 9.43 9.48
9.45 9.28 8.91 8.32 7.63 6.95 6.37 6.78 8.08 8.86 8.87 8.38 7.77 7.38 7.5 8.22 8.96 9.5 9.77 9.82 9.75 9.69 9.68 9.69
9.72 9.65 9.46 9.13 8.76 8.43 8.27 8.82 9.95 10.62 10.64 10.2 9.56 9.04 9.01 9.45 9.63 9.91 10.14 10.24 10.18 10 9.76 9.52
9.22 9.06 8.97 8.96 9 9.03 9.02 9.14 9.43 9.72 9.93 10.05 10.03 9.83 9.41 8.49 6.89 5.22 3.74 2.59 1.84 1.48 1.42 1.54
1.76 2.02 2.25 2.38 2.43 2.45 2.49 2.59 2.72 2.75 2.7 2.62 2.58 2.66 2.99 3.58 4.14 4.55 4.7 4.55 4.14 3.58 3.17 2.95
2.79 2.68 2.65 2.71 2.86 3.04 3.22 3.36 3.44 3.44 3.36 3.24 3.11 3.02 3.08 3.31 3.54 3.8 4.04 4.24 4.43 4.63 4.84 5.03
5.22 5.3 5.28 5.14 4.95 4.76 4.64 4.91 5.54 6.02 6.24 6.23 6.08 5.89 5.78 5.82 6.03 6.32 6.56 6.74 6.86 6.94 6.97 6.98
6.99 6.96 6.92 6.89 6.85 6.78 6.67 6.72 6.95 7.1 7.15 7.16 7.17 7.25 7.46 7.74 7.83 7.81 7.72 7.63 7.57 7.58 7.66 7.77
7.92 7.99 8 7.87 7.73 7.61 7.53 7.69 7.96 8.2 8.39 8.51 8.58 8.67 8.89 9.19 9.16 9.14 9.09 9.02 8.97 8.97 9 9.02
8.98 8.8 8.43 7.87 7.27 6.76 6.47 6.91 8.01 8.93 9.34 9.15 8.45 7.48 6.62 6.25 6.35 6.63 6.92 7.14 7.29 7.42 7.53 7.6
7.6 7.53 7.33 7.01 6.62 6.26 5.99 6.3 7.15 7.85 8.24 8.42 8.48 8.56 8.77 9.02 8.84 8.46 7.99 7.54 7.19 7 6.93 6.93
6.95 6.97 6.94 6.83 6.67 6.5 6.36 6.53 7.04 7.58 8.04 8.32 8.32 8.11 7.87 7.77 7.79 7.91 8.09 8.3 8.5 8.65 8.76 8.84
8.92 8.97 9.02 9.08 9.14 9.17 9.15 9.2 9.38 9.54 9.64 9.69 9.7 9.74 9.87 10.19 10.61 10.94 10.96 10.54 9.59 8.22 6.84 5.77
5.25 5.1 4.94 4.64 4.3 4.01 3.77 3.6 3.48 3.4 3.35 3.3 3.22 3.14 3.1 3.17 3.3 3.47 3.66 3.86 4.09 4.38 4.72 5.09
5.46 5.81 6.09 6.28 6.39 6.45 6.49 6.6 6.81 7.09 7.34 7.5 7.52 7.41 7.26 7.22 7.35 7.53 7.72 7.88 8.02 8.16 8.31 8.46
8.58 8.67 8.7 8.64 8.52 8.38 8.23 8.11 8.02 7.89 7.59 7.02 6.16 5.15 4.23 3.53 3.12 2.98 3.13 3.68 4.42 4.98 5.26 5.29
5.13 4.88 4.61 4.37 4.19 4.08 4.07 4.25 4.57 4.88 5.14 5.35 5.53 5.69 5.88 6.12 6.42 6.6 6.58 6.56 6.76 7.23 7.35 7.06
6.51 5.96 5.5 4.91 4.1 3.31 2.65 2.14 1.67 1.28 1.02 0.91 0.93 1.03 1.16 1.28 1.38 1.47 1.54 1.61 1.68 1.75 1.81 1.85
1.85 1.81 1.71 1.56 1.4 1.27 1.19 1.33 1.63 1.78 1.69 1.44 1.14 0.9 0.78 0.82 0.96 1.16 1.37 1.57 1.74 1.91 2.08 2.24
2.4 2.52 2.6 2.62 2.6 2.57 2.57 2.73 3.03 3.29 3.43 3.42 3.28 3.11 3.04 3.21 3.56 3.89 4.14 4.26 4.31 4.33 4.37 4.42
4.47 4.48 4.44 4.34 4.21 4.09 4.05 4.27 4.73 5.11 5.26 5.09 4.63 3.99 3.44 3.24 3.37 3.66 3.97 4.21 4.37 4.48 4.58 4.67
4.76 4.8 4.78 4.69 4.56 4.45 4.45 4.71 5.19 5.6 5.83 5.81 5.56 5.22 5.04 5.22 5.49 5.74 5.84 5.77 5.59 5.37 5.13 4.84
4.47 4.05 3.61 3.2 2.86 2.64 2.59 3.05 3.95 4.47 4.33 3.72 2.93 2.28 2.04 2.38 3.01 3.66 4.15 4.39 4.44 4.41 4.36 4.31
4.28 4.25 4.21 4.16 4.09 4.05 4.06 4.3 4.76 5.21 5.5 5.5 5.15 4.58 4.08 4 4.29 4.67 4.96 5.1 5.13 5.16 5.22 5.29
5.32 5.3 5.16 4.89 4.56 4.26 4.07 4.29 4.9 5.52 6.03 6.44 6.75 6.99 7.2 7.42 7.45 7.2 6.82 6.41 6.11 5.96 5.93 5.95
5.93 5.86 5.67 5.3 4.82 4.28 3.75 3.43 3.36 3.46 3.7 4.09 4.57 5.09 5.58 5.91 5.98 5.86 5.65 5.43 5.29 5.28 5.37 5.53
5.75 5.94 6.09 6.19 6.23 6.23 6.18 6.44 7 7.37 7.48 7.38 7.19 7.05 7.14 7.53 7.9 8.12 8.16 8.04 7.83 7.6 7.39 7.21
7.08 6.98 6.91 6.88 6.86 6.86 6.85 6.95 7.2 7.49 7.78 8.03 8.24 8.43 8.62 8.86 8.99 8.97 8.84 8.66 8.53 8.29 8.34 8.18
8.37 8.19 7.98 7.26 6.35 5.37 4.41 3.55 3.66 3.84 3.72 3.54 3.46 3.58 3.99 4.69 5.27 5.57 5.69 5.77 6.02 6.49 6.75 6.75
6.67 6.57 6.63 6.69 6.58 6.42 6.31 6.34 6.55 6.73 6.84 6.91 6.96 7.04 7.18 7.38 7.6 7.79 7.91 7.93 7.81 7.46 6.73 5.55
3.97 2.36 1.11 0.42 0.13 0.1 0.19 0.3 0.38 0.41 0.39 0.35 0.3 0.26 0.27 0.34 0.46 0.59 0.71 0.78 0.79 0.73 0.63 0.51
0.41 0.36 0.38 0.49 0.63 0.77 0.89 1 1.35 1.72 1.82 1.66 1.36 1.04 0.82 0.76 0.82 0.94 1.08 1.22 1.35 1.47 1.61 1.75
1.91 2.07 2.22 2.33 2.41 2.41 2.39 2.36 2.99 3.63 3.79 3.45 2.79 2.05 1.47 1.2 1.21 1.4 1.69 2.02 2.34 2.66 3 3.35
3.71 4.06 4.36 4.58 4.7 4.75 4.77 4.78 4.86 4.92 4.93 4.86 4.75 4.64 4.64 4.84 5.12 5.34 5.41 5.31 5.04 4.59 4.01 3.33
2.6 1.96 1.5 1.27 1.22 1.26 1.33 1.44 2.09 2.82 3.06 2.85 2.42 2.04 1.89 2.05 2.32 2.55 2.68 2.72 2.72 2.73 2.79 2.87
2.99 3.11 3.23 3.32 3.37 3.39 3.38 3.34 3.76 4.1 4.03 3.71 3.34 3.1 3.15 3.51 3.79 4.02 4.16 4.2 4.17 4.15 4.13 4.12
4.09 4.06 4 3.9 3.76 3.61 3.44 3.28 3.68 4.11 4.17 3.96 3.62 3.28 3.04 2.95 2.89 2.87 2.92 3.06 3.32 3.69 4 4.22
4.38 4.51 4.69 4.83 4.84 4.77 4.66 4.55 4.5 4.31 4.17 4.16 4.26 4.44 4.69 4.98 5.26 5.45 5.47 5.26 4.77 4.05 3.3 2.68
2.31 2.12 2 1.94 1.97 2.05 2.15 2.22 2.25 2.24 2.19 2.11 2.02 1.94 1.92 1.98 2.09 2.24 2.39 2.54 2.66 2.76 2.85 2.92
2.97 3 3.02 3.01 2.94 2.86 2.78 2.7 3.17 3.6 3.69 3.49 3.16 2.9 2.9 3.3 3.78 4.18 4.37 4.39 4.29 4.18 4.07 3.96
3.87 3.75 3.62 3.48 3.35 3.23 3.1 3.05 3.67 4.38 4.82 4.95 4.82 4.57 4.35 4.28 4.34 4.48 4.62 4.74 4.82 4.86 4.85 4.81
4.72 4.6 4.43 4.23 3.99 3.73 3.47 3.2 4.02 4.94 5.04 4.5 3.72 3.06 2.72 2.76 2.97 3.23 3.46 3.62 3.73 3.79 3.82 3.82
3.76 3.65 3.49 3.26 3 2.69 2.44 2.23 2.78 3.33 3.37 3.01 2.48 2.03 1.85 2.01 2.32 2.66 2.93 3.1 3.19 3.24 3.3 3.35
3.44 3.48 3.49 3.47 3.36 3.26 3.15 3.06 3.18 3.44 3.64 3.78 3.84 3.83 3.83 3.95 4.18 4.38 4.5 4.53 4.53 4.54 4.57 4.59
4.58 4.52 4.36 4.09 3.77 3.44 3.14 2.89 3.47 4.16 4.33 4.09 3.65 3.24 3.03 3.1 3.25 3.4 3.5 3.55 3.55 3.52 3.48 3.44
3.41 3.39 3.39 3.4 3.42 3.44 3.45 3.44 3.81 4.24 4.48 4.55 4.5 4.4 4.3 4.2 3.96 3.69 3.46 3.29 3.22 3.24 3.33 3.47
3.61 3.75 3.87 3.87 3.89 3.79 3.77 3.63 3.94 4.11 3.92 3.47 2.91 2.36 1.95 1.72 1.61 1.58 1.59 1.61 1.62 1.62 1.61 1.62
1.63 1.65 1.7 1.77 1.83 1.89 1.95 2 2.37 2.79 2.94 2.93 2.83 2.74 2.75 2.88 2.94 2.99 3.01 2.98 2.92 2.82 2.71 2.59
2.48 2.38 2.32 2.3 2.3 2.32 2.3 2.31 2.68 3.01 3.1 2.99 2.76 2.49 2.31 2.24 2.2 2.23 2.29 2.38 2.47 2.59 2.71 2.82
2.91 2.97 2.97 2.91 2.76 2.62 2.46 2.3 3 3.77 3.97 3.66 3.09 2.57 2.3 2.39 2.66 2.98 3.24 3.42 3.51 3.53 3.52 3.47
3.38 3.28 3.14 2.98 2.8 2.63 2.48 2.38 3.06 3.81 3.98 3.67 3.15 2.69 2.49 2.64 2.88 3.16 3.38 3.51 3.57 3.59 3.6 3.62
3.65 3.68 3.7 3.71 3.7 3.65 3.58 3.5 3.61 3.81 3.93 3.86 3.55 3.11 2.78 2.85 3.25 3.66 3.92 3.98 3.92 3.81 3.71 3.6
3.48 3.34 3.2 3.06 2.93 2.82 2.72 2.64 3.06 3.52 3.62 3.41 3.04 2.7 2.57 2.79 3.21 3.62 3.92 4.07 4.1 4.07 4.02 3.98
3.95 3.92 3.91 3.9 3.89 3.85 3.78 3.66 4.19 4.81 5 4.8 4.33 3.83 3.56 3.67 3.93 4.24 4.46 4.54 4.52 4.46 4.41 4.37
4.34 4.31 4.27 4.2 4.1 3.97 3.83 3.68 4.15 4.76 5.01 4.85 4.37 3.8 3.48 3.69 4.27 4.82 5.13 5.16 5.01 4.79 4.58 4.39
4.23 4.07 3.93 3.79 3.65 3.52 3.38 3.24 3.48 3.84 4.06 4.13 4.07 3.99 3.98 4.14 4.39 4.63 4.81 4.9 4.92 4.91 4.89 4.85
4.77 4.62 4.39 4.08 3.74 3.38 3.12 2.96 3.81 4.82 5.43 5.63 5.56 5.42 5.41 5.52 5.56 5.51 5.35 5.09 4.76 4.37 3.92 3.43
2.92 2.43 2.07 1.92 1.94 1.98 2 2 2.03 2.04 1.98 1.87 1.72 1.56 1.44 1.33 1.23 1.15 1.13 1.2 1.36 1.47 1.48 1.43
1.32 1.21 1.11 1.03 0.97 0.92 0.87 0.81 0.81 0.79 0.7 0.59 0.51 0.47 0.54 0.72 0.91 1.07 1.18 1.23 1.25 1.27 1.28 1.27
1.23 1.16 1.07 0.97 0.88 0.79 0.74 0.74 0.98 1.22 1.33 1.34 1.32 1.31 1.38 1.54 1.62 1.65 1.62 1.55 1.48 1.38 1.31 1.26
1.23 1.22 1.24 1.28 1.31 1.32 1.33 1.36 1.65 1.98 2.16 2.1 1.9 1.64 1.43 1.37 1.41 1.5 1.6 1.67 1.72 1.74 1.76 1.79
1.83 1.83 1.8 1.74 1.66 1.58 1.5 1.44 1.81 2.22 2.34 2.27 2.11 1.99 2 2.16 2.33 2.48 2.57 2.57 2.48 2.32 2.13 2.04
2.11 2.33 2.53 2.64 2.64 2.58 2.49 2.4 2.35 2.32 2.26 2.13 1.91 1.68 1.52 1.57 1.76 1.98 2.17 2.28 2.31 2.23 2.07 1.83
1.56 1.31 1.15 1.13 1.17 1.22 1.28 1.36 1.54 1.68 1.72 1.63 1.46 1.29 1.18 1.21 1.33 1.46 1.56 1.63 1.66 1.69 1.75 1.83
1.92 2.02 2.12 2.2 2.23 2.24 2.22 2.22 2.19 2.21 2.3 2.38 2.37 2.32 2.3 2.38 2.52 2.67 2.75 2.77 2.73 2.64 2.57 2.5
2.42 2.34 2.24 2.12 1.97 1.81 1.65 1.51 1.83 2.19 2.39 2.46 2.46 2.45 2.5 2.58 2.63 2.65 2.67 2.71 2.79 2.92 2.96 2.92
2.84 2.76 2.74 2.74 2.73 2.72 2.71 2.72 2.75 2.76 2.78 2.83 2.9 2.99 3.07 3.13 3.19 3.24 3.29 3.35 3.44 3.53 3.62 3.68
3.7 3.6 3.45 3.22 2.93 2.59 2.23 1.87 1.92 1.93 1.78 1.56 1.37 1.26 1.24 1.34 1.45 1.55 1.62 1.66 1.67 1.65 1.62 1.59
1.56 1.5 1.46 1.43 1.4 1.37 1.35 1.36 1.59 1.88 2.06 2.08 2.01 1.89 1.76 1.63 1.45 1.28 1.15 1.05 0.97 0.91 0.88 0.87
0.9 0.96 1.05 1.14 1.22 1.27 1.3 1.34 1.51 1.66 1.72 1.64 1.49 1.34 1.26 1.33 1.45 1.59 1.69 1.72 1.7 1.64 1.56 1.49
1.46 1.45 1.48 1.54 1.62 1.68 1.72 1.76 1.86 2 2.12 2.15 2.02 1.81 1.64 1.66 1.87 2.12 2.31 2.41 2.44 2.41 2.4 2.4
2.41 2.41 2.37 2.31 2.21 2.11 1.99 1.88 1.99 2.22 2.38 2.36 2.18 1.84 1.44 1.12 0.95 0.91 0.95 1.02 1.1 1.17 1.23 1.3
1.38 1.46 1.53 1.58 1.6 1.56 1.52 1.52 1.85 2.16 2.2 2.03 1.75 1.51 1.44 1.66 2.04 2.39 2.59 2.57 2.32 1.9 1.62 1.59
1.69 1.79 1.83 1.77 1.66 1.59 1.53 1.45 1.34 1.18 1 0.81 0.63 0.51 0.49 0.59 0.77 0.98 1.16 1.29 1.33 1.28 1.18 1.06
0.96 0.9 0.91 0.98 1.07 1.16 1.23 1.3 1.41 1.52 1.54 1.47 1.26 1.01 0.8 0.73 0.8 0.95 1.11 1.25 1.35 1.41 1.49 1.57
1.65 1.71 1.75 1.74 1.7 1.64 1.59 1.55 1.71 1.95 2.12 2.18 2.16 2.09 2.01 1.94 1.83 1.64 1.46 1.36 1.39 1.58 1.78 1.8
1.69 1.6 1.63 1.82 1.99 2.15 2.3 2.43 2.54 2.65 2.74 2.83 2.91 2.97 3.02 3 2.92 2.82 2.74 2.73 2.79 2.82 2.78 2.71
2.62 2.51 2.41 2.32 2.25 2.18 2.12 2.06 2.43 2.8 2.86 2.62 2.3 2.04 1.96 2.07 2.18 2.33 2.47 2.55 2.53 2.46 2.37 2.27
2.18 2.1 2.04 1.99 1.97 1.96 1.95 1.94 2.28 2.65 2.79 2.78 2.7 2.67 2.77 3.05 3.42 3.58 3.37 2.88 2.4 2.04 1.78 1.58
1.39 1.24 1.14 1.11 1.1 1.04 0.95 0.84 0.81 0.82 0.82 0.82 0.81 0.83 0.85 0.89 0.9 0.91 0.93 0.98 1.09 1.18 1.21 1.21
1.18 1.14 1.09 1.05 1.02 0.99 0.97 0.97 1.3 1.72 1.91 1.84 1.65 1.41 1.22 1.1 1.03 0.96 0.9 0.84 0.82 0.84 0.88 0.92
0.96 0.98 0.98 0.95 0.91 0.86 0.8 0.75 0.76 0.75 0.7 0.63 0.57 0.52 0.5 0.51 0.51 0.49 0.46 0.43 0.42 0.43 0.45 0.48
0.5 0.52 0.51 0.48 0.44 0.39 0.35 0.31 0.36 0.41 0.41 0.36 0.31 0.27 0.26 0.28 0.32 0.37 0.42 0.47 0.5 0.53 0.54 0.56
0.57 0.58 0.6 0.63 0.65 0.68 0.71 0.73 0.79 0.85 0.88 0.89 0.87 0.85 0.84 0.83 0.81 0.75 0.7 0.64 0.6 0.56 0.53 0.51
0.49 0.47 0.46 0.45 0.44 0.43 0.42 0.41 0.41 0.42 0.42 0.42 0.42 0.42 0.44 0.48 0.52 0.56 0.6 0.63 0.65 0.65 0.65 0.63
0.62 0.59 0.55 0.52 0.48 0.45 0.43 0.41 0.52 0.64 0.68 0.65 0.6 0.57 0.6 0.7 0.78 0.84 0.85 0.84 0.83 0.82 0.83 0.83
0.84 0.82 0.78 0.71 0.63 0.56 0.5 0.46 0.79 1.21 1.4 1.33 1.13 0.93 0.8 0.77 0.8 0.85 0.92 1 1.11 1.24 1.37 1.48
1.55 1.58 1.59 1.58 1.56 1.52 1.47 1.4 1.41 1.48 1.53 1.5 1.43 1.35 1.32 1.41 1.59 1.73 1.81 1.82 1.8 1.8 1.8 1.82
1.82 1.83 1.81 1.73 1.64 1.53 1.45 1.42 1.61 1.81 1.86 1.77 1.6 1.46 1.43 1.6 1.85 2.08 2.22 2.24 2.2 2.17 2.16 2.16
2.16 2.15 2.12 2.05 1.96 1.87 1.8 1.75 1.84 2 2.14 2.26 2.36 2.44 2.5 2.58 2.63 2.64 2.63 2.54 2.47 2.42 2.39 2.37
2.35 2.34 2.33 2.32 2.29 2.25 2.2 2.17 2.35 2.59 2.71 2.57 2.23 1.75 1.28 0.99 0.91 0.97 1.11 1.26 1.35 1.37 1.34 1.27
1.17 1.07 0.96 0.87 0.79 0.73 0.69 0.68 0.71 0.77 0.87 1 1.14 1.27 1.35 1.28 1.12 0.96 0.91 1.02 1.2 1.35 1.43 1.44
1.43 1.38 1.33 1.3 1.28 1.28 1.27 1.26 1.45 1.67 1.76 1.74 1.67 1.58 1.57 1.66 1.74 1.82 1.87 1.84 1.77 1.68 1.68 1.8
1.95 2.1 2.18 2.1 1.91 1.67 1.41 1.18 1.03 0.93 0.89 0.92 0.99 1.09 1.18 1.28 1.39 1.5 1.59 1.67 1.7 1.72 1.72 1.71
1.67 1.62 1.55 1.46 1.37 1.27 1.18 1.11 1.2 1.31 1.33 1.28 1.2 1.14 1.12 1.19 1.27 1.35 1.39 1.44 1.49 1.56 1.65 1.74

Horizontal total radiation (W/m2)
(3600,0,31536000)
0 0 0 0 0 0 0 0 37.59 147.92 256.54 339.67 222.38 364.39 371.24 200.99 109.29 0 0 0 0 0 0 0
0 0 0 0 0 0 0 0 43.87 85.89 295.72 196.78 219.28 419.73 346.12 231.88 102.4 0 0 0 0 0 0 0
0 0 0 0 0 0 0 0 44.42 100.42 295.44 429.12 478.08 460.25 345.68 136.2 60.39 0 0 0 0 0 0 0
0 0 0 0 0 0 0 0 52.49 199.59 344.22 454.82 506.59 487.76 402.6 270.39 120.42 0 0 0 0 0 0 0
0 0 0 0 0 0 0 0 27.94 104.88 333.55 440.38 490.38 255.52 389.97 262.27 117.34 0 0 0 0 0 0 0
0 0 0 0 0 0 0 0 49.57 191.41 328.63 415.76 482.61 464.77 368.32 145.72 111.54 0 0 0 0 0 0 0
0 0 0 0 0 0 0 0 26.88 98.16 88.03 221.59 246.61 237.53 196.4 69.37 59.87 0 0 0 0 0 0 0
0 0 0 0 0 0 0 0 31.62 57.96 194.45 256.04 284.86 139.73 227.03 153.39 35.49 0 0 0 0 0 0 0
0 0 0 0 0 0 0 0 37.46 61.09 226.32 136.91 331.12 319 121.45 82.2 81.67 0 0 0 0 0 0 0
0 0 0 0 0 0 0 0 54.09 74.2 126.07 165.67 468.93 451.83 147.04 99.69 45.81 0 0 0 0 0 0 0
0 0 0 0 0 0 0 0 40 137.54 91.16 119.66 339.93 128.17 106.26 184.47 33.37 0 0 0 0 0 0 0
0 0 0 0 0 0 0 0 70.99 69.07 116.66 152.96 169.94 163.79 472.8 92.48 149.65 0 0 0 0 0 0 0
0 0 0 0 0 0 0 0 0.06 0.2 0.34 0.44 0.49 0.47 0.39 0.27 0.12 0 0 0 0 0 0 0
0 0 0 0 0 0 0 0 3.11 10.21 17.13 22.41 24.87 23.98 19.93 13.62 6.41 0 0 0 0 0 0 0
0 0 0 0 0 0 0 0 42.34 136.54 102.53 133.95 148.64 319.34 265.59 181.83 38.69 0 0 0 0 0 0 0
0 0 0 0 0 0 0 0 50.11 67.81 265.14 345.95 163.64 157.82 308.05 90.13 43.01 0 0 0 0 0 0 0
0 0 0 0 0 0 0 0 72.55 226.48 376.35 490.42 543.75 524.5 436.95 300.42 144.35 0.9 0 0 0 0 0 0
0 0 0 0 0 0 0 0 43.21 227.28 376.38 489.81 542.82 523.69 436.67 300.89 145.55 2.58 0 0 0 0 0 0
0 0 0 0 0 0 0 0 75.94 229.49 378.69 492.15 545.16 526.04 439.02 303.18 147.67 4.33 0 0 0 0 0 0
0 0 0 0 0 0 0 0 44.6 229.99 378.17 490.78 543.39 524.43 438.07 303.21 85.74 6.08 0 0 0 0 0 0
0 0 0 0 0 0 0 0 76.18 130.93 365.18 487.1 523.75 520.34 435.06 301.82 149.05 7.82 0 0 0 0 0 0
0 0 0 0 0 0 0 0 83.1 239.32 390.66 505.55 559.21 539.89 451.83 314.19 156.24 10 0 0 0 0 0 0
0 0 0 0 0 0 0 0 85.52 242.44 394.29 509.51 563.31 543.95 455.66 317.6 159.04 12.01 0 0 0 0 0 0
0 0 0 0 0 0 0 0 50.53 248.6 402.82 519.76 574.36 554.71 465.12 184.36 163.87 8.08 0 0 0 0 0 0
0 0 0 0 0 0 0 0 50.78 268.71 433.76 290.22 617.24 309.64 500.43 350.48 177.97 9.09 0 0 0 0 0 0
0 0 0 0 0 0 0 0 72.69 384.19 316.42 239.11 449.36 434.15 214.25 256.07 76.91 14.36 0 0 0 0 0 0
0 0 0 0 0 0 0 0 72.41 113.41 309.33 397.33 667.36 423.63 209.27 147.27 75.83 9.16 0 0 0 0 0 0
0 0 0 0 0 0 0 0 100.94 265.18 423.25 542.83 598.6 578.57 487.04 343.6 178.15 23.5 0 0 0 0 0 0
0 0 0 0 0 0 0 0 78.43 119.28 322.89 428.48 455.72 456.53 384.7 272.07 137.07 11.51 0 0 0 0 0 0
0 0 0 0 0 0 0 0 98.94 148.35 400.04 526.83 563.43 561.13 473.32 335.56 176.39 27.12 0 0 0 0 0 0
0 0 0 0 0 0 0 0 81.33 120.24 323.01 439.07 453.99 467.49 370.71 263.47 139.44 13.47 0 0 0 0 0 0
0 0 0 0 0 0 0 0 95.04 235.9 432.76 472.68 305.52 503.1 496.23 302.97 161.43 16.6 0 0 0 0 0 0
0 0 0 0 0 0 0 0 60.15 260.49 407.94 519.15 570.95 552.37 467.36 188.75 179.06 18.78 0 0 0 0 0 0
0 0 0 0 0 0 0 0 65.57 282.89 441.35 560.79 616.4 596.46 282.95 361.7 195.32 38.24 0 0 0 0 0 0
0 0 0 0 0 0 0 0 94.82 317.94 494.18 445.91 287.75 474.11 401.96 169.47 92.12 18.97 0 0 0 0 0 0
0 0 0 0 0 0 0 0 44.07 103.78 160.7 203.55 223.49 216.34 183.61 132.11 72.28 15.61 0 0 0 0 0 0
0 0 0 0 0 0 0 0 111.6 152.44 400.35 297.4 555.58 669.21 457 329.63 225.82 50.98 0 0 0 0 0 0
0 0 0 0 0 0 0 0 74.08 170.16 498.01 628.8 362.17 667.84 567.96 410.66 119.52 53.58 0 0 0 0 0 0
0 0 0 0 0 0 0 0 132.73 301.24 461.3 581.54 637.45 617.42 525.62 380.98 212.47 52.04 0 0 0 0 0 0
0 0 0 0 0 0 0 0 72.72 281.11 428.89 539.83 591.41 572.93 488.25 354.75 199.08 29.37 0 0 0 0 0 0
0 0 0 0 0 0 0 0 147.66 144.72 220.01 276.48 684.84 663.58 250.23 182.25 232.79 61.33 0 0 0 0 0 0
0 0 0 0 0 0 0 0 74.34 279.92 423.99 532 582.18 564.21 481.8 351.75 199.82 54.45 0 0 0 0 0 0
0 0 0 0 0 0 0 0 103.57 224.57 338.94 424.62 216.34 450.16 179.26 131.18 74.97 45.28 0 0 0 0 0 0
0 0 0 0 0 0 0 0 252.7 165.91 249.51 312.11 341.17 811.27 283.02 207.61 119.35 113.09 0 0 0 0 0 0
0 0 0 0 0 0 0 1.06 162.05 188.7 515.41 353.19 703.26 681.94 584.1 429.47 248.34 74.15 0 0 0 0 0 0
0 0 0 0 0 0 0 4.59 158.46 332.84 497.06 619.85 676.81 656.42 562.8 414.78 241.23 74.05 0 0 0 0 0 0
0 0 0 0 0 0 0 4.1 158.42 329.39 490.22 610.38 666.11 646.15 554.56 233.1 239.6 42.97 0 0 0 0 0 0
0 0 0 0 0 0 0 8.57 146.25 286.58 249.67 528.42 605.57 587.54 504.75 355.69 219.8 71.05 0 0 0 0 0 0
0 0 0 0 0 0 0 3.07 39.8 81.15 119.95 148.9 162.31 157.51 135.45 100.52 59.44 19.69 0 0 0 0 0 0
0 0 0 0 0 0 0 14.13 90.04 309.59 267.9 565.31 680.1 660.09 514.57 422.62 227.57 45.31 0 0 0 0 0 0
0 0 0 0 0 0 0 18.06 99.32 338.37 502.26 621.63 676.91 657.11 566.19 422.07 252.3 87.44 0 0 0 0 0 0
0 0 0 0 0 0 0 20.19 79.4 157.45 484.18 284.77 651.23 632.3 259.52 193.89 244.83 86.68 0 0 0 0 0 0
0 0 0 0 0 0 0 48.69 69.35 136.32 198.86 245.4 266.93 259.22 223.78 167.56 101.21 175.4 0 0 0 0 0 0
0 0 0 0 0 0 0 16.18 186.09 362.62 527.28 649.72 706.37 686.07 592.84 444.87 270.09 99.54 0 0 0 0 0 0
0 0 0 0 0 0 0 35.37 97.27 187.94 614.54 335.18 821.64 798.18 306.02 230.14 140.42 52.74 0 0 0 0 0 0
0 0 0 0 0 0 0 18.78 108.02 99.76 299.08 177.1 399.09 186.88 335.7 252.99 155.13 28.6 0 0 0 0 0 0
0 0 0 0 0 0 0 20.33 190.29 207.61 521.01 639.24 693.88 674.29 584.31 441.29 271.91 105.85 0 0 0 0 0 0
0 0 0 0 0 0 0 38.91 115.42 370.55 538.43 659.68 715.7 695.61 603.35 456.62 282.7 111.93 0 0 0 0 0 0
0 0 0 0 0 0 0 24.1 222.74 215.16 308.05 730.07 791.65 769.57 668.11 261.57 162.7 126.84 0 0 0 0 0 0
0 0 0 0 0 0 0 48.94 82.33 411.52 218.24 717.7 288.98 280.97 244.15 499.4 115.94 47.4 0 0 0 0 0 0
0 0 0 0 0 0 0 48.18 218.79 383.09 320.26 665.23 758.61 737.7 609.46 488.57 306.7 127.31 0 0 0 0 0 0
0 0 0 0 0 0 0 48.07 198.24 365.42 518.57 631.84 684.1 665.35 579.19 441.93 276.64 68.45 0 0 0 0 0 0
0 0 0 0 0 0 0 31.21 228.46 415.11 317.36 386.16 773.46 752.38 655.54 501.18 317.42 135.62 0 0 0 0 0 0
0 0 0 0 0 0 0 60.72 230.93 416.69 245.89 714.47 323.18 751.84 274.2 210.04 133.61 57.88 0 0 0 0 0 0
0 0 0 0 0 0 0 37.31 256.6 459.86 647.06 418.57 848.92 440.32 720.98 553.37 353.5 155.18 0 0 0 0 0 0
0 0 0 0 0 0 0 35.06 124.17 415.22 310.17 706.12 763.01 742.57 345.34 498.83 320 142.29 0 0 0 0 0 0
0 0 0 0 0 0 0 56.33 81.9 144.85 478.03 245.35 624.92 257.93 225.51 409.75 263.93 50.39 0 0 0 0 0 0
0 0 0 0 0 0 0 62.53 218.78 365.43 299.57 616.5 700.21 681.67 566.94 460.44 297.79 135.71 0 0 0 0 0 0
0 0 0 0 0 0 0 70.53 133.84 397.92 562.63 679.27 732.93 702.51 624.99 483.33 313.84 144.71 0.7 0 0 0 0 0
0 0 0 0 0 0 0 45.17 141.95 128.58 342.06 412.45 444.82 226.06 379.69 294.16 191.76 89.43 1.09 0 0 0 0 0
0 0 0 0 0 0 0 80.81 300.98 519.29 719.04 865.93 767.36 439.02 385.12 298.91 333.01 191.01 7.86 0 0 0 0 0
0 0 0 0 0 0 0 87.07 99.62 170.87 235.99 283.85 305.84 777.81 682.88 203.38 348.79 63.67 9.68 0 0 0 0 0
0 0 0 0 0 0 0 69.82 88.3 150.58 207.45 249.22 619.13 603.2 530 178.97 118 131.09 4.24 0 0 0 0 0
0 0 0 0 0 0 0 9.95 28.38 48.14 66.15 79.37 85.44 83.26 73.21 57.13 37.8 18.39 1.66 0 0 0 0 0
0 0 0 0 0 0 0 87.42 89.59 411.58 207.13 248.24 267.11 260.31 624.01 487.75 118.92 58.42 6.18 0 0 0 0 0
0 0 0 0 0 0 0 95.73 261.82 257.97 600.6 822.29 884.4 753.66 389.9 519.71 396.21 171.81 23.68 0 0 0 0 0
0 0 0 0 0 0 0 60.31 287.29 479.34 653.97 440.18 840.58 819.42 722.25 566.45 378.88 189.67 25.55 0 0 0 0 0
0 0 0 0 0 0 0 105.82 291.87 484.46 659.39 787.47 846.21 787.24 407.9 545.53 383.71 193.83 28.77 0 0 0 0 0
0 0 0 0 0 0 0 113.1 292.34 195.33 265.24 316.4 339.85 331.38 723.02 568.94 383.14 195.25 31.57 0 0 0 0 0
0 0 0 0 0 0 0 62.02 305.25 258.88 679.56 809.71 869.35 437.58 386.57 590.32 398.87 205.01 35.77 0 0 0 0 0
0 0 0 0 0 0 0 152.02 379.83 235.07 317.76 378.19 405.88 1037.33 349.99 730 187.3 97.07 18.14 0 0 0 0 0
0 0 0 0 0 0 0 59.68 146.76 238.82 322.11 382.95 410.81 199.65 176.64 280.34 94.98 99.61 9.87 0 0 0 0 0
0 0 0 0 0 0 0 121.9 122.06 197.69 266.06 764.07 338.81 799.35 707.72 231.76 158.12 83.27 17.52 0 0 0 0 0
0 0 0 0 0 0 0 75.99 310.28 500.24 671.78 796.92 854.18 833.48 738.46 585.71 400.84 212.73 47.16 0 0 0 0 0
0 0 0 0 0 0 0 106.67 147.36 236.51 316.93 639.38 685.04 668.52 348.17 276.57 323.22 365.95 97.89 0 0 0 0 0
0 0 0 0 0 0 0 82.23 339.92 543.14 726.3 859.77 516.7 898.71 797.39 634.37 436.79 235.27 57.2 0 0 0 0 0
0 0 0 0 0 0 0 130 112.27 178.6 631.79 747.12 301.72 294.52 261.5 208.35 381.42 78.06 52.42 0 0 0 0 0
0 0 0 0 0 0 0 186.06 136.59 216.37 288.15 340.39 364.26 1073.59 315.96 776.16 174.62 95.39 25.11 0 0 0 0 0
0 0 0 0 0 0 0 147.01 328.17 244.15 324.49 382.93 868.53 399.95 753.97 602.47 418.49 108.55 29.62 0 0 0 0 0
0 0 0 0 0 0 0 89.37 337.58 530.34 703.43 829.29 886.76 865.92 770.41 616.49 429.44 237.76 67.11 0 0 0 0 0
0 0 0 0 0 0 0 0 0 0 0 0 0 0 0 0 0 0 0 0 0 0 0 0
0 0 0 0 0 0 4.78 153.27 133.2 207.6 274.29 800.58 344.83 336.81 744.34 240.78 418.38 234.62 70.42 0 0 0 0 0
0 0 0 0 0 0 8.46 84.91 372.13 577.72 761.85 435.77 956.47 454.67 832.92 325.7 228.75 265.25 39.85 0 0 0 0 0
0 0 0 0 0 0 9.47 145.85 307.81 476.06 626.61 735.84 785.64 767.56 684.68 550.94 387.97 219.56 40.89 0 0 0 0 0
0 0 0 0 0 0 11.52 185.3 296.77 596.47 600.77 414.01 752.26 958.78 656.08 310.52 219.24 213.12 40.71 0 0 0 0 0
0 0 0 0 0 0 8.92 163.19 337.57 518.23 679.62 451.65 849.88 830.52 741.77 598.48 423.63 243.29 81.03 0 0 0 0 0
0 0 0 0 0 0 6.78 61 124.99 191.19 250.28 293.08 312.58 305.49 273.02 220.56 156.52 90.4 30.8 0 0 0 0 0
0 0 0 0 0 0 23.13 184.47 374.48 570.8 745.89 872.66 930.39 909.4 813.23 657.83 467.98 271.77 94.63 0 0 0 0 0
0 0 0 0 0 0 14.82 106.57 388.29 325.69 769.4 899.35 958.51 937 838.41 374.98 484.27 282.74 100.51 0 0 0 0 0
0 0 0 0 0 0 24.87 95.96 325.82 610.28 642.32 440.63 799.21 966.74 699.57 333.25 405.55 294.5 86.3 0 0 0 0 0
0 0 0 0 0 0 16.95 190.47 376.66 568.31 738.81 862.07 495.32 484.31 804.25 653.02 467.92 276.04 101.98 0 0 0 0 0
0 0 0 0 0 0 29.92 213.93 419.59 631.02 818.98 753.77 471.41 784.78 413.21 335.92 410.74 308.46 91.6 0 0 0 0 0
0 0 0 0 0 0 29.73 211.09 306.07 269.51 349.21 692.49 432.94 720.82 867.57 526.21 508.33 225.69 115.91 0 0 0 0 0
0 0 0 0 0 0 56.24 280.68 151.23 225.99 292.35 340.25 362.03 354.09 317.76 907.24 669.45 111.84 43.52 0 0 0 0 0
0 0 0 0 0 0 51.81 93.66 179.47 699.61 903.59 401.57 427.13 417.81 981.67 306.08 221.32 133.11 52.62 0 0 0 0 0
0 0 0 0 0 0 40.84 108.04 349.85 519.62 675.82 785.25 834.97 816.85 733.86 599.42 434.37 262.45 105.33 0 0 0 0 0
0 0 0 0 0 0 39.38 99.56 320.1 479.6 617.52 716.93 753.21 736.94 670.23 548.07 398.01 238.75 98.37 0 0 0 0 0
0 0 0 0 0 0 42.33 102.63 192.5 483.88 622.07 423.89 766.86 440.77 674.87 324.53 236.17 245.09 224.98 0 0 0 0 0
0 0 0 0 0 0 17.13 68 126.69 186.53 239.44 277.55 294.85 288.54 259.65 212.79 155.18 95 39.77 0 0 0 0 0
0 0 0 0 0 0 59.32 107.45 420.29 291.98 790.97 916.15 460.36 450.56 857.33 703.39 243.19 149.5 63.4 0 0 0 0 0
0 0 0 0 0 0 30.39 197.11 362.49 302.79 679.33 786.24 834.75 817.05 735.99 604.49 442.59 273.2 66.92 0 0 0 0 0
0 0 0 0 0 0 44.57 93.85 291.99 250.46 544.98 370.22 668.96 854.88 590.18 633.47 355.97 129.59 95.87 0 0 0 0 0
0 0 0 0 0 0 72.25 251.39 456.68 220.38 848.91 325.06 344.92 337.67 304.48 250.6 184.19 345.87 152.06 0 0 0 0 0
0 0 0 0 0 0 34.52 260.23 210.94 306.42 870.15 1004.86 478.43 468.42 422.59 775.7 571.23 160.13 158.61 0 0 0 0 0
0 0 0 0 0 0 56.9 110.13 336.66 286.54 620.93 420.9 446.36 744.05 1006.69 830.23 408.62 150.47 67.62 0 0 0 0 0
0 0 0 0 0 0 140.17 109.57 195.67 282.82 359.51 414.58 1199.99 430.42 388.68 320.87 237.16 149.21 67.76 2.55 0 0 0 0
0 0 0 0 0 0 90.71 110.71 196.62 283.5 925.6 414.76 439.61 430.53 1000.31 826.58 237.99 150.27 68.92 4.45 0 0 0 0
0 0 0 0 0 0 56.91 358.81 308.59 870.75 562.82 648.14 403.42 395.12 357.14 502.89 219.11 138.83 64.29 2.62 0 0 0 0
0 0 0 0 0 0 58.41 190.52 308.52 480.59 560.67 379.01 683.53 726.74 605.46 544.08 404.26 236.78 65.02 3.62 0 0 0 0
0 0 0 0 0 0 44.42 239.97 419.71 600.95 414.39 874.13 504.73 906.89 820.47 679.88 506.01 322.77 152.25 10.65 0 0 0 0
0 0 0 0 0 0 162.75 99.76 173.63 248.06 313.36 1163.33 381.33 373.59 338.14 280.45 209.08 133.8 63.66 5.33 0 0 0 0
0 0 0 0 0 0 31.59 89.64 155.29 221.37 279.31 320.82 339.6 332.73 301.29 250.11 101.95 119.89 31.4 5.57 0 0 0 0
0 0 0 0 0 0 68.87 112.8 331.16 276.71 593.68 1168.12 721.2 706.67 376.03 312.43 233.67 256.16 123.92 7.97 0 0 0 0
0 0 0 0 0 0 78.54 126.54 217.24 308.38 660.88 1170.41 802.15 461.73 418.45 592.4 260.65 286.61 82.09 16.98 0 0 0 0
0 0 0 0 0 0 95.95 259.06 442.84 627.34 788.84 904.41 956.68 937.56 850.03 707.46 530.73 343.8 168.91 22.49 0 0 0 0
0 0 0 0 0 0 89.13 237.07 403.54 570.54 716.63 821.14 868.4 851.11 771.97 643.02 483.1 313.84 155.32 22.41 0 0 0 0
0 0 0 0 0 0 51.84 245.17 415.63 586.49 735.88 842.72 891.01 873.34 439.35 660.61 275.57 323.8 161.39 13.87 0 0 0 0
0 0 0 0 0 0 76.56 116.31 196.4 470.9 803.36 675.54 419.46 699.99 635.4 530.11 399.42 355.12 130.94 12.71 0 0 0 0
0 0 0 0 0 0 73.61 110.38 316.08 261.01 326.83 373.86 672.65 387.34 351.73 499.95 794.6 247.06 310.59 21.86 0 0 0 0
0 0 0 0 0 0 99.21 250.12 419.15 588.18 735.75 841.17 888.81 871.38 791.57 661.41 499.72 328.14 166.83 30.8 0 0 0 0
0 0 0 0 0 0 54.32 234.75 225.95 549.07 686.15 784.06 828.29 812.11 738 617.1 466.86 307.33 157.22 30.46 0 0 0 0
0 0 0 0 0 0 53.5 248.99 219.24 579.33 723.29 826.07 461.74 855.52 777.72 650.78 260.89 172.16 167.41 33.9 0 0 0 0
0 0 0 0 0 0 12.07 29.39 48.74 68.04 84.87 96.88 102.31 100.32 91.23 76.4 57.94 38.33 19.84 4.18 0 0 0 0
0 0 0 0 0 0 89.03 254.05 354.7 585.23 616.11 412.92 742.19 727.84 662.11 656.76 421.33 164.08 145.38 37.69 0 0 0 0
0 0 0 0 0 0 34.62 82.63 136.13 189.44 235.88 269 283.96 278.49 253.42 212.5 161.56 107.36 56.17 12.74 0 0 0 0
0 0 0 0 0 0 29.92 70.74 116.17 161.42 200.81 228.91 241.59 236.95 215.69 180.98 137.76 91.74 48.25 11.3 0 0 0 0
0 0 0 0 0 0 53.62 59.18 96.9 285.33 354.67 404.11 200.92 418.26 380.86 150.67 114.82 76.62 85.95 9.77 0 0 0 0
0 0 0 0 0 0 125.5 97.74 159.58 221.09 274.6 932.46 329.95 323.65 294.8 738.45 188.94 376.71 67.1 16.65 0 0 0 0
0 0 0 0 0 0 126.64 291.63 474.82 656.91 815.24 928.07 978.99 960.37 875.02 735.56 561.74 376.37 200.81 51.16 0 0 0 0
0 0 0 0 0 0 122.03 278.76 452.64 625.38 775.53 882.5 930.76 913.12 832.21 699.98 535.12 359.22 192.51 50.25 0 0 0 0
0 0 0 0 0 0 109.74 248.79 402.93 555.96 688.94 783.65 826.38 810.76 739.13 622.04 476.01 320.13 172.29 46.02 0 0 0 0
0 0 0 0 0 0 82.63 87.06 300.44 193.82 512.7 582.95 614.65 282.31 257.44 463.07 166.04 238.98 60.45 35.24 0 0 0 0
0 0 0 0 0 0 83.29 109.35 300 242.55 510.96 738.34 778.38 600.74 547.96 271.17 353.95 140.32 129.59 21.19 0 0 0 0
0 0 0 0 0 0.36 115.17 255.72 411.16 565.25 698.99 794.19 837.13 821.44 749.46 631.74 484.8 327.72 178.46 50.62 0 0 0 0
0 0 0 0 0 1.56 115.17 254.1 407.65 559.79 691.8 785.75 828.12 812.64 741.62 625.43 480.37 325.25 177.76 51.32 0 0 0 0
0 0 0 0 0 3 128.38 281.55 450.72 618.26 763.58 866.99 913.62 896.59 818.42 690.54 530.82 359.96 197.4 57.94 0 0 0 0
0 0 0 0 0 3.81 116.46 253.95 405.71 555.94 686.21 778.89 820.68 805.42 735.37 620.74 477.55 324.31 178.44 53.19 0 0 0 0
0 0 0 0 0 5.2 125.43 272.04 433.75 593.77 732.49 831.16 875.65 859.4 784.83 662.79 510.3 347.04 191.54 57.94 0 0 0 0
0 0 0 0 0 3.05 61.29 235.9 375.43 513.45 633.06 718.12 424.08 742.47 678.19 572.97 441.47 300.63 93.3 51.03 0 0 0 0
0 0 0 0 0 5.95 257.55 502.57 352.19 282.67 348.34 395.03 708.35 408.4 373.12 536.87 243.15 282.25 92.04 28.58 0 0 0 0
0 0 0 0 0 1.6 24.68 52.76 83.68 114.24 140.71 159.53 168.01 164.92 150.7 127.42 98.31 67.12 37.36 11.74 0 0 0 0
0 0 0 0 0 4.9 117.18 145.06 394.88 538.63 663.12 751.61 791.51 776.95 710.1 600.63 463.71 316.94 176.88 56.21 0 0 0 0
0 0 0 0 0 7.93 59.38 125.86 338.76 470.78 568.17 656.48 691.25 678.57 620.29 524.85 397.65 277.43 152.22 49.84 0 0 0 0
0 0 0 0 0 3.5 41.47 87.55 138.23 188.26 231.57 262.35 276.23 271.17 247.92 209.84 162.2 111.1 62.3 20.2 0 0 0 0
0 0 0 0 0 9.03 58.86 210.82 195.25 452.4 326.74 630.04 389.63 651.18 747.67 633.03 389.9 335.67 188.62 61.71 0 0 0 0
0 0 0 0 0 6.11 64.01 262.57 211.35 562.37 691.21 782.75 421.2 808.97 378.18 626.59 484.84 170.08 95.76 61.8 0 0 0 0
0 0 0 0 0 9.28 268.99 193.42 178.7 413.53 298.45 575.27 605.55 594.52 319.42 270.6 356.63 244.95 138.17 26.98 0 0 0 0
0 0 0 0 0 7.03 33.05 68.89 219.81 298.62 366.78 415.2 437.03 211.27 193.27 332.61 257.6 87.19 49.27 33.5 0 0 0 0
0 0 0 0 0 13.33 122.38 254.42 399.32 542.2 665.77 753.54 793.1 778.69 712.43 603.83 467.86 321.84 182.15 61.38 0 0 0 0
0 0 0 0 0 14.93 132.54 274.87 431.03 584.97 718.09 812.63 855.25 839.74 768.36 651.38 504.89 347.55 196.99 66.78 0 0 0 0
0 0 0 0 0 12.59 114.3 224.4 370.59 502.73 616.98 662.31 409.42 684.37 660.13 559.74 411.75 298.94 169.67 54.85 0 0 0 0
0 0 0 0 0 16.21 136.09 281.07 440.05 596.72 732.17 828.35 871.7 855.93 783.33 664.33 515.27 355.11 201.79 69.1 0 0 0 0
0 0 0 0 0 15.17 124.48 256.64 401.53 544.3 667.71 755.34 794.84 780.48 714.34 605.91 470.09 324.14 184.39 63.41 0 0 0 0
0 0 0 0 0 8.28 121.36 249.84 390.65 529.39 649.3 403.59 772.83 758.87 381.7 589.27 457.29 315.45 179.62 62 0 0 0 0
0 0 0 0 0 15.31 121.28 249.34 389.68 527.92 647.41 732.25 770.49 756.59 692.57 587.61 456.1 314.75 179.37 62.11 0 0 0 0
0 0 0 0 0 9.05 127.63 262.11 409.46 554.6 680.04 769.1 809.24 794.65 403.01 341.97 479.21 330.8 188.64 65.5 0 0 0 0
0 0 0 0 0 13.45 277.12 213.38 333.23 451.26 324.99 367.54 658.35 646.49 347.65 502.24 389.97 158.17 90.25 53.46 0 0 0 0
0 0 0 0 0 9.13 70.05 68.72 107.28 303.62 372.23 420.94 442.9 208.08 190.5 337.92 262.41 86.71 49.49 17.25 0 0 0 0
0 0 0 0 0 13.58 48.18 98.73 154.12 448.57 255.8 621.84 654.27 298.88 588.23 232.23 387.71 267.8 71.13 53.36 0 0 0 0
0 0 0 0 0 15.87 53.97 247.28 172.58 233.65 286.42 724.31 340.78 334.64 685.18 581.53 201.96 311.99 178.18 62.22 0 0 0 0
0 0 0 0 0 8.88 118.82 243.45 379.97 514.41 630.59 404.89 750.27 736.78 674.56 572.53 444.66 307.18 175.44 34.8 0 0 0 0
0 0 0 0 0 16.16 123.07 252.18 393.62 532.91 653.29 738.76 777.29 763.31 698.85 593.14 460.66 318.22 181.74 63.46 0 0 0 0
0 0 0 0 0 14.2 63.78 222.58 204.1 470.46 595.62 673.56 708.7 673.92 637.18 523.66 419.97 290.09 165.64 55.97 0 0 0 0
0 0 0 0 0 13.44 109.05 223.67 349.25 448.87 579.83 622.36 689.95 643.07 345.83 499.65 408.8 282.33 161.16 53.31 0 0 0 0
0 0 0 0 0 12.18 154.8 317.77 303.6 241.53 504.18 334.94 599.98 346.09 539.4 748.31 355.42 144.16 82.25 48.71 0 0 0 0
0 0 0 0 0 12.62 36.8 75.61 318.77 431.82 196.25 598.93 233.56 229.36 209.97 178.17 373.23 95.48 54.45 18.9 0 0 0 0
0 0 0 0 0 12.91 103.13 124.62 331.65 455.97 559.23 623.43 665.63 653.65 589.72 507.69 394.07 271.94 152.72 53.64 0 0 0 0
0 0 0 0 0 8.59 119.02 245.2 383.53 519.83 637.65 721.34 759.08 745.41 682.32 578.85 449.21 309.87 176.43 60.88 0 0 0 0
0 0 0 0 0 12.7 116.55 240.51 376.42 461.71 332.75 640.89 745.52 732.09 606.2 302.04 398.94 304.06 172.96 59.46 0 0 0 0
0 0 0 0 0 17.29 147.03 303.97 175.56 238.11 292.21 896.64 347.96 341.69 312.72 265.22 557.88 384.47 80.56 27.57 0 0 0 0
0 0 0 0 0 4.91 42.9 88.88 139.32 189.05 232.05 262.6 276.38 271.39 248.36 210.6 163.3 112.48 63.83 21.74 0 0 0 0
0 0 0 0 0 10.74 150.33 312.14 315.76 428.66 816.24 595.68 368.29 615.66 563.36 280.55 217.46 149.69 84.84 48.94 0 0 0 0
0 0 0 0 0 14.03 131.28 273.29 429.17 582.9 715.89 810.38 853.02 837.6 766.37 649.58 503.31 346.22 195.94 66 0 0 0 0
0 0 0 0 0 7.08 122.9 256.54 226.32 548.04 377.85 762.29 802.46 787.93 720.84 610.85 473.11 325.21 183.75 61.49 0 0 0 0
0 0 0 0 0 10.1 39.8 83.32 131.12 461.85 219.11 248.12 261.22 664.4 234.62 198.77 398.61 273.78 154.43 51.32 0 0 0 0
0 0 0 0 0 9.15 98.51 75.95 119.67 162.83 200.18 617.63 238.71 638.47 214.37 181.56 382.72 96.41 54.28 17.9 0 0 0 0
0 0 0 0 0 8.42 56.55 202.88 335.98 435.8 562.6 637.36 639.34 658.91 602.56 486.06 375.92 151.4 85.07 27.82 0 0 0 0
0 0 0 0 0 11.27 138.04 291.98 461.3 628.52 773.32 876.27 922.74 905.95 828.36 701.17 542 371.25 208.15 67.46 0 0 0 0
0 0 0 0 0 11.65 154.39 106.77 168.93 707.29 283.53 321.36 338.43 332.26 932.71 257.04 198.57 417.21 76.01 24.4 0 0 0 0
0 0 0 0 0 5 72.7 155.03 245.67 171.22 210.85 468.04 492.97 483.96 442.37 374.2 147.55 197.47 56.28 35.01 0 0 0 0
0 0 0 0 0 6.18 100.1 286.56 340.3 273.01 572.63 381.43 684.01 394.44 613.67 693.55 535.14 273.35 203.37 47.81 0 0 0 0
0 0 0 0 0 1.56 28.83 62.03 98.62 134.81 166.18 188.5 198.58 194.94 178.12 150.56 116.09 79.16 43.95 13.65 0 0 0 0
0 0 0 0 0 1.54 33.22 71.85 114.44 156.58 193.11 219.11 230.86 226.62 207.02 174.92 134.78 91.79 50.81 15.58 0 0 0 0
0 0 0 0 0 1.15 30.21 65.66 104.78 143.5 177.09 200.99 211.79 207.89 189.87 160.36 123.48 83.98 46.35 14.02 0 0 0 0
0 0 0 0 0 2.84 57.56 125.82 201.18 275.81 579.75 761.81 802.84 788.03 719.59 524.87 237.21 274.27 88.65 26.43 0 0 0 0
0 0 0 0 0 2.22 113.59 249.7 400.08 549.07 678.36 770.42 812.02 797.01 727.62 613.99 472.02 320.11 175.57 51.54 0 0 0 0
0 0 0 0 0 0.92 101.89 211.49 361.82 497.11 576.78 698.18 735.97 677.95 363.47 521.9 400.9 271.47 148.38 45.66 0 0 0 0
0 0 0 0 0 0 89.91 200.11 322.03 168.67 208.65 622.71 250.01 245.36 223.89 495.65 144.86 97.94 140.07 15.14 0 0 0 0
0 0 0 0 0 0 109.57 245.5 396 545.33 675.05 767.46 809.24 794.17 724.5 610.47 468.1 315.96 171.44 47.76 0 0 0 0
0 0 0 0 0 0 124.81 281.6 455.33 627.8 777.67 884.46 932.75 915.33 834.82 703.05 538.6 362.92 196.16 53.58 0 0 0 0
0 0 0 0 0 0 122 277.27 449.45 620.48 769.14 875.11 923.02 905.74 825.85 695.12 532.02 357.86 192.64 51.52 0 0 0 0
0 0 0 0 0 0 107.62 246.47 400.56 553.7 686.87 781.81 824.75 809.26 737.68 620.56 474.49 318.58 170.78 44.65 0 0 0 0
0 0 0 0 0 0 55.43 127.95 433.3 288.61 358.3 408 894.56 422.37 799.85 672.47 513.65 344.22 183.72 22.57 0 0 0 0
0 0 0 0 0 0 30.4 70.77 115.65 160.3 199.16 226.88 239.42 234.89 213.99 179.81 137.2 91.76 48.76 12.13 0 0 0 0
0 0 0 0 0 0 59.79 239.94 393.21 545.82 678.69 773.49 816.38 800.91 729.42 612.53 466.86 311.63 164.79 39.88 0 0 0 0
0 0 0 0 0 0 69.89 79.75 131.09 378.44 470.95 258.58 566.85 556.07 243.8 424.88 155.78 215.48 113.39 12.83 0 0 0 0
0 0 0 0 0 0 34.97 83.65 137.93 192.03 239.17 272.83 288.06 282.57 257.18 215.69 164.03 109.03 57.08 12.99 0 0 0 0
0 0 0 0 0 0 77.6 82.97 137.24 191.37 238.56 615.31 287.52 637.34 579.9 486.03 163.35 108.34 127.52 28.05 0 0 0 0
0 0 0 0 0 0 26.4 64.46 106.97 149.4 186.41 212.84 224.81 220.49 200.55 167.97 127.43 84.33 43.68 9.26 0 0 0 0
0 0 0 0 0 0 85.38 123.79 350.89 490.89 879.54 700.33 739.85 426.21 659.74 552.19 245.77 276.22 204.11 28.98 0 0 0 0
0 0 0 0 0 0 82.09 441.35 342.41 898.61 599.82 402.7 724.39 417.28 379.27 317.22 240.06 158.1 137.81 26.89 0 0 0 0
0 0 0 0 0 0 97.51 105.88 177.54 249.23 311.84 356.61 876.74 859.72 335.79 280.64 493.41 324.15 164.97 13.2 0 0 0 0
0 0 0 0 0 0 109.88 281.01 153.55 665.11 270.45 309.44 1007.49 320.72 291.3 243.28 183.62 120.32 60.85 10.76 0 0 0 0
0 0 0 0 0 0 68.26 103.88 298.79 891.1 527.75 604.15 375.21 367.87 568.6 474.5 210.08 137.31 68.99 11.53 0 0 0 0
0 0 0 0 0 0 72.69 190.88 678.39 456.96 336.87 385.85 694.66 400.03 618.08 515.39 227.86 148.53 126.2 53.99 0 0 0 0
0 0 0 0 0 0 76.68 435.37 347.77 885.78 617.88 415.95 439.96 431.29 391.28 326.01 245.03 159.28 78.95 19.69 0 0 0 0
0 0 0 0 0 0 73.71 117.03 200.12 482.74 356.63 408.94 736.56 853.02 773.56 644.01 483.32 265.17 154.17 17.68 0 0 0 0
0 0 0 0 0 0 88.51 242.98 417.26 592.43 745.89 855.82 905.64 887.65 804.64 669.32 501.57 324.19 158.34 19.65 0 0 0 0
0 0 0 0 0 0 80.93 225.8 389.46 554.09 698.4 801.8 848.68 831.75 753.65 626.38 468.67 302.03 146.38 16.43 0 0 0 0
0 0 0 0 0 0 92.49 103.64 179.57 256.01 818.17 371.12 392.9 975.12 348.73 733.4 216.34 138.99 66.83 6.68 0 0 0 0
0 0 0 0 0 0 78.29 226.2 393.72 562.52 710.65 816.87 865.04 847.63 767.38 636.68 474.87 304.15 145.04 12.62 0 0 0 0
0 0 0 0 0 0 41.66 213.22 372.9 533.94 675.35 776.78 822.78 806.15 729.51 604.72 259.01 287.49 135.92 10 0 0 0 0
0 0 0 0 0 0 66.27 198.96 511.88 501.78 635.44 429.59 455.14 445.9 686.63 832.47 422.74 393.82 126.07 4.41 0 0 0 0
0 0 0 0 0 0 40.09 209.74 370.45 532.84 675.59 778.06 824.55 807.74 730.28 604.24 448.44 284.42 132.07 5.93 0 0 0 0
0 0 0 0 0 0 51.79 95.31 169.21 243.94 309.69 607.59 378.32 630.86 1089.11 471.26 205.09 220.68 101.51 1.77 0 0 0 0
0 0 0 0 0 0 81.98 89.12 159.06 229.86 292.18 336.95 1053.55 349.91 316.06 769.71 193.04 358.55 55.38 0.76 0 0 0 0
0 0 0 0 0 0 53.46 175.59 145.09 456.45 267.5 308.7 711.03 696.33 289.47 518.66 176.31 240.31 108.34 0 0 0 0 0
0 0 0 0 0 0 49.51 199.12 301.1 256.84 327.33 643.51 814.66 797.74 719.87 497.19 215.21 134.57 60.03 0 0 0 0 0
0 0 0 0 0 0 51.23 82.87 150.4 218.96 279.42 691.32 733.59 335.5 647.85 533.42 392.33 114.16 107.84 0 0 0 0 0
0 0 0 0 0 0 71.29 84.49 154.25 677.19 865.37 332.72 353.16 345.75 311.69 256.37 566.09 116.79 50.95 0 0 0 0 0
0 0 0 0 0 0 18.19 66.89 122.85 179.79 230.06 266.25 282.68 276.73 249.34 204.87 150.11 92.79 40.01 0 0 0 0 0
0 0 0 0 0 0 20.01 76.02 140.49 206.14 264.16 305.94 324.91 318.03 286.41 235.08 171.9 105.83 45.07 0 0 0 0 0
0 0 0 0 0 0 51.45 202.38 170.86 553.84 322.62 823.75 397.22 388.76 770.89 632.06 209.38 128.37 53.98 0 0 0 0 0
0 0 0 0 0 0 61.27 250.22 161.23 237.89 305.72 354.6 1094.85 368.75 963.86 271.69 197.87 120.81 50.14 0 0 0 0 0
0 0 0 0 0 0 64.15 272.73 155.57 760.64 978.98 343.89 365.54 357.68 321.59 263.09 191.21 116.24 47.58 0 0 0 0 0
0 0 0 0 0 0 27.52 122.18 113.12 167.86 216.37 515.28 547.88 261.48 481.69 393.63 285.48 172.78 69.73 0 0 0 0 0
0 0 0 0 0 0 42.85 199.39 165.82 246.79 732.3 370.4 905.51 385.39 346.13 649.39 204.46 283.16 48.98 0 0 0 0 0
0 0 0 0 0 0 31.56 90.76 297.52 444.13 574.23 668.14 763.79 695.31 624.12 546.74 367.44 129.44 86.27 0 0 0 0 0
0 0 0 0 0 0 34.38 65.86 345.2 191.33 247.76 288.51 307.04 811.3 269.4 592.68 158.06 254.9 36.34 0 0 0 0 0
0 0 0 0 0 0 16.8 92.4 180.67 130.98 351.98 198 436.69 427.05 184.81 311.42 108.06 132.99 50.37 0 0 0 0 0
0 0 0 0 0 0 27.72 95.82 188.84 484.42 369.67 734.06 861.1 764.35 754.47 612.9 439.58 259.84 87.78 0 0 0 0 0
0 0 0 0 0 0 22.57 71.25 141.58 429.92 559.44 653.09 695.7 680.17 303.23 246.03 353.62 103.54 75.99 0 0 0 0 0
0 0 0 0 0 0 4.88 33.64 67.42 102.25 133.28 155.72 165.94 162.21 145.18 117.65 83.98 49.14 17.61 0 0 0 0 0
0 0 0 0 0 0 30.65 232.51 163.8 715.26 325.45 380.58 405.68 396.53 354.67 823.67 204.4 341.37 119.89 0 0 0 0 0
0 0 0 0 0 0 7.25 61.4 125.23 191.23 250.11 292.74 312.15 305.07 272.7 220.41 156.57 90.63 31.16 0 0 0 0 0
0 0 0 0 0 0 2.39 22.97 47.29 72.46 94.94 111.22 118.63 115.93 103.56 83.6 59.23 34.1 11.47 0 0 0 0 0
0 0 0 0 0 0 1.22 13.63 28.33 43.57 57.19 67.06 71.55 69.91 62.41 50.31 35.56 20.35 6.69 0 0 0 0 0
0 0 0 0 0 0 6.95 170.13 357.06 304.89 724.58 850.39 907.68 886.74 437.7 636.93 448.99 255.51 81.9 0 0 0 0 0
0 0 0 0 0 0 5.28 155.48 329.63 510.62 672.61 790.12 843.64 824.07 734.75 590.72 415.33 234.95 73.37 0 0 0 0 0
0 0 0 0 0 0 5.74 197.16 422.39 463.07 611.11 422.07 767.49 440.31 667.89 760.56 376.01 124.18 64.23 0 0 0 0 0
0 0 0 0 0 0 4.51 78.15 407.45 264.16 840.87 989.64 439.21 428.9 381.9 306.19 515.5 119.64 85.01 0 0 0 0 0
0 0 0 0 0 0 0.77 76.51 167.55 446.96 347.78 409.71 745.54 727.94 647.74 816.5 361.65 316.12 57.46 0 0 0 0 0
0 0 0 0 0 0 0 33.3 73.76 116.04 154.01 181.61 194.19 189.58 168.58 134.77 93.72 51.69 14.31 0 0 0 0 0
0 0 0 0 0 0 0 0.13 0.29 0.46 0.61 0.72 0.77 0.75 0.67 0.53 0.37 0.2 0.05 0 0 0 0 0
0 0 0 0 0 0 0 67.91 154.12 125.9 167.75 384.87 411.84 401.94 356.92 284.51 101.3 107.03 27.57 0 0 0 0 0
0 0 0 0 0 0 0 141.16 324.47 224.96 300.35 355.23 873.69 371.07 756.54 262.09 415.1 97.61 55.51 0 0 0 0 0
0 0 0 0 0 0 0 122.71 296.86 457.26 635.39 752.26 805.57 785.99 696.95 533.3 215.3 115.47 27.38 0 0 0 0 0
0 0 0 0 0 0 0 70.07 165.46 495.08 663.73 786.63 452.54 822.09 728.44 578.04 212.69 210.85 47.72 0 0 0 0 0
0 0 0 0 0 0 0 115.09 275.66 459.89 617.86 733.02 785.57 766.24 678.46 520.04 208.65 110.24 40.39 0 0 0 0 0
0 0 0 0 0 0 0 97.52 237.03 384.32 303.94 360.97 387 377.42 568.49 793.46 306.21 160.51 32.71 0 0 0 0 0
0 0 0 0 0 0 0 98.52 398.37 396.1 875.58 635.4 400.31 664.52 345.11 272.57 184.99 163.77 31.43 0 0 0 0 0
0 0 0 0 0 0 0 9.51 23.86 39.05 52.81 62.85 67.44 65.75 58.09 45.8 30.99 15.98 2.87 0 0 0 0 0
0 0 0 0 0 0 0 202.42 135.73 223.23 865.07 360.46 386.92 377.17 332.95 262.11 176.73 329.43 15.09 0 0 0 0 0
0 0 0 0 0 0 0 62.94 329.97 545.39 366.49 437.16 948.88 457.53 815.78 641.15 430.84 108.05 33.61 0 0 0 0 0
0 0 0 0 0 0 0 101.54 157.5 445.42 614.93 734.33 788.88 768.75 677.58 531.65 356.03 178.86 25.1 0 0 0 0 0
0 0 0 0 0 0 0 99.55 319.9 447.27 358.5 729.65 936.51 764.04 395.26 527.08 420.07 209.1 26.4 0 0 0 0 0
0 0 0 0 0 0 0 76.74 123.69 353.45 493.93 578.62 635.62 619.2 544.9 417.04 283.33 136.74 8.97 0 0 0 0 0
0 0 0 0 0 0 0 91.16 102.46 430.82 237.07 284.08 761.31 741.52 261.7 204.28 135.35 66.09 6.38 0 0 0 0 0
0 0 0 0 0 0 0 76.29 102 173.08 508.98 285.37 307.08 639.89 562.2 438.08 289.19 65.33 5.28 0 0 0 0 0
0 0 0 0 0 0 0 72.2 211.23 360.43 212.29 596.43 274.51 267.28 234.64 426.91 280.77 57.43 8.67 0 0 0 0 0
0 0 0 0 0 0 0 44.71 133.91 105.67 145.94 381.67 189.02 400.19 161.4 272.55 178.57 84.53 1.85 0 0 0 0 0
0 0 0 0 0 0 0 72.26 221.84 224.94 530.23 638.39 404.06 669.55 344.68 267.13 296.81 276.29 4.16 0 0 0 0 0
0 0 0 0 0 0 0 64.41 108.56 352.39 489.18 589.69 635.69 330.95 541.72 224.19 272.43 126.12 0.78 0 0 0 0 0
0 0 0 0 0 0 0 82.29 102.4 178.89 647.96 300.51 324.1 315.35 718.03 554.42 137.94 63.12 0 0 0 0 0 0
0 0 0 0 0 0 0 76.55 255.17 448.56 625.95 756.44 816.18 794.02 694.09 534.92 344.96 155.95 0 0 0 0 0 0
0 0 0 0 0 0 0 70.08 240.83 426.05 596.12 721.31 778.64 757.36 661.47 508.81 326.76 145.9 0 0 0 0 0 0
0 0 0 0 0 0 0 24.16 85.74 152.67 214.2 259.51 280.27 272.56 237.84 182.59 116.77 51.47 0 0 0 0 0 0
0 0 0 0 0 0 0 23.7 87.08 156.08 219.58 266.37 287.81 279.85 243.98 186.94 119.04 51.78 0 0 0 0 0 0
0 0 0 0 0 0 0 50.51 369.08 347.33 287.82 349.61 377.93 625.48 320.03 244.73 155.17 66.58 0 0 0 0 0 0
0 0 0 0 0 0 0 30.19 207.54 377.13 533.53 648.93 701.83 682.16 593.67 453.06 164.86 120.98 0 0 0 0 0 0
0 0 0 0 0 0 0 45.54 88.47 344.3 488.47 279.76 643.73 625.56 255.78 194.81 260.32 51.03 0 0 0 0 0 0
0 0 0 0 0 0 0 5.21 22.51 41.5 59.04 72.01 77.95 75.74 65.79 50.01 31.28 12.84 0 0 0 0 0 0
0 0 0 0 0 0 0 25.85 117.19 101.51 310.56 176.9 410.78 399.04 161.54 122.52 163.56 66.1 0 0 0 0 0 0
0 0 0 0 0 0 0 39.74 111.54 208.7 298.7 621.86 758.11 654.49 638.43 483.22 299.46 119.08 0 0 0 0 0 0
0 0 0 0 0 0 0 38.45 194.42 139.8 200.69 644.45 698.71 258.74 224.13 169.29 104.41 40.82 0 0 0 0 0 0
0 0 0 0 0 0 0 36.4 83.05 157.84 227.29 657.29 302.34 293.53 599.06 451.5 277.11 45.14 0 0 0 0 0 0
0 0 0 0 0 0 0 22.57 129.98 109.86 359.69 441.71 211.47 465.33 177.48 133.48 81.51 69.71 0 0 0 0 0 0
0 0 0 0 0 0 0 15.47 173.99 336.13 487.02 330.7 650.33 631.15 545.17 409.1 137.26 92.01 0 0 0 0 0 0
0 0 0 0 0 0 0 28.32 191.26 372.62 541.6 667 724.62 703.12 606.74 454.3 274.64 99.68 0 0 0 0 0 0
0 0 0 0 0 0 0 14.13 182.62 206.15 523.31 645.4 701.53 680.58 586.71 438.33 263.61 93.73 0 0 0 0 0 0
0 0 0 0 0 0 0 18.1 297.72 296.71 434.05 314.91 583.03 332.18 286.08 363.04 406.14 75.59 0 0 0 0 0 0
0 0 0 0 0 0 0 21.7 85.29 406.74 596.97 309.78 803.47 326.88 281.24 209.16 124.46 100.99 0 0 0 0 0 0
0 0 0 0 0 0 0 9.03 167.07 337.36 496.77 615.38 669.95 649.57 558.31 414.29 245.17 81.54 0 0 0 0 0 0
0 0 0 0 0 0 0 12.06 190.13 319.31 471.77 343.8 374.48 618.01 644.09 476.84 280.63 91.1 0 0 0 0 0 0
0 0 0 0 0 0 0 9.26 88.55 182.26 459.99 697.33 622.88 736.57 517.84 224.67 131.48 70.85 0 0 0 0 0 0
0 0 0 0 0 0 0 4.45 98.11 203.95 303.39 188.94 206.02 398.9 341.83 251.89 146.57 22.61 0 0 0 0 0 0
0 0 0 0 0 0 0 8.99 62.04 485.98 194.47 242.37 264.43 256.18 219.3 161.22 93.27 27.96 0 0 0 0 0 0
0 0 0 0 0 0 0 1.43 49.09 258.54 156.01 194.72 212.56 511.12 176.07 320.57 184.37 21.63 0 0 0 0 0 0
0 0 0 0 0 0 0 0 113.62 143.11 215.13 268.93 293.73 484.27 243.01 302.69 359.58 48.88 0 0 0 0 0 0
0 0 0 0 0 0 0 0 25.28 54.8 82.68 103.51 113.12 109.53 93.47 68.22 38.77 10.61 0 0 0 0 0 0
0 0 0 0 0 0 0 0 151.61 332.32 503.13 630.91 689.85 667.8 569.33 414.54 234.14 61.92 0 0 0 0 0 0
0 0 0 0 0 0 0 0 141.51 313.71 476.68 598.68 654.96 633.91 539.88 392.14 220.12 56.18 0 0 0 0 0 0
0 0 0 0 0 0 0 0 117.48 292.05 401.8 296.88 553.24 593.45 455.47 365.83 184.09 45.25 0 0 0 0 0 0
0 0 0 0 0 0 0 0 101.7 135.56 207.5 445.05 666.97 471.57 235.42 289.69 219.71 37.93 0 0 0 0 0 0
0 0 0 0 0 0 0 0 73.04 292.23 448.97 566.53 620.83 600.51 509.85 367.61 116.23 45.86 0 0 0 0 0 0
0 0 0 0 0 0 0 0 78.95 74.6 115.04 357.8 159.41 379.39 130.76 94.05 126.63 11.15 0 0 0 0 0 0
0 0 0 0 0 0 0 0 97.38 229.3 146.52 449.29 203.48 196.74 166.69 289.7 157.47 13.43 0 0 0 0 0 0
0 0 0 0 0 0 0 0 11.33 27.04 42.01 53.26 58.46 56.51 47.83 34.23 18.48 3.63 0 0 0 0 0 0
0 0 0 0 0 0 0 0 67.54 280.1 436.84 554.72 609.23 588.84 497.87 355.43 190.64 35.46 0 0 0 0 0 0
0 0 0 0 0 0 0 0 100.89 251.69 394.02 501.14 550.69 532.16 441.3 314.27 98.35 29.38 0 0 0 0 0 0
0 0 0 0 0 0 0 0 103.51 111.46 403.89 223.14 245.34 546.54 200.01 327.59 173.35 12.39 0 0 0 0 0 0
0 0 0 0 0 0 0 0 184.65 122.43 193.14 246.42 271.09 261.86 220.73 156.41 82.2 12.66 0 0 0 0 0 0
0 0 0 0 0 0 0 0 99.36 149.03 236 513.41 614.23 593.22 499.53 353.09 169.55 14.25 0 0 0 0 0 0
0 0 0 0 0 0 0 0 93.55 108.06 171.77 493.01 242.12 524.28 196.67 310.98 161.18 9.49 0 0 0 0 0 0
0 0 0 0 0 0 0 0 50.99 134.05 386.25 495.12 545.56 526.71 442.63 172.41 160.25 19.36 0 0 0 0 0 0
0 0 0 0 0 0 0 0 33.15 88.46 141.69 181.9 200.55 193.58 162.52 114.03 58.28 6.39 0 0 0 0 0 0
0 0 0 0 0 0 0 0 102.93 126.08 202.73 576.36 287.53 613.57 232.74 360.21 82.68 17.95 0 0 0 0 0 0
0 0 0 0 0 0 0 0 67.15 108.48 298.07 598.78 423.62 408.76 201.19 140.48 70.8 10.45 0 0 0 0 0 0
0 0 0 0 0 0 0 0 43.62 216.1 197.4 451.51 498.56 480.99 402.64 280.48 140.37 10.56 0 0 0 0 0 0
0 0 0 0 0 0 0 0 82.15 246.78 401.3 518.32 572.64 521.76 256.31 303.25 159.55 10.15 0 0 0 0 0 0
0 0 0 0 0 0 0 0 77.53 252.96 364.83 277.2 521.62 569.32 475.68 291.43 84.48 4.39 0 0 0 0 0 0
0 0 0 0 0 0 0 0 68.76 201.43 530.93 427.46 277.68 455.84 223.52 263.22 129 8.42 0 0 0 0 0 0
0 0 0 0 0 0 0 0 44.36 248.43 217.14 281.68 586.27 565.23 471.41 325.36 158.36 4.54 0 0 0 0 0 0
0 0 0 0 0 0 0 0 61.56 189.46 312.63 406.12 442.01 433.38 361.12 244.5 69.42 2.02 0 0 0 0 0 0
0 0 0 0 0 0 0 0 61.2 188.23 183.09 405.48 671.96 432.83 211.67 145.45 118.88 0.65 0 0 0 0 0 0
0 0 0 0 0 0 0 0 113.82 87.98 146.2 190.45 211.02 203.36 575.92 115.99 55.31 0 0 0 0 0 0 0
0 0 0 0 0 0 0 0 37.37 118.76 198.03 130.77 286.32 275.89 116.09 156.89 74.33 0 0 0 0 0 0 0
0 0 0 0 0 0 0 0 37.58 213.42 357.05 466.31 517.15 498.23 413.78 160.73 132.98 0 0 0 0 0 0 0
0 0 0 0 0 0 0 0 37.88 212.89 357.35 467.28 518.46 499.42 414.44 282.42 132.08 0 0 0 0 0 0 0
0 0 0 0 0 0 0 0 37.05 211.63 356.36 466.56 517.87 498.79 413.61 281.3 130.73 0 0 0 0 0 0 0
0 0 0 0 0 0 0 0 57.67 296.95 498.4 432.99 282.43 463.04 225.37 152.99 120.31 0 0 0 0 0 0 0
0 0 0 0 0 0 0 0 85.2 293.52 134.65 176.69 196.28 189.01 156.51 391.68 48.7 0 0 0 0 0 0 0
0 0 0 0 0 0 0 0 50.97 186.01 316.05 398.16 461.42 444.26 352.53 140.07 108.87 0 0 0 0 0 0 0
0 0 0 0 0 0 0 0 47.46 99.06 168.78 377.89 636.51 404.43 196.45 225.85 60.23 0 0 0 0 0 0 0
0 0 0 0 0 0 0 0 52.42 82.27 140.56 185.04 472.87 455.19 163.71 253.64 49.84 0 0 0 0 0 0 0
0 0 0 0 0 0 0 0 78.69 287.95 160.6 211.63 235.43 226.61 545.5 126 56.61 0 0 0 0 0 0 0
0 0 0 0 0 0 0 0 4.66 17.28 29.67 39.13 43.55 41.91 34.6 23.26 10.4 0 0 0 0 0 0 0
0 0 0 0 0 0 0 0 53.09 225.84 388.69 453.55 296.56 485.87 400.89 304.46 135.49 0 0 0 0 0 0 0
0 0 0 0 0 0 0 0 67.78 106.07 445.31 241.7 641.38 258.97 213.58 143.2 154.44 0 0 0 0 0 0 0
0 0 0 0 0 0 0 0 48.15 196.98 340.44 424.16 501.29 482.36 374.71 147.4 65.05 0 0 0 0 0 0 0
0 0 0 0 0 0 0 0 42.17 305.78 284.75 221.29 419.68 403.81 195.45 130.75 57.49 0 0 0 0 0 0 0
0 0 0 0 0 0 0 0 43.51 304.34 297.45 231.31 257.74 247.98 204.26 136.51 59.81 0 0 0 0 0 0 0
0 0 0 0 0 0 0 0 25.82 197.88 343.76 236.49 507.5 253.57 402.04 268.46 117.26 0 0 0 0 0 0 0
0 0 0 0 0 0 0 0 27.44 188.33 327.63 434.22 484.02 465.65 383.32 255.75 111.41 0 0 0 0 0 0 0
0 0 0 0 0 0 0 0 42.14 170.48 296.95 231.28 257.85 422.3 450.69 300.5 130.59 0 0 0 0 0 0 0
0 0 0 0 0 0 0 0 52.02 211.89 369.47 198.65 221.5 213.08 432.55 116.83 50.67 0 0 0 0 0 0 0
0 0 0 0 0 0 0 0 2.78 11.41 19.91 26.42 29.46 28.34 23.31 15.53 6.72 0 0 0 0 0 0 0
0 0 0 0 0 0 0 0 51.37 211.39 369.19 188.06 209.74 201.77 432.43 110.5 47.78 0 0 0 0 0 0 0
0 0 0 0 0 0 0 0 11.04 45.58 79.64 105.72 117.92 113.43 93.3 62.1 26.83 0 0 0 0 0 0 0
0 0 0 0 0 0 0 0 39.58 163.81 286.34 445.04 424.06 407.94 197.08 223.3 112.86 0 0 0 0 0 0 0
0 0 0 0 0 0 0 0 33.53 66.55 116.35 322.53 359.78 165.77 284.65 189.45 39.17 0 0 0 0 0 0 0
0 0 0 0 0 0 0 0 42.14 102.56 305.26 416.34 464.42 434.96 367.47 244.58 105.6 0 0 0 0 0 0 0
0 0 0 0 0 0 0 0 25.72 181.93 318.01 422.23 470.99 453.11 372.71 248.11 107.19 0 0 0 0 0 0 0
0 0 0 0 0 0 0 0 36.75 159.94 265.05 351.87 413.84 398.15 310.64 121.51 89.46 0 0 0 0 0 0 0
0 0 0 0 0 0 0 0 26.15 192.8 187.83 446.92 498.49 479.61 394.61 262.87 63.5 0 0 0 0 0 0 0
0 0 0 0 0 0 0 0 42.84 103 179.75 406.06 266.02 435.75 474.38 316.17 137.16 0 0 0 0 0 0 0
0 0 0 0 0 0 0 0 42.41 223.81 300.86 234.44 445.09 555.5 352.53 138.1 60.04 0 0 0 0 0 0 0
0 0 0 0 0 0 0 0 38.18 154.28 294.6 390.65 435.6 382.34 184.92 210.1 53.78 0 0 0 0 0 0 0
0 0 0 0 0 0 0 0 40.44 172.38 299.87 373.81 416.77 426.46 330.35 129.61 96.43 0 0 0 0 0 0 0
0 0 0 0 0 0 0 0 38.7 304.1 267.16 207.9 231.76 223.05 312.87 122.86 53.86 0 0 0 0 0 0 0
0 0 0 0 0 0 0 0 52.12 70.36 355.68 161.57 180.08 173.33 416.42 95.61 42.06 0 0 0 0 0 0 0
0 0 0 0 0 0 0 0 33.26 69.05 224.17 296.62 330.54 318.18 262.38 93.74 77.62 0 0 0 0 0 0 0
0 0 0 0 0 0 0 0 51.31 197.49 133.12 176.02 502.78 188.79 155.76 267.85 46.32 0 0 0 0 0 0 0
0 0 0 0 0 0 0 0 40.62 154.43 266.33 592.16 391.97 221.68 182.98 122.89 54.73 0 0 0 0 0 0 0
0 0 0 0 0 0 0 0 38.78 85.5 250.49 330.72 216.32 354.61 438.75 196.96 51.76 0 0 0 0 0 0 0

Horizontal scatter radiation (W/m2)
(3600,0,31536000)
0 0 0 0 0 0 0 0 15.36 60.44 104.82 138.79 222.38 148.89 106.12 82.13 31.24 0 0 0 0 0 0 0
0 0 0 0 0 0 0 0 19.79 85.89 133.4 196.78 219.28 189.35 156.14 104.6 46.19 0 0 0 0 0 0 0
0 0 0 0 0 0 0 0 13.24 100.42 88.09 86.56 96.44 92.84 103.07 136.2 60.39 0 0 0 0 0 0 0
0 0 0 0 0 0 0 0 5.14 19.56 33.74 44.58 49.65 47.8 39.46 26.5 11.8 0 0 0 0 0 0 0
0 0 0 0 0 0 0 0 7.89 29.62 63.18 83.41 92.88 72.16 73.86 49.68 22.23 0 0 0 0 0 0 0
0 0 0 0 0 0 0 0 12.16 30.71 52.73 101.99 77.44 74.57 90.35 145.72 27.36 0 0 0 0 0 0 0
0 0 0 0 0 0 0 0 18.36 67.06 88.03 151.37 168.47 162.26 134.16 69.37 40.9 0 0 0 0 0 0 0
0 0 0 0 0 0 0 0 20.46 57.96 125.79 165.63 184.28 139.73 146.86 99.23 35.49 0 0 0 0 0 0 0
0 0 0 0 0 0 0 0 24.15 61.09 145.92 136.91 213.49 205.68 121.45 82.2 52.66 0 0 0 0 0 0 0
0 0 0 0 0 0 0 0 31.3 74.2 126.07 165.67 271.36 261.47 147.04 99.69 45.81 0 0 0 0 0 0 0
0 0 0 0 0 0 0 0 28.38 97.58 91.16 119.66 241.18 128.17 106.26 130.88 33.37 0 0 0 0 0 0 0
0 0 0 0 0 0 0 0 45.16 69.07 116.66 152.96 169.94 163.79 300.78 92.48 95.2 0 0 0 0 0 0 0
0 0 0 0 0 0 0 0 0.06 0.2 0.34 0.44 0.49 0.47 0.39 0.27 0.12 0 0 0 0 0 0 0
0 0 0 0 0 0 0 0 3.11 10.21 17.13 22.41 24.87 23.98 19.93 13.62 6.41 0 0 0 0 0 0 0
0 0 0 0 0 0 0 0 28.36 91.46 102.53 133.95 148.64 213.91 177.9 121.79 38.69 0 0 0 0 0 0 0
0 0 0 0 0 0 0 0 32.08 67.81 169.75 221.49 163.64 157.82 197.23 90.13 43.01 0 0 0 0 0 0 0
0 0 0 0 0 0 0 0 7.08 22.1 36.73 47.86 53.06 51.18 42.64 29.32 14.09 0.09 0 0 0 0 0 0
0 0 0 0 0 0 0 0 7.63 24.29 40.23 52.35 58.02 55.97 46.67 32.16 15.56 0.28 0 0 0 0 0 0
0 0 0 0 0 0 0 0 7.81 23.61 38.96 50.63 56.09 54.12 45.17 31.19 15.19 0.45 0 0 0 0 0 0
0 0 0 0 0 0 0 0 8.88 28.63 47.08 61.1 67.65 65.29 54.54 37.75 17.08 0.76 0 0 0 0 0 0
0 0 0 0 0 0 0 0 16.52 130.93 79.22 67.37 113.61 71.97 60.17 41.74 20.61 1.08 0 0 0 0 0 0
0 0 0 0 0 0 0 0 8.34 24.01 39.19 50.72 56.1 54.16 45.33 31.52 15.67 1 0 0 0 0 0 0
0 0 0 0 0 0 0 0 8.57 24.3 39.52 51.06 56.46 54.52 45.67 31.83 15.94 1.2 0 0 0 0 0 0
0 0 0 0 0 0 0 0 10.02 30.76 49.84 64.31 71.06 68.63 57.55 36.55 20.27 1.6 0 0 0 0 0 0
0 0 0 0 0 0 0 0 12.36 42.72 68.96 70.64 98.13 75.37 79.56 55.72 28.29 2.21 0 0 0 0 0 0
0 0 0 0 0 0 0 0 29.72 109.91 129.37 239.11 183.72 177.5 214.25 104.69 76.91 5.87 0 0 0 0 0 0
0 0 0 0 0 0 0 0 31.57 113.41 134.86 173.22 208.37 184.69 209.27 147.27 75.83 9.16 0 0 0 0 0 0
0 0 0 0 0 0 0 0 8.91 23.42 37.38 47.94 52.87 51.1 43.02 30.35 15.73 2.08 0 0 0 0 0 0
0 0 0 0 0 0 0 0 29.79 119.28 122.63 111.74 173.07 119.05 100.32 70.95 52.05 11.51 0 0 0 0 0 0
0 0 0 0 0 0 0 0 21.08 148.35 85.21 71.25 120.01 75.89 64.02 45.38 23.86 3.67 0 0 0 0 0 0
0 0 0 0 0 0 0 0 32.19 120.24 127.84 120.47 179.68 128.27 146.72 104.28 55.19 13.47 0 0 0 0 0 0
0 0 0 0 0 0 0 0 28.3 70.24 87.15 140.73 305.52 149.79 99.93 90.2 48.06 16.6 0 0 0 0 0 0
0 0 0 0 0 0 0 0 15.42 44.06 69 87.81 96.57 93.43 79.05 48.4 30.29 4.82 0 0 0 0 0 0
0 0 0 0 0 0 0 0 14.25 39.2 61.17 77.72 85.42 82.66 61.48 50.13 27.07 5.3 0 0 0 0 0 0
0 0 0 0 0 0 0 0 37.47 87.08 135.36 176.23 287.75 187.38 158.86 169.47 92.12 18.97 0 0 0 0 0 0
0 0 0 0 0 0 0 0 44.07 103.78 160.7 203.55 223.49 216.34 183.61 132.11 72.28 15.61 0 0 0 0 0 0
0 0 0 0 0 0 0 0 31.83 152.44 114.19 297.4 158.47 128.24 130.35 94.02 43.27 9.77 0 0 0 0 0 0
0 0 0 0 0 0 0 0 16.83 38.66 72.87 92.01 82.29 97.72 83.11 60.09 27.15 7.84 0 0 0 0 0 0
0 0 0 0 0 0 0 0 13.53 30.7 47.01 59.26 64.95 62.91 53.56 38.82 21.65 5.3 0 0 0 0 0 0
0 0 0 0 0 0 0 0 17.66 44.55 67.98 85.56 93.74 90.81 77.39 56.23 31.55 7.13 0 0 0 0 0 0
0 0 0 0 0 0 0 0 63.43 144.72 220.01 276.48 294.18 285.05 250.23 182.25 100 26.35 0 0 0 0 0 0
0 0 0 0 0 0 0 0 19.54 48.75 73.85 92.66 101.4 98.27 83.92 61.27 34.8 9.48 0 0 0 0 0 0
0 0 0 0 0 0 0 0 62.04 134.52 203.03 254.36 216.34 269.66 179.26 131.18 74.97 27.12 0 0 0 0 0 0
0 0 0 0 0 0 0 0 98.39 165.91 249.51 312.11 341.17 315.87 283.02 207.61 119.35 44.03 0 0 0 0 0 0
0 0 0 0 0 0 0 0.22 21.62 39.75 68.76 74.4 93.83 90.98 77.93 57.3 33.13 9.89 0 0 0 0 0 0
0 0 0 0 0 0 0 0.46 15.98 33.57 50.13 62.51 68.25 66.2 56.76 41.83 24.33 7.47 0 0 0 0 0 0
0 0 0 0 0 0 0 0.91 22.4 46.58 69.33 86.32 94.2 91.38 78.43 51.5 33.88 9.49 0 0 0 0 0 0
0 0 0 0 0 0 0 2.68 31.11 89.49 249.67 165.02 128.82 124.99 107.38 111.08 46.76 15.12 0 0 0 0 0 0
0 0 0 0 0 0 0 3.07 39.8 81.15 119.95 148.9 162.31 157.51 135.45 100.52 59.44 19.69 0 0 0 0 0 0
0 0 0 0 0 0 0 3.96 90.04 86.74 267.9 158.39 127.64 123.89 144.17 79.32 63.76 45.31 0 0 0 0 0 0
0 0 0 0 0 0 0 3.74 99.32 70.08 65.62 81.21 88.44 85.85 73.97 55.14 32.96 11.42 0 0 0 0 0 0
0 0 0 0 0 0 0 9.35 79.4 157.45 224.29 284.77 301.67 292.9 259.52 193.89 113.41 40.15 0 0 0 0 0 0
0 0 0 0 0 0 0 28.86 69.35 136.32 198.86 245.4 266.93 259.22 223.78 167.56 101.21 103.95 0 0 0 0 0 0
0 0 0 0 0 0 0 2.96 20.83 40.59 59.03 72.73 79.08 76.8 66.37 49.8 30.24 11.14 0 0 0 0 0 0
0 0 0 0 0 0 0 13.12 97.27 187.94 227.93 335.18 304.75 296.04 306.02 230.14 140.42 52.74 0 0 0 0 0 0
0 0 0 0 0 0 0 12.81 73.69 99.76 204.03 177.1 272.26 186.88 229.02 172.59 105.83 28.6 0 0 0 0 0 0
0 0 0 0 0 0 0 4.81 29.22 49.09 80 98.15 106.54 103.53 89.71 67.75 41.75 16.25 0 0 0 0 0 0
0 0 0 0 0 0 0 8.02 115.42 76.34 69.88 85.62 92.89 90.29 78.31 59.27 36.69 14.53 0 0 0 0 0 0
0 0 0 0 0 0 0 6.37 39.05 56.88 81.43 128 138.8 134.93 117.14 69.15 43.01 22.24 0 0 0 0 0 0
0 0 0 0 0 0 0 26.61 82.33 223.73 218.24 390.18 288.98 280.97 244.15 271.5 115.94 47.4 0 0 0 0 0 0
0 0 0 0 0 0 0 10.46 30.28 83.15 320.26 144.38 104.99 102.1 132.28 67.62 42.45 17.62 0 0 0 0 0 0
0 0 0 0 0 0 0 12.22 50.41 61.19 86.84 105.8 114.55 111.41 96.99 74 70.34 68.45 0 0 0 0 0 0
0 0 0 0 0 0 0 7.99 38.57 70.07 81.25 98.86 130.57 127.01 110.66 84.6 53.58 22.89 0 0 0 0 0 0
0 0 0 0 0 0 0 29.28 111.36 200.94 245.89 344.54 323.18 362.56 274.2 210.04 133.61 57.88 0 0 0 0 0 0
0 0 0 0 0 0 0 7.93 34.6 62.01 87.25 88.94 114.47 93.56 97.22 74.62 47.67 20.92 0 0 0 0 0 0
0 0 0 0 0 0 0 10.47 37.08 83.9 92.62 142.69 154.18 150.05 103.13 100.8 64.66 28.75 0 0 0 0 0 0
0 0 0 0 0 0 0 33.78 81.9 144.85 286.7 245.35 374.79 257.93 225.51 245.74 158.29 50.39 0 0 0 0 0 0
0 0 0 0 0 0 0 19.63 46.83 114.72 299.57 193.55 149.87 145.9 177.99 98.55 63.74 29.05 0 0 0 0 0 0
0 0 0 0 0 0 0 17.47 133.84 98.56 91.33 110.26 118.97 174 101.45 78.45 50.94 23.49 0.11 0 0 0 0 0
0 0 0 0 0 0 0 28.67 90.11 128.58 217.14 261.82 282.38 226.06 241.02 186.73 121.73 56.77 1.09 0 0 0 0 0
0 0 0 0 0 0 0 20.41 50.01 86.29 119.49 143.9 193.86 439.02 385.12 298.91 84.13 31.74 1.31 0 0 0 0 0
0 0 0 0 0 0 0 48.23 99.62 170.87 235.99 283.85 305.84 430.82 378.24 203.38 193.19 63.67 5.36 0 0 0 0 0
0 0 0 0 0 0 0 42.48 88.3 150.58 207.45 249.22 376.72 367.02 322.48 178.97 118 79.76 4.24 0 0 0 0 0
0 0 0 0 0 0 0 9.95 28.38 48.14 66.15 79.37 85.44 83.26 73.21 57.13 37.8 18.39 1.66 0 0 0 0 0
0 0 0 0 0 0 0 54.97 89.59 258.82 207.13 248.24 267.11 260.31 392.4 306.72 118.92 58.42 6.18 0 0 0 0 0
0 0 0 0 0 0 0 23.66 64.71 257.97 148.44 133.13 143.19 186.27 389.9 128.45 64.15 42.46 3.83 0 0 0 0 0
0 0 0 0 0 0 0 12.95 39.23 65.46 89.31 94.5 114.8 111.91 98.64 77.36 51.74 25.9 3.49 0 0 0 0 0
0 0 0 0 0 0 0 22.58 39.56 65.67 89.38 106.74 114.7 167.99 407.9 116.41 52.01 26.27 3.9 0 0 0 0 0
0 0 0 0 0 0 0 57.86 149.54 195.33 265.24 316.4 339.85 331.38 369.86 291.04 195.99 99.88 16.15 0 0 0 0 0
0 0 0 0 0 0 0 18.26 60.68 76.22 135.1 160.97 172.83 128.84 113.82 117.36 79.29 40.76 7.11 0 0 0 0 0
0 0 0 0 0 0 0 66.04 165.01 235.07 317.76 378.19 405.88 450.65 349.99 317.13 187.3 97.07 18.14 0 0 0 0 0
0 0 0 0 0 0 0 42.48 104.44 169.96 229.24 272.53 292.36 199.65 176.64 199.51 94.98 70.89 9.87 0 0 0 0 0
0 0 0 0 0 0 0 63.66 122.06 197.69 266.06 399.03 338.81 417.45 369.6 231.76 158.12 83.27 17.52 0 0 0 0 0
0 0 0 0 0 0 0 14.15 35.46 57.17 76.77 91.07 97.61 95.25 84.39 66.93 45.81 24.31 5.39 0 0 0 0 0
0 0 0 0 0 0 0 44.92 147.36 236.51 316.93 269.28 288.51 281.55 348.17 276.57 136.13 108.92 29.13 0 0 0 0 0
0 0 0 0 0 0 0 15.15 38.35 61.28 81.94 97 95.22 101.4 89.97 71.57 49.28 26.54 6.45 0 0 0 0 0
0 0 0 0 0 0 0 77.79 112.27 178.6 378.05 447.05 301.72 294.52 261.5 208.35 228.23 78.06 31.37 0 0 0 0 0
0 0 0 0 0 0 0 95.1 136.59 216.37 288.15 340.39 364.26 548.73 315.96 396.71 174.62 95.39 25.11 0 0 0 0 0
0 0 0 0 0 0 0 62.26 138.98 244.15 324.49 382.93 367.83 399.95 319.32 255.16 177.23 108.55 29.62 0 0 0 0 0
0 0 0 0 0 0 0 15.64 35.65 56 74.28 87.57 93.63 91.43 81.35 65.1 45.34 25.11 7.09 0 0 0 0 0
0 0 0 0 0 0 0 0 0 0 0 0 0 0 0 0 0 0 0 0 0 0 0 0
0 0 0 0 0 0 2.54 81.38 133.2 207.6 274.29 425.09 344.83 336.81 395.23 240.78 222.15 124.58 37.39 0 0 0 0 0
0 0 0 0 0 0 2.66 84.91 116.99 181.63 239.52 435.77 300.71 454.67 261.86 325.7 228.75 83.39 39.85 0 0 0 0 0
0 0 0 0 0 0 2.48 25.35 53.5 82.74 108.9 127.88 136.54 133.4 118.99 95.75 67.43 57.61 40.89 0 0 0 0 0
0 0 0 0 0 0 3.93 42.75 101.2 137.61 204.86 414.01 256.52 221.2 223.72 310.52 219.24 72.68 40.71 0 0 0 0 0
0 0 0 0 0 0 2.18 26.08 53.95 82.82 108.61 110.42 135.83 132.73 118.55 95.65 67.7 38.88 12.95 0 0 0 0 0
0 0 0 0 0 0 6.78 61 124.99 191.19 250.28 293.08 312.58 305.49 273.02 220.56 156.52 90.4 30.8 0 0 0 0 0
0 0 0 0 0 0 1.88 15 30.45 46.41 60.64 70.95 75.64 73.94 66.12 53.48 38.05 22.1 7.69 0 0 0 0 0
0 0 0 0 0 0 2.8 20.14 45.23 61.54 89.62 104.76 111.65 109.15 97.66 70.86 56.41 32.93 11.71 0 0 0 0 0
0 0 0 0 0 0 6.99 95.96 91.64 115.05 180.66 440.63 224.78 182.25 196.76 333.25 114.07 55.52 24.27 0 0 0 0 0
0 0 0 0 0 0 4.13 30.3 59.92 90.41 117.54 137.14 120.63 117.95 127.95 103.89 74.44 43.91 16.22 0 0 0 0 0
0 0 0 0 0 0 8.72 42.01 82.4 123.92 160.83 219.59 471.41 228.63 413.21 335.92 119.66 60.57 26.69 0 0 0 0 0
0 0 0 0 0 0 10.81 52.31 111.3 269.51 349.21 251.82 432.94 262.13 214.98 191.36 125.96 82.07 28.72 0 0 0 0 0
0 0 0 0 0 0 29.87 149.07 151.23 225.99 292.35 340.25 362.03 354.09 317.76 481.83 355.54 111.84 43.52 0 0 0 0 0
0 0 0 0 0 0 22.13 93.66 179.47 298.88 386.02 401.57 427.13 417.81 419.37 306.08 221.32 133.11 52.62 0 0 0 0 0
0 0 0 0 0 0 9.18 108.04 78.61 116.75 97.56 113.36 120.54 117.92 105.94 86.53 62.71 37.89 15.21 0 0 0 0 0
0 0 0 0 0 0 11.62 99.56 94.42 95.55 123.03 142.84 222.19 217.39 133.53 109.19 79.3 70.43 19.6 0 0 0 0 0
0 0 0 0 0 0 14.98 102.63 192.5 171.25 220.16 423.89 271.4 440.77 238.84 324.53 236.17 86.74 54.06 0 0 0 0 0
0 0 0 0 0 0 17.13 68 126.69 186.53 239.44 277.55 294.85 288.54 259.65 212.79 155.18 95 39.77 0 0 0 0 0
0 0 0 0 0 0 19.41 107.45 137.54 291.98 258.84 299.8 460.36 450.56 280.55 230.18 243.19 149.5 63.4 0 0 0 0 0
0 0 0 0 0 0 7.45 31.62 58.15 74.26 108.97 126.12 133.9 131.06 118.06 96.96 70.99 43.82 16.41 0 0 0 0 0
0 0 0 0 0 0 18.98 93.85 124.35 250.46 232.09 370.22 284.88 258.33 251.33 191.43 151.6 129.59 40.83 0 0 0 0 0
0 0 0 0 0 0 39.24 136.54 248.03 220.38 461.06 325.06 344.92 337.67 304.48 250.6 184.19 187.85 82.59 0 0 0 0 0
0 0 0 0 0 0 10.35 52.83 63.24 91.87 176.65 204 143.45 140.45 126.7 157.47 115.97 48.01 32.2 0 0 0 0 0
0 0 0 0 0 0 19.34 110.13 114.4 286.54 211 420.9 446.36 252.84 231.39 190.83 138.86 150.47 67.62 0 0 0 0 0
0 0 0 0 0 0 58.66 109.57 195.67 282.82 359.51 414.58 502.16 430.42 388.68 320.87 237.16 149.21 67.76 1.07 0 0 0 0
0 0 0 0 0 0 35.24 110.71 196.62 283.5 359.6 414.76 439.61 430.53 388.62 321.13 237.99 150.27 68.92 1.73 0 0 0 0
0 0 0 0 0 0 24.26 108.61 131.58 263.58 239.98 276.36 403.42 395.12 357.14 214.43 219.11 138.83 64.29 2.62 0 0 0 0
0 0 0 0 0 0 22.08 49.4 116.61 124.61 211.91 379.01 258.35 188.43 228.84 141.07 104.81 89.49 65.02 3.62 0 0 0 0
0 0 0 0 0 0 9.13 31.05 54.3 77.76 85.16 113.1 103.72 117.34 106.16 87.97 65.47 41.76 19.7 1.38 0 0 0 0
0 0 0 0 0 0 79.86 99.76 173.63 248.06 313.36 570.82 381.33 373.59 338.14 280.45 209.08 133.8 63.66 5.33 0 0 0 0
0 0 0 0 0 0 23 65.25 113.04 161.14 203.31 233.53 247.2 242.2 219.31 182.06 101.95 87.27 31.4 4.05 0 0 0 0
0 0 0 0 0 0 24.83 112.8 119.41 276.71 214.08 286.67 260.06 254.82 376.03 312.43 233.67 92.37 44.69 7.97 0 0 0 0
0 0 0 0 0 0 22.12 126.54 217.24 308.38 186.1 220.95 225.88 461.73 418.45 166.81 260.65 80.7 82.09 4.78 0 0 0 0
0 0 0 0 0 0 4.48 12.1 20.69 29.31 36.86 42.26 44.7 43.8 39.71 33.05 24.8 16.06 7.89 1.05 0 0 0 0
0 0 0 0 0 0 8.2 21.82 37.14 52.51 65.95 75.57 79.92 78.33 71.04 59.18 44.46 28.88 14.29 2.06 0 0 0 0
0 0 0 0 0 0 10.36 30.64 51.94 73.3 91.97 105.32 111.35 109.15 87.8 82.56 55.07 40.47 20.17 2.77 0 0 0 0
0 0 0 0 0 0 24.77 116.31 196.4 152.35 177.95 218.56 419.46 226.47 205.57 171.5 129.22 78.66 42.36 12.71 0 0 0 0
0 0 0 0 0 0 31.39 110.38 134.78 261.01 326.83 373.86 286.81 387.34 351.73 213.18 240.53 105.35 94.02 9.32 0 0 0 0
0 0 0 0 0 0 7.33 18.48 30.97 43.46 54.36 62.15 65.67 64.38 58.48 48.87 36.92 24.24 12.33 2.28 0 0 0 0
0 0 0 0 0 0 10.82 29.21 44.99 68.32 85.37 97.55 103.06 101.04 91.82 76.78 58.09 38.24 19.56 3.79 0 0 0 0
0 0 0 0 0 0 13.43 41.05 55.02 95.51 119.24 136.19 115.87 141.04 128.22 107.29 65.47 43.2 27.6 5.59 0 0 0 0
0 0 0 0 0 0 12.07 29.39 48.74 68.04 84.87 96.88 102.31 100.32 91.23 76.4 57.94 38.33 19.84 4.18 0 0 0 0
0 0 0 0 0 0 23.96 45.49 95.46 104.78 165.8 412.92 199.73 195.87 178.18 117.59 113.38 164.08 39.12 6.75 0 0 0 0
0 0 0 0 0 0 34.62 82.63 136.13 189.44 235.88 269 283.96 278.49 253.42 212.5 161.56 107.36 56.17 12.74 0 0 0 0
0 0 0 0 0 0 29.92 70.74 116.17 161.42 200.81 228.91 241.59 236.95 215.69 180.98 137.76 91.74 48.25 11.3 0 0 0 0
0 0 0 0 0 0 38.05 59.18 96.9 202.48 251.69 286.77 200.92 296.82 270.27 150.67 114.82 76.62 60.99 9.77 0 0 0 0
0 0 0 0 0 0 65.87 97.74 159.58 221.09 274.6 489.38 329.95 323.65 294.8 387.56 188.94 197.71 67.1 16.65 0 0 0 0
0 0 0 0 0 0 1.97 4.54 7.39 10.23 12.69 14.45 15.24 14.95 13.62 11.45 8.75 5.86 3.13 0.8 0 0 0 0
0 0 0 0 0 0 4.44 10.14 16.47 22.76 28.22 32.11 33.87 33.23 30.28 25.47 19.47 13.07 7 1.83 0 0 0 0
0 0 0 0 0 0 10.07 22.83 36.97 51.01 63.21 71.9 75.82 74.39 67.81 57.07 43.67 29.37 15.81 4.22 0 0 0 0
0 0 0 0 0 0 46.1 87.06 167.61 193.82 286.02 325.21 342.9 282.31 257.44 258.33 166.04 133.32 60.45 19.66 0 0 0 0
0 0 0 0 0 0 34.99 109.35 126.03 242.55 214.66 219.02 230.9 252.38 230.21 271.17 148.7 140.32 54.44 21.19 0 0 0 0
0 0 0 0 0 0.03 9.27 20.58 33.09 45.49 56.26 63.92 67.37 66.11 60.32 50.84 39.02 26.38 14.36 4.07 0 0 0 0
0 0 0 0 0 0.13 9.7 21.41 34.35 47.17 58.29 66.2 69.77 68.47 62.48 52.7 40.47 27.4 14.98 4.32 0 0 0 0
0 0 0 0 0 0.11 4.63 10.16 16.27 22.32 27.57 31.3 32.98 32.37 29.55 24.93 19.16 12.99 7.13 2.09 0 0 0 0
0 0 0 0 0 0.33 9.97 21.75 34.75 47.61 58.77 66.7 70.28 68.98 62.98 53.16 40.9 27.77 15.28 4.56 0 0 0 0
0 0 0 0 0 0.27 6.62 14.36 22.9 31.35 38.68 43.89 46.23 45.38 41.44 35 26.94 18.32 10.11 3.06 0 0 0 0
0 0 0 0 0 0.77 15.55 39.4 62.71 85.77 105.74 119.95 107.61 124.02 113.28 95.71 73.74 50.22 23.67 8.52 0 0 0 0
0 0 0 0 0 2.01 58.86 114.85 119.03 282.67 348.34 395.03 239.4 408.4 373.12 181.44 243.15 95.39 92.04 28.58 0 0 0 0
0 0 0 0 0 1.6 24.68 52.76 83.68 114.24 140.71 159.53 168.01 164.92 150.7 127.42 98.31 67.12 37.36 11.74 0 0 0 0
0 0 0 0 0 0.86 12.34 25.33 41.57 56.7 69.81 79.12 83.32 81.79 74.75 63.23 48.82 33.36 18.62 5.92 0 0 0 0
0 0 0 0 0 2.21 59.38 125.86 94.49 87.89 158.48 122.56 129.05 126.69 115.81 97.99 110.91 51.79 42.46 9.3 0 0 0 0
0 0 0 0 0 3.5 41.47 87.55 138.23 188.26 231.57 262.35 276.23 271.17 247.92 209.84 162.2 111.1 62.3 20.2 0 0 0 0
0 0 0 0 0 2.95 58.86 68.76 195.25 147.55 326.74 205.49 389.63 212.38 167.15 141.52 127.17 75.04 42.17 13.8 0 0 0 0
0 0 0 0 0 1.68 17.58 48.15 58.05 103.13 126.76 143.54 115.7 148.35 103.88 114.91 88.91 46.72 26.3 11.33 0 0 0 0
0 0 0 0 0 3.83 78.06 79.94 178.7 170.91 298.45 237.76 250.27 245.71 319.42 270.6 147.39 101.24 57.11 26.98 0 0 0 0
0 0 0 0 0 4.64 33.05 68.89 145.01 197 241.96 273.91 288.31 211.27 193.27 219.42 169.94 87.19 49.27 22.1 0 0 0 0
0 0 0 0 0 1.17 10.76 22.38 35.12 47.69 58.56 66.28 69.75 68.49 62.66 53.11 41.15 28.31 16.02 5.4 0 0 0 0
0 0 0 0 0 0.76 6.71 13.91 21.81 29.6 36.34 41.12 43.28 42.49 38.88 32.96 25.55 17.59 9.97 3.38 0 0 0 0
0 0 0 0 0 3.2 19.11 56.98 61.95 84.04 103.14 168.17 409.42 173.77 110.36 93.58 104.55 49.98 28.36 13.93 0 0 0 0
0 0 0 0 0 0.66 5.5 11.36 17.79 24.13 29.6 33.49 35.25 34.61 31.67 26.86 20.83 14.36 8.16 2.79 0 0 0 0
0 0 0 0 0 1.27 10.43 21.51 33.65 45.62 55.97 63.31 66.62 65.42 59.87 50.79 39.4 27.17 15.45 5.31 0 0 0 0
0 0 0 0 0 1.97 18.72 38.53 60.25 81.64 100.14 95.78 119.19 117.03 90.58 90.88 70.52 48.65 27.7 9.56 0 0 0 0
0 0 0 0 0 1.51 11.94 24.55 38.36 51.97 63.74 72.09 75.85 74.48 68.18 57.85 44.9 30.99 17.66 6.11 0 0 0 0
0 0 0 0 0 1.76 15.45 31.73 49.57 67.14 82.32 93.1 97.96 96.2 78.51 66.62 58.01 40.05 22.84 7.93 0 0 0 0
0 0 0 0 0 4.54 63.22 72 112.44 152.26 324.99 367.54 222.14 218.14 347.65 169.47 131.58 158.17 90.25 18.04 0 0 0 0
0 0 0 0 0 6.07 46.57 68.72 107.28 201.87 247.49 279.87 294.47 208.08 190.5 224.67 174.47 86.71 49.49 17.25 0 0 0 0
0 0 0 0 0 6.72 48.18 98.73 154.12 222.05 255.8 307.82 323.88 298.88 291.19 232.23 191.92 132.57 71.13 26.42 0 0 0 0
0 0 0 0 0 7.29 53.97 113.6 172.58 233.65 286.42 332.74 340.78 334.64 314.76 267.15 201.96 143.33 81.86 28.59 0 0 0 0
0 0 0 0 0 1.95 16.7 34.21 53.4 72.29 88.62 88.99 105.44 103.54 94.8 80.46 62.49 43.17 24.66 7.65 0 0 0 0
0 0 0 0 0 1.49 11.36 23.28 36.34 49.2 60.32 68.21 71.76 70.47 64.52 54.76 42.53 29.38 16.78 5.86 0 0 0 0
0 0 0 0 0 3.61 63.78 56.61 204.1 119.65 99.76 112.82 118.7 171.39 106.72 133.18 70.34 48.59 27.74 14.23 0 0 0 0
0 0 0 0 0 3.95 21.65 44.41 69.34 132.01 115.12 183.04 136.99 189.13 345.83 146.95 81.17 56.06 32 15.68 0 0 0 0
0 0 0 0 0 5.02 44.75 91.85 125.1 241.53 207.75 334.94 247.23 346.09 222.27 216.31 146.46 144.16 82.25 20.07 0 0 0 0
0 0 0 0 0 8.2 36.8 75.61 207.2 280.69 196.25 389.31 233.56 229.36 209.97 178.17 242.6 95.48 54.45 18.9 0 0 0 0
0 0 0 0 0 3.68 29.37 124.62 94.46 87.23 106.98 177.57 127.34 125.05 167.97 97.12 75.39 52.02 43.5 10.26 0 0 0 0
0 0 0 0 0 1.51 12.68 26.11 40.85 55.36 67.91 76.82 80.84 79.39 72.67 61.65 47.84 33 18.79 6.48 0 0 0 0
0 0 0 0 0 3.62 22.33 46.08 72.12 131.67 332.75 182.77 142.83 140.26 172.88 302.04 113.77 58.25 33.14 11.39 0 0 0 0
0 0 0 0 0 8.08 68.71 142.04 175.56 238.11 292.21 419 347.96 341.69 312.72 265.22 260.69 179.66 80.56 27.57 0 0 0 0
0 0 0 0 0 4.91 42.9 88.88 139.32 189.05 232.05 262.6 276.38 271.39 248.36 210.6 163.3 112.48 63.83 21.74 0 0 0 0
0 0 0 0 0 4.06 39.02 81.02 119.45 162.16 211.86 225.35 368.29 232.9 213.12 280.55 217.46 149.69 84.84 18.51 0 0 0 0
0 0 0 0 0 0.72 6.77 14.08 22.12 30.04 36.9 41.77 43.96 43.17 39.5 33.48 25.94 17.84 10.1 3.4 0 0 0 0
0 0 0 0 0 1.37 14.7 30.69 43.68 65.56 72.93 91.2 96 94.26 86.24 73.08 56.6 38.91 21.98 7.36 0 0 0 0
0 0 0 0 0 6.11 39.8 83.32 131.12 279.38 219.11 248.12 261.22 401.9 234.62 198.77 241.12 165.61 93.41 31.04 0 0 0 0
0 0 0 0 0 5.92 63.74 75.95 119.67 162.83 200.18 399.67 238.71 413.16 214.37 181.56 247.66 96.41 54.28 17.9 0 0 0 0
0 0 0 0 0 2.74 56.55 66.05 74.95 141.87 125.51 142.19 208.14 146.99 134.42 158.24 122.38 151.4 85.07 27.82 0 0 0 0
0 0 0 0 0 0.23 2.81 5.95 9.39 12.8 15.75 17.84 18.79 18.45 16.87 14.28 11.04 7.56 4.24 1.37 0 0 0 0
0 0 0 0 0 5.61 74.35 106.77 168.93 340.61 283.53 321.36 338.43 332.26 449.16 257.04 198.57 200.92 76.01 24.4 0 0 0 0
0 0 0 0 0 2.96 42.94 91.56 145.08 171.22 210.85 276.41 291.13 285.81 261.24 220.99 147.55 116.62 56.28 20.68 0 0 0 0
0 0 0 0 0 1.91 30.87 60.09 104.94 273.01 176.59 381.43 210.94 394.44 189.25 145.43 112.22 84.3 42.65 14.74 0 0 0 0
0 0 0 0 0 1.56 28.83 62.03 98.62 134.81 166.18 188.5 198.58 194.94 178.12 150.56 116.09 79.16 43.95 13.65 0 0 0 0
0 0 0 0 0 1.54 33.22 71.85 114.44 156.58 193.11 219.11 230.86 226.62 207.02 174.92 134.78 91.79 50.81 15.58 0 0 0 0
0 0 0 0 0 1.15 30.21 65.66 104.78 143.5 177.09 200.99 211.79 207.89 189.87 160.36 123.48 83.98 46.35 14.02 0 0 0 0
0 0 0 0 0 0.86 57.56 125.82 201.18 275.81 176.11 157 165.46 162.41 148.3 159.44 237.21 83.32 88.65 26.43 0 0 0 0
0 0 0 0 0 0.2 10.22 22.47 36 49.4 61.04 69.32 73.06 71.71 65.47 55.24 42.47 28.8 15.8 4.64 0 0 0 0
0 0 0 0 0 0.26 19.52 60.31 69.31 95.22 164.47 133.74 140.98 193.31 363.47 148.82 114.31 77.41 42.31 8.75 0 0 0 0
0 0 0 0 0 0 57.42 127.79 205.65 168.67 208.65 397.68 250.01 245.36 223.89 316.54 144.86 97.94 89.45 15.14 0 0 0 0
0 0 0 0 0 0 10.54 23.62 38.1 52.46 64.94 73.83 77.85 76.4 69.7 58.73 45.03 30.4 16.49 4.6 0 0 0 0
0 0 0 0 0 0 3.72 8.4 13.58 18.72 23.19 26.38 27.82 27.3 24.9 20.97 16.06 10.82 5.85 1.6 0 0 0 0
0 0 0 0 0 0 4.37 9.94 16.12 22.25 27.58 31.38 33.1 32.48 29.61 24.92 19.08 12.83 6.91 1.85 0 0 0 0
0 0 0 0 0 0 9.81 22.46 36.49 50.45 62.58 71.23 75.14 73.73 67.21 56.54 43.23 29.03 15.56 4.07 0 0 0 0
0 0 0 0 0 0 16.89 38.98 89.6 87.93 109.16 124.3 184.97 128.67 165.39 139.05 106.21 71.18 37.99 6.87 0 0 0 0
0 0 0 0 0 0 30.4 70.77 115.65 160.3 199.16 226.88 239.42 234.89 213.99 179.81 137.2 91.76 48.76 12.13 0 0 0 0
0 0 0 0 0 0 10.37 25.04 41.04 56.97 70.84 80.73 85.21 83.6 76.13 63.93 48.73 32.53 17.2 4.16 0 0 0 0
0 0 0 0 0 0 40.93 79.75 131.09 221.63 275.81 258.58 331.97 325.66 243.8 248.83 155.78 126.19 66.41 12.83 0 0 0 0
0 0 0 0 0 0 34.97 83.65 137.93 192.03 239.17 272.83 288.06 282.57 257.18 215.69 164.03 109.03 57.08 12.99 0 0 0 0
0 0 0 0 0 0 44.7 82.97 137.24 191.37 238.56 354.44 287.52 367.13 334.04 279.97 163.35 108.34 73.45 16.16 0 0 0 0
0 0 0 0 0 0 26.4 64.46 106.97 149.4 186.41 212.84 224.81 220.49 200.55 167.97 127.43 84.33 43.68 9.26 0 0 0 0
0 0 0 0 0 0 23.82 123.79 97.87 136.92 164.21 195.34 206.37 426.21 184.02 154.02 245.77 77.05 38.11 8.08 0 0 0 0
0 0 0 0 0 0 29 105.84 120.96 215.49 211.9 402.7 255.9 417.28 379.27 317.22 240.06 158.1 48.69 9.5 0 0 0 0
0 0 0 0 0 0 44.43 105.88 177.54 249.23 311.84 356.61 399.54 391.78 335.79 280.64 224.85 147.72 75.18 13.2 0 0 0 0
0 0 0 0 0 0 59.73 152.75 153.55 361.55 270.45 309.44 547.66 320.72 291.3 243.28 183.62 120.32 60.85 10.76 0 0 0 0
0 0 0 0 0 0 30.03 103.88 131.43 281.79 232.15 265.75 375.21 367.87 250.12 208.72 210.08 137.31 68.99 11.53 0 0 0 0
0 0 0 0 0 0 27.88 73.2 179.01 175.25 336.87 385.85 266.4 400.03 237.03 197.65 227.86 148.53 48.4 14.25 0 0 0 0
0 0 0 0 0 0 27.8 107.5 126.08 218.71 224 415.95 439.96 431.29 391.28 326.01 245.03 159.28 78.95 7.14 0 0 0 0
0 0 0 0 0 0 22.99 117.03 200.12 150.54 356.63 408.94 229.69 181.18 164.3 136.78 102.65 82.69 32.74 5.51 0 0 0 0
0 0 0 0 0 0 6.15 16.88 28.99 41.16 51.82 59.45 62.91 61.66 55.9 46.5 34.84 22.52 11 1.37 0 0 0 0
0 0 0 0 0 0 8.38 23.37 40.31 57.35 72.29 82.99 87.84 86.09 78 64.83 48.51 31.26 15.15 1.7 0 0 0 0
0 0 0 0 0 0 41.84 103.64 179.57 256.01 370.13 371.12 392.9 441.13 348.73 331.78 216.34 138.99 66.83 6.68 0 0 0 0
0 0 0 0 0 0 7.56 21.85 38.03 54.34 68.65 78.91 83.56 81.88 74.13 61.5 45.87 29.38 14.01 1.22 0 0 0 0
0 0 0 0 0 0 9.31 30.59 53.49 76.6 96.88 111.43 118.03 115.65 104.65 86.75 57.89 41.24 19.5 1.43 0 0 0 0
0 0 0 0 0 0 19.46 58.42 101.43 147.33 186.57 429.59 455.14 445.9 201.6 164.96 124.12 78.04 37.02 4.41 0 0 0 0
0 0 0 0 0 0 8.19 26.94 47.57 68.43 86.76 99.92 105.89 103.73 93.78 77.6 57.59 36.53 16.96 0.76 0 0 0 0
0 0 0 0 0 0 23.94 95.31 169.21 243.94 309.69 280.9 378.32 291.65 370.67 217.87 205.09 102.02 46.93 1.77 0 0 0 0
0 0 0 0 0 0 41.96 89.12 159.06 229.86 292.18 336.95 539.17 349.91 316.06 393.91 193.04 183.49 55.38 0.76 0 0 0 0
0 0 0 0 0 0 28.36 93.17 145.09 242.2 267.5 308.7 377.28 369.48 289.47 275.21 176.31 127.51 57.49 0 0 0 0 0
0 0 0 0 0 0 20.04 56.23 121.87 256.84 327.33 260.47 230.04 225.26 203.28 201.25 215.21 134.57 60.03 0 0 0 0 0
0 0 0 0 0 0 25.8 82.87 150.4 218.96 279.42 348.16 369.45 335.5 326.27 268.64 197.59 114.16 54.31 0 0 0 0 0
0 0 0 0 0 0 37.38 84.49 154.25 355.05 453.71 332.72 353.16 345.75 311.69 256.37 296.8 116.79 50.95 0 0 0 0 0
0 0 0 0 0 0 18.19 66.89 122.85 179.79 230.06 266.25 282.68 276.73 249.34 204.87 150.11 92.79 40.01 0 0 0 0 0
0 0 0 0 0 0 20.01 76.02 140.49 206.14 264.16 305.94 324.91 318.03 286.41 235.08 171.9 105.83 45.07 0 0 0 0 0
0 0 0 0 0 0 23.07 90.75 170.86 248.36 322.62 369.39 397.22 388.76 345.68 283.43 209.38 128.37 53.98 0 0 0 0 0
0 0 0 0 0 0 29.79 121.67 161.23 237.89 305.72 354.6 532.37 368.75 468.68 271.69 197.87 120.81 50.14 0 0 0 0 0
0 0 0 0 0 0 32.94 140.05 155.57 390.58 502.7 343.89 365.54 357.68 321.59 263.09 191.21 116.24 47.58 0 0 0 0 0
0 0 0 0 0 0 17.24 76.56 113.12 167.86 216.37 322.88 343.3 261.48 301.83 246.65 178.88 108.27 43.69 0 0 0 0 0
0 0 0 0 0 0 19.81 92.2 165.82 246.79 338.6 370.4 418.69 385.39 346.13 300.27 204.46 130.93 48.98 0 0 0 0 0
0 0 0 0 0 0 10.91 90.76 102.85 153.53 198.5 230.96 178.83 240.35 215.75 128.01 127.02 129.44 29.82 0 0 0 0 0
0 0 0 0 0 0 20.45 65.86 205.31 191.33 247.76 288.51 307.04 482.53 269.4 352.5 158.06 151.6 36.34 0 0 0 0 0
0 0 0 0 0 0 12.01 66.05 129.14 130.98 251.58 198 312.13 305.24 184.81 222.59 108.06 95.06 36 0 0 0 0 0
0 0 0 0 0 0 7.79 95.82 188.84 136.17 369.67 206.34 162.23 214.86 142.14 115.47 82.81 48.95 24.68 0 0 0 0 0
0 0 0 0 0 0 11.06 71.25 141.58 210.66 274.12 320.01 340.89 333.28 303.23 246.03 173.27 103.54 37.23 0 0 0 0 0
0 0 0 0 0 0 4.88 33.64 67.42 102.25 133.28 155.72 165.94 162.21 145.18 117.65 83.98 49.14 17.61 0 0 0 0 0
0 0 0 0 0 0 14.18 107.55 163.8 330.86 325.45 380.58 405.68 396.53 354.67 381 204.4 157.91 55.46 0 0 0 0 0
0 0 0 0 0 0 7.25 61.4 125.23 191.23 250.11 292.74 312.15 305.07 272.7 220.41 156.57 90.63 31.16 0 0 0 0 0
0 0 0 0 0 0 2.39 22.97 47.29 72.46 94.94 111.22 118.63 115.93 103.56 83.6 59.23 34.1 11.47 0 0 0 0 0
0 0 0 0 0 0 1.22 13.63 28.33 43.57 57.19 67.06 71.55 69.91 62.41 50.31 35.56 20.35 6.69 0 0 0 0 0
0 0 0 0 0 0 1.49 23.14 48.56 65.24 98.55 115.66 123.46 120.61 93.66 86.63 61.07 34.75 11.14 0 0 0 0 0
0 0 0 0 0 0 1.05 19.24 40.78 63.17 83.21 97.75 104.37 101.95 90.9 73.08 51.38 29.07 9.08 0 0 0 0 0
0 0 0 0 0 0 1.75 40.95 87.73 141.62 186.89 422.07 234.71 440.31 204.25 157.96 114.99 124.18 19.64 0 0 0 0 0
0 0 0 0 0 0 1.73 78.15 156.03 264.16 322.01 378.98 439.21 428.9 381.9 306.19 197.41 119.64 32.55 0 0 0 0 0
0 0 0 0 0 0 0.26 76.51 167.55 149.18 347.78 409.71 248.83 242.96 216.19 184.13 120.7 71.29 19.18 0 0 0 0 0
0 0 0 0 0 0 0 33.3 73.76 116.04 154.01 181.61 194.19 189.58 168.58 134.77 93.72 51.69 14.31 0 0 0 0 0
0 0 0 0 0 0 0 0.13 0.29 0.46 0.61 0.72 0.77 0.75 0.67 0.53 0.37 0.2 0.05 0 0 0 0 0
0 0 0 0 0 0 0 47.42 107.62 125.9 167.75 268.74 287.57 280.66 249.23 198.67 101.3 74.73 19.25 0 0 0 0 0
0 0 0 0 0 0 0 66.72 153.37 224.96 300.35 355.23 412.98 371.07 357.6 262.09 196.21 97.61 26.24 0 0 0 0 0
0 0 0 0 0 0 0 31.59 50.44 117.7 107.96 127.81 136.87 133.55 118.42 137.28 215.3 115.47 27.38 0 0 0 0 0
0 0 0 0 0 0 0 19.79 46.72 93.76 125.7 148.97 127.78 155.69 137.95 109.47 60.06 39.93 9.04 0 0 0 0 0
0 0 0 0 0 0 0 30.57 73.23 81.09 108.95 129.25 138.52 135.11 119.63 138.14 208.65 110.24 10.73 0 0 0 0 0
0 0 0 0 0 0 0 43.02 104.57 169.56 303.94 360.97 387 377.42 250.81 251.99 135.09 70.82 14.43 0 0 0 0 0
0 0 0 0 0 0 0 39.35 110.59 158.22 243.07 253.81 400.31 265.44 345.11 272.57 184.99 65.41 12.55 0 0 0 0 0
0 0 0 0 0 0 0 9.51 23.86 39.05 52.81 62.85 67.44 65.75 58.09 45.8 30.99 15.98 2.87 0 0 0 0 0
0 0 0 0 0 0 0 95.69 135.73 223.23 408.97 360.46 386.92 377.17 332.95 262.11 176.73 155.74 15.09 0 0 0 0 0
0 0 0 0 0 0 0 16.03 55.38 91.54 93.37 111.38 159.27 116.57 136.93 107.61 72.31 27.53 5.64 0 0 0 0 0
0 0 0 0 0 0 0 22.38 157.5 98.19 86.74 103.58 111.28 108.44 95.58 74.99 50.22 25.23 3.54 0 0 0 0 0
0 0 0 0 0 0 0 23.31 48.53 104.71 358.5 170.82 142.09 178.87 395.26 123.39 63.73 31.72 4 0 0 0 0 0
0 0 0 0 0 0 0 30.26 123.69 139.36 134.88 228.14 173.58 169.09 148.8 164.43 77.37 53.91 8.97 0 0 0 0 0
0 0 0 0 0 0 0 50.28 102.46 237.63 237.07 284.08 419.93 409.01 261.7 204.28 135.35 66.09 6.38 0 0 0 0 0
0 0 0 0 0 0 0 40.08 102 173.08 267.39 285.37 307.08 336.16 295.35 230.14 151.92 65.33 5.28 0 0 0 0 0
0 0 0 0 0 0 0 42.81 125.25 213.73 212.29 353.67 274.51 267.28 234.64 253.15 166.49 57.43 5.14 0 0 0 0 0
0 0 0 0 0 0 0 32.35 96.9 105.67 145.94 276.19 189.02 289.59 161.4 197.22 129.22 61.17 1.85 0 0 0 0 0
0 0 0 0 0 0 0 24.98 76.69 224.94 183.3 220.69 404.06 231.46 344.68 267.13 102.6 64.69 1.44 0 0 0 0 0
0 0 0 0 0 0 0 29.13 108.56 159.39 221.27 266.73 287.54 330.95 245.03 224.19 123.23 57.04 0.78 0 0 0 0 0
0 0 0 0 0 0 0 41.34 102.4 178.89 325.52 300.51 324.1 315.35 360.71 278.52 137.94 63.12 0 0 0 0 0 0
0 0 0 0 0 0 0 6.18 20.59 36.19 50.5 61.03 65.85 64.06 56 43.16 27.83 12.58 0 0 0 0 0 0
0 0 0 0 0 0 0 7.08 24.35 43.07 60.27 72.92 78.72 76.57 66.87 51.44 33.04 14.75 0 0 0 0 0 0
0 0 0 0 0 0 0 24.16 85.74 152.67 214.2 259.51 280.27 272.56 237.84 182.59 116.77 51.47 0 0 0 0 0 0
0 0 0 0 0 0 0 23.7 87.08 156.08 219.58 266.37 287.81 279.85 243.98 186.94 119.04 51.78 0 0 0 0 0 0
0 0 0 0 0 0 0 20.41 104.01 140.37 287.82 349.61 377.93 252.78 320.03 244.73 155.17 66.58 0 0 0 0 0 0
0 0 0 0 0 0 0 7.38 33.14 60.22 85.2 103.62 112.07 108.93 94.8 72.35 40.28 19.32 0 0 0 0 0 0
0 0 0 0 0 0 0 22.13 88.47 167.34 237.41 279.76 312.87 304.04 255.78 194.81 126.52 51.03 0 0 0 0 0 0
0 0 0 0 0 0 0 5.21 22.51 41.5 59.04 72.01 77.95 75.74 65.79 50.01 31.28 12.84 0 0 0 0 0 0
0 0 0 0 0 0 0 17.9 81.16 101.51 215.06 176.9 284.47 276.34 161.54 122.52 113.26 45.78 0 0 0 0 0 0
0 0 0 0 0 0 0 10.37 111.54 208.7 298.7 162.25 130.88 170.76 110.22 83.42 51.7 20.56 0 0 0 0 0 0
0 0 0 0 0 0 0 21.88 110.62 139.8 200.69 366.68 397.55 258.74 224.13 169.29 104.41 40.82 0 0 0 0 0 0
0 0 0 0 0 0 0 17.53 83.05 157.84 227.29 316.51 302.34 293.53 288.47 217.41 133.44 45.14 0 0 0 0 0 0
0 0 0 0 0 0 0 14.71 84.74 109.86 234.5 287.98 211.47 303.38 177.48 133.48 81.51 45.44 0 0 0 0 0 0
0 0 0 0 0 0 0 4.79 36.64 70.78 102.56 102.36 136.95 132.91 114.8 86.15 42.49 19.38 0 0 0 0 0 0
0 0 0 0 0 0 0 2.56 17.26 33.62 48.87 60.19 65.39 63.45 54.75 41 24.78 8.99 0 0 0 0 0 0
0 0 0 0 0 0 0 2.78 22.36 40.53 64.08 79.03 85.91 83.34 71.85 53.68 32.28 11.48 0 0 0 0 0 0
0 0 0 0 0 0 0 6.68 75.01 109.46 160.13 314.91 215.09 332.18 286.08 133.93 102.33 27.89 0 0 0 0 0 0
0 0 0 0 0 0 0 8.79 85.29 164.77 241.83 309.78 325.48 326.88 281.24 209.16 124.46 40.91 0 0 0 0 0 0
0 0 0 0 0 0 0 1.7 19.37 39.12 57.6 71.36 77.68 75.32 64.74 48.04 28.43 9.46 0 0 0 0 0 0
0 0 0 0 0 0 0 3.08 31.94 81.41 120.28 343.8 374.48 157.57 108.2 80.11 47.14 15.3 0 0 0 0 0 0
0 0 0 0 0 0 0 2.43 88.55 182.26 120.72 121.22 163.47 128.04 135.91 224.67 131.48 18.59 0 0 0 0 0 0
0 0 0 0 0 0 0 2.75 60.57 125.92 187.31 188.94 206.02 246.28 211.04 155.51 90.49 22.61 0 0 0 0 0 0
0 0 0 0 0 0 0 5.02 62.04 271.01 194.47 242.37 264.43 256.18 219.3 161.22 93.27 27.96 0 0 0 0 0 0
0 0 0 0 0 0 0 0.89 49.09 161.3 156.01 194.72 212.56 318.88 176.07 200 115.03 21.63 0 0 0 0 0 0
0 0 0 0 0 0 0 0 53.08 143.11 215.13 268.93 293.73 226.23 243.01 141.41 124.36 22.84 0 0 0 0 0 0
0 0 0 0 0 0 0 0 25.28 54.8 82.68 103.51 113.12 109.53 93.47 68.22 38.77 10.61 0 0 0 0 0 0
0 0 0 0 0 0 0 0 10.38 22.74 34.44 43.18 47.21 45.71 38.97 28.37 16.02 4.24 0 0 0 0 0 0
0 0 0 0 0 0 0 0 12.73 28.22 42.88 53.86 58.92 57.03 48.57 35.28 19.8 5.05 0 0 0 0 0 0
0 0 0 0 0 0 0 0 33.76 56.45 115.46 296.88 158.98 114.7 130.89 70.71 52.9 13 0 0 0 0 0 0
0 0 0 0 0 0 0 0 42.24 135.56 207.5 184.86 194.85 195.88 235.42 120.33 64.19 15.76 0 0 0 0 0 0
0 0 0 0 0 0 0 0 14.57 36.43 55.97 70.63 77.4 74.87 63.56 45.83 23.18 5.72 0 0 0 0 0 0
0 0 0 0 0 0 0 0 55.68 74.6 115.04 252.36 159.41 267.59 130.76 94.05 89.32 11.15 0 0 0 0 0 0
0 0 0 0 0 0 0 0 59.24 139.51 146.52 273.35 203.48 196.74 166.69 176.26 95.81 13.43 0 0 0 0 0 0
0 0 0 0 0 0 0 0 11.33 27.04 42.01 53.26 58.46 56.51 47.83 34.23 18.48 3.63 0 0 0 0 0 0
0 0 0 0 0 0 0 0 11.71 29.23 45.59 57.89 63.58 61.45 51.96 37.09 19.9 3.7 0 0 0 0 0 0
0 0 0 0 0 0 0 0 25.07 41.01 64.21 81.66 89.74 86.72 109.67 78.1 98.35 7.3 0 0 0 0 0 0
0 0 0 0 0 0 0 0 50.25 111.46 196.09 223.14 245.34 265.35 200.01 159.05 84.16 12.39 0 0 0 0 0 0
0 0 0 0 0 0 0 0 88.49 122.43 193.14 246.42 271.09 261.86 220.73 156.41 82.2 12.66 0 0 0 0 0 0
0 0 0 0 0 0 0 0 21.69 149.03 236 112.09 85.62 82.69 69.63 49.22 37.01 14.25 0 0 0 0 0 0
0 0 0 0 0 0 0 0 44.38 108.06 171.77 233.89 242.12 248.72 196.67 147.53 76.47 9.49 0 0 0 0 0 0
0 0 0 0 0 0 0 0 14.09 37.03 71.31 91.41 100.73 97.25 81.72 47.63 29.59 3.58 0 0 0 0 0 0
0 0 0 0 0 0 0 0 33.15 88.46 141.69 181.9 200.55 193.58 162.52 114.03 58.28 6.39 0 0 0 0 0 0
0 0 0 0 0 0 0 0 37.29 126.08 202.73 208.81 287.53 222.29 232.74 130.5 82.68 6.5 0 0 0 0 0 0
0 0 0 0 0 0 0 0 29.61 108.48 131.43 190.01 186.79 180.24 201.19 140.48 70.8 4.61 0 0 0 0 0 0
0 0 0 0 0 0 0 0 13.18 44.28 59.66 92.52 102.16 98.56 82.5 57.47 28.76 2.16 0 0 0 0 0 0
0 0 0 0 0 0 0 0 16.82 31.79 51.7 66.78 73.78 106.85 256.31 62.1 20.56 1.31 0 0 0 0 0 0
0 0 0 0 0 0 0 0 18.15 38.38 85.41 277.2 122.11 86.37 72.17 68.23 84.48 4.39 0 0 0 0 0 0
0 0 0 0 0 0 0 0 21.93 64.25 115.73 136.35 277.68 145.41 223.52 83.97 41.15 1.83 0 0 0 0 0 0
0 0 0 0 0 0 0 0 9.96 35.83 48.75 63.24 84.56 81.53 68 46.93 22.84 0.66 0 0 0 0 0 0
0 0 0 0 0 0 0 0 20.01 42.2 69.63 90.45 143.69 96.52 80.43 79.48 69.42 0.66 0 0 0 0 0 0
0 0 0 0 0 0 0 0 21.95 67.5 183.09 145.41 163.88 155.21 211.67 145.45 42.63 0.23 0 0 0 0 0 0
0 0 0 0 0 0 0 0 62.57 87.98 146.2 190.45 211.02 203.36 316.59 115.99 55.31 0 0 0 0 0 0 0
0 0 0 0 0 0 0 0 24.75 78.66 131.17 130.77 189.65 182.74 116.09 103.92 49.23 0 0 0 0 0 0 0
0 0 0 0 0 0 0 0 8.26 30 50.18 65.54 72.69 70.03 58.16 35.33 18.69 0 0 0 0 0 0 0
0 0 0 0 0 0 0 0 6.97 23.96 40.22 52.6 58.36 56.21 46.65 31.79 14.87 0 0 0 0 0 0 0
0 0 0 0 0 0 0 0 6.69 23.28 39.2 51.32 56.97 54.87 45.5 30.94 14.38 0 0 0 0 0 0 0
0 0 0 0 0 0 0 0 15.92 54.76 91.91 119.5 282.43 127.79 225.37 152.99 33.2 0 0 0 0 0 0 0
0 0 0 0 0 0 0 0 48.22 166.14 134.65 176.69 196.28 189.01 156.51 221.7 48.7 0 0 0 0 0 0 0
0 0 0 0 0 0 0 0 14.7 36.11 61.36 114.85 89.57 86.24 101.69 140.07 31.4 0 0 0 0 0 0 0
0 0 0 0 0 0 0 0 17.76 99.06 168.78 141.38 163.04 151.31 196.45 84.5 60.23 0 0 0 0 0 0 0
0 0 0 0 0 0 0 0 26.04 82.27 140.56 185.04 234.89 226.11 163.71 125.99 49.84 0 0 0 0 0 0 0
0 0 0 0 0 0 0 0 36.05 131.89 160.6 211.63 235.43 226.61 249.86 126 56.61 0 0 0 0 0 0 0
0 0 0 0 0 0 0 0 4.66 17.28 29.67 39.13 43.55 41.91 34.6 23.26 10.4 0 0 0 0 0 0 0
0 0 0 0 0 0 0 0 9.92 25.95 44.66 84.78 296.56 90.82 74.94 34.98 15.57 0 0 0 0 0 0 0
0 0 0 0 0 0 0 0 21.63 106.07 142.11 241.7 204.68 258.97 213.58 143.2 49.29 0 0 0 0 0 0 0
0 0 0 0 0 0 0 0 10.76 28.24 48.8 94.75 71.86 69.15 83.71 147.4 65.05 0 0 0 0 0 0 0
0 0 0 0 0 0 0 0 15.26 75.36 103.06 221.29 151.89 146.15 195.45 130.75 57.49 0 0 0 0 0 0 0
0 0 0 0 0 0 0 0 16.46 78.99 112.52 231.31 257.74 247.98 204.26 136.51 59.81 0 0 0 0 0 0 0
0 0 0 0 0 0 0 0 7.33 37.72 65.53 67.15 96.75 72 76.64 51.18 22.35 0 0 0 0 0 0 0
0 0 0 0 0 0 0 0 5.15 21.76 37.86 50.18 55.94 53.81 44.3 29.56 12.87 0 0 0 0 0 0 0
0 0 0 0 0 0 0 0 12.49 50.54 88.04 231.28 257.85 125.2 90.32 60.22 26.17 0 0 0 0 0 0 0
0 0 0 0 0 0 0 0 24.15 98.37 171.53 198.65 221.5 213.08 200.81 116.83 50.67 0 0 0 0 0 0 0
0 0 0 0 0 0 0 0 2.78 11.41 19.91 26.42 29.46 28.34 23.31 15.53 6.72 0 0 0 0 0 0 0
0 0 0 0 0 0 0 0 24.56 101.06 176.5 188.06 209.74 201.77 206.73 110.5 47.78 0 0 0 0 0 0 0
0 0 0 0 0 0 0 0 11.04 45.58 79.64 105.72 117.92 113.43 93.3 62.1 26.83 0 0 0 0 0 0 0
0 0 0 0 0 0 0 0 11.56 47.85 83.64 87.66 123.87 119.16 197.08 65.23 22.23 0 0 0 0 0 0 0
0 0 0 0 0 0 0 0 18.8 66.55 116.35 180.78 201.66 165.77 159.55 106.18 39.17 0 0 0 0 0 0 0
0 0 0 0 0 0 0 0 9.87 102.56 71.52 63.23 70.53 101.91 55.81 37.14 16.04 0 0 0 0 0 0 0
0 0 0 0 0 0 0 0 5.2 23.07 40.32 53.54 59.72 57.45 47.26 31.46 13.59 0 0 0 0 0 0 0
0 0 0 0 0 0 0 0 13.08 38.66 94.31 125.2 100.04 96.25 110.53 121.51 31.83 0 0 0 0 0 0 0
0 0 0 0 0 0 0 0 5.67 26.65 40.72 61.77 68.9 66.29 54.54 36.33 13.77 0 0 0 0 0 0 0
0 0 0 0 0 0 0 0 11.81 103 179.75 111.99 266.02 120.18 87.41 58.25 25.27 0 0 0 0 0 0 0
0 0 0 0 0 0 0 0 11.88 42.02 84.32 234.44 124.74 104.29 98.8 138.1 60.04 0 0 0 0 0 0 0
0 0 0 0 0 0 0 0 13.9 56.16 73.08 96.91 108.06 139.17 184.92 76.47 53.78 0 0 0 0 0 0 0
0 0 0 0 0 0 0 0 12.43 36.01 62.64 114.89 128.09 89.08 101.53 129.61 29.64 0 0 0 0 0 0 0
0 0 0 0 0 0 0 0 17.01 96.04 117.41 207.9 231.76 223.05 137.5 122.86 53.86 0 0 0 0 0 0 0
0 0 0 0 0 0 0 0 30.26 70.36 206.54 161.57 180.08 173.33 241.82 95.61 42.06 0 0 0 0 0 0 0
0 0 0 0 0 0 0 0 17.69 69.05 119.24 157.77 175.81 169.24 139.56 93.74 41.29 0 0 0 0 0 0 0
0 0 0 0 0 0 0 0 27.19 104.65 133.12 176.02 266.42 188.79 155.76 141.93 46.32 0 0 0 0 0 0 0
0 0 0 0 0 0 0 0 17.34 65.93 113.71 179.58 167.35 221.68 182.98 122.89 54.73 0 0 0 0 0 0 0
0 0 0 0 0 0 0 0 17.58 85.5 113.58 149.96 216.32 160.8 145.03 89.31 51.76 0 0 0 0 0 0 0

Sky temp. (K)
(3600,0,31536000)
244.25 242.59 240.59 238.57 236.85 235.76 235.6 236.69 239.23 243.3 248.32 253.53 258.18 261.62 263.23 262.56 260 256.2 251.8 247.51 244.03 241.98 241.14 241.12
239.95 240.36 240.36 239.66 238.56 237.51 236.95 237.32 239 242.19 246.39 250.91 255.06 258.26 259.98 259.89 258.31 255.76 252.64 249.38 246.47 244.34 243.09 242.51
239.34 239.46 239.56 239.47 239.24 239.1 239.16 239.62 240.62 242.25 244.24 246.23 247.88 248.83 248.75 247.52 245.45 242.85 240.04 237.33 235.09 233.74 233.12 232.89
231.6 231.31 230.65 229.34 227.6 225.93 224.9 225.07 227 230.95 236.21 241.82 246.91 250.63 252.18 251.25 248.5 244.38 239.62 234.99 231.33 229.31 228.71 229.04
230.8 231.56 231.81 231.24 230.17 229.1 228.54 229 230.84 234.38 239.12 244.26 249.07 252.78 254.78 254.7 252.91 249.93 246.32 242.56 239.22 236.76 235.1 234
231.77 231.13 230.31 229.15 227.88 226.9 226.64 227.54 230.04 234.47 240.16 246.17 251.63 255.67 257.51 256.71 253.99 249.86 245.03 240.22 236.17 233.46 232.02 231.52
249.25 249.47 249.68 249.68 249.59 249.6 249.91 250.71 252.01 254.14 256.89 259.84 262.6 264.77 265.95 265.88 264.8 262.99 260.71 258.27 255.95 253.99 252.43 251.25
245.29 244.79 244.62 244.76 245.25 246.15 247.52 249.43 251.82 254.76 257.98 261.04 263.53 265.04 265.21 263.74 260.96 257.38 253.5 249.81 246.86 245.02 244.21 244.17
249.57 250.29 251.05 251.66 252.2 252.77 253.52 254.55 255.86 257.67 259.81 261.99 263.92 265.31 265.88 265.43 264.19 262.42 260.4 258.37 256.62 255.35 254.52 253.99
249.07 248.77 248.41 247.94 247.49 247.26 247.46 248.3 249.95 252.52 255.61 258.76 261.48 263.33 263.85 262.76 260.35 257.07 253.4 249.78 246.75 244.84 243.96 243.82
248.95 249.37 249.71 249.76 249.68 249.7 250.04 250.93 252.45 254.86 257.92 261.16 264.15 266.45 267.64 267.45 266.16 264.12 261.67 259.2 257.06 255.54 254.6 254.1
250.51 250.47 250.47 250.41 250.36 250.44 250.75 251.42 252.54 254.17 256.11 258.09 259.87 261.17 261.75 261.45 260.46 259.01 257.38 255.81 254.57 253.86 253.59 253.61
257.01 257.17 257.19 256.97 256.62 256.26 256.03 256.06 256.5 257.42 258.67 260.03 261.28 262.24 262.71 262.56 261.91 260.91 259.75 258.62 257.67 257 256.58 256.36
256.26 256.17 255.99 255.67 255.27 254.88 254.56 254.4 254.47 254.8 255.31 255.85 256.29 256.5 256.35 255.75 254.78 253.58 252.27 250.99 249.87 249.01 248.4 248.01
245.28 245.22 245.27 245.42 245.7 246.2 246.96 248.05 249.44 251.24 253.27 255.24 256.86 257.84 257.9 256.89 255.05 252.71 250.24 247.99 246.31 245.48 245.35 245.66
248.74 249.2 249.38 249.1 248.55 247.95 247.58 247.67 248.48 250.15 252.43 254.96 257.4 259.4 260.59 260.72 259.94 258.49 256.64 254.64 252.77 251.23 250 249.01
232.65 231.88 231.07 230.17 229.34 228.79 228.72 229.35 230.77 233.22 236.39 239.72 242.7 244.78 245.48 244.47 242.18 239.19 235.94 232.89 230.49 229.08 228.46 228.35
228.49 228.51 228.16 227.28 226.15 225.2 224.84 225.49 227.51 231.04 235.5 240.17 244.39 247.49 248.86 248.07 245.54 241.9 237.76 233.77 230.62 228.83 228.19 228.25
229.06 229.15 228.58 227.06 225.04 223.19 222.15 222.62 225.12 230.15 236.85 244.02 250.51 255.31 257.46 256.35 252.5 246.85 240.4 234.27 229.67 227.51 227.37 228.39
229.62 230.36 230.43 229.72 228.63 227.65 227.26 227.93 230.13 234.06 239.08 244.37 249.17 252.73 254.34 253.57 250.94 247.04 242.54 238.13 234.56 232.39 231.41 231.16
231.47 231.33 230.59 228.97 226.95 225.18 224.33 225.05 227.67 232.77 239.58 246.83 253.36 258.1 260.03 258.49 254.28 248.38 241.81 235.66 231.1 229.05 229.12 230.6
230.96 233.01 234.23 234.15 233.15 231.8 230.67 230.31 230.59 232.97 237.29 242.44 247.46 251.41 253.43 252.95 250.57 247.08 243.06 239.14 235.96 234.03 233.29 233.35
234.23 234.44 234.06 232.76 230.94 229.14 227.91 227.82 229.42 233.12 238.05 243.26 247.99 251.51 253.09 252.22 249.32 245.08 240.16 235.26 231.15 228.42 226.9 226.21
226.48 226.3 225.79 224.73 223.48 222.61 222.64 224.14 226.85 231.72 238.24 245.16 251.36 255.81 257.49 255.88 251.89 246.24 239.87 233.74 228.88 226.12 225.16 225.41
226.07 226.85 226.98 226.06 224.58 223.22 222.71 223.75 227.03 232.68 239.75 247.05 253.49 258.01 259.58 257.81 253.69 247.89 241.29 234.85 229.67 226.65 225.53 225.73
229.57 230.48 230.89 230.4 229.38 228.4 228.01 228.76 230.81 234.87 240.42 246.44 251.98 256.14 258.05 257.2 254.28 249.99 245.02 240.19 236.29 233.95 232.96 232.9
234.37 234.85 234.95 234.39 233.47 232.65 232.38 233.11 235 238.52 243.22 248.24 252.78 256.09 257.42 256.34 253.38 249.16 244.33 239.6 235.71 233.25 232.06 231.77
228.46 228.87 229.04 228.7 228.21 228.03 228.67 230.58 233.65 238.66 245.02 251.58 257.26 261.05 261.95 259.47 254.65 248.25 241.26 234.67 229.63 226.99 226.44 227.31
231.6 233.14 234.04 233.86 232.98 232.01 231.56 232.23 234.49 238.86 244.66 250.82 256.34 260.29 261.73 260.19 256.39 251.12 245.26 239.71 235.53 233.49 233.13 233.85
235.47 236.96 238.09 238.5 238.48 238.48 238.95 240.32 243.03 247.27 252.39 257.6 262.11 265.17 266.09 264.14 259.82 253.99 247.51 241.3 236.31 233.38 232.23 232.35
233.43 234.37 234.88 234.58 233.81 233.07 232.9 233.82 236.07 240.33 246.06 252.26 258.06 262.57 265 264.78 262.36 258.41 253.61 248.57 243.94 240.3 237.63 235.79
230.88 229.85 228.75 227.32 225.86 224.8 224.59 225.66 228.4 232.87 238.33 243.95 248.92 252.45 253.82 252.52 249.07 244.21 238.71 233.39 229.11 226.56 225.49 225.41
226.49 226.8 226.52 225.34 223.69 222.21 221.54 222.3 224.94 229.87 236.33 243.21 249.46 254.11 256.21 255.23 251.9 246.96 241.28 235.72 231.27 228.67 227.7 227.83
227.67 228.34 228.46 227.66 226.36 225.2 224.78 225.74 228.34 233.19 239.6 246.42 252.59 257.09 259 257.69 253.82 248.33 242.11 236.09 231.35 228.68 227.77 228.03
229.51 230.24 230.32 229.37 227.83 226.35 225.58 226.18 228.2 232.52 238.61 245.26 251.4 256 258.07 257.1 253.94 249.23 243.84 238.61 234.59 232.52 232.17 232.99
248.41 249.76 250.76 251.08 250.91 250.6 250.46 250.83 251.9 254.01 256.88 259.97 262.75 264.72 265.33 264.3 261.99 258.86 255.38 252.04 249.31 247.55 246.63 246.27
234.33 234.28 233.93 233.09 232.11 231.48 231.69 233.21 235.4 239.72 245.84 252.59 258.85 263.56 265.7 264.74 261.62 257.07 251.95 247.14 243.57 241.96 241.93 242.83
242.81 243.55 243.21 241.33 238.44 235.3 232.68 231.39 232.23 235.76 241.2 247.4 253.32 257.95 260.31 259.86 257.31 253.24 248.41 243.62 239.66 237.21 236.03 235.67
233.46 233.36 232.68 231.11 229.09 227.25 226.26 226.79 229.4 234.55 241.31 248.44 254.79 259.29 260.94 259.24 255.16 249.29 242.62 236.15 231.01 228.09 227.09 227.38
229.39 230.27 230.49 229.62 228.14 226.75 226.15 227.05 229.97 235.31 242.22 249.52 256.09 260.9 262.93 261.57 257.47 251.59 244.91 238.43 233.3 230.41 229.47 229.83
232.26 233.24 233.59 232.9 231.62 230.41 229.93 230.85 233.25 238.07 244.66 251.73 258.13 262.72 264.47 262.8 258.72 252.97 246.54 240.43 235.73 233.3 232.78 233.5
232.98 234.09 234.33 233.27 231.42 229.57 228.47 228.91 230.99 235.95 243.07 250.88 258.05 263.36 265.63 264.17 259.92 253.79 246.83 240.14 234.9 232.05 231.27 231.98
243.34 244.8 245.92 246.3 246.2 246.03 246.21 247.16 249.01 252.26 256.46 260.88 264.78 267.43 268.14 266.47 263.04 258.56 253.74 249.32 246.01 244.42 244.25 245.06
238.55 239.98 240.96 241.14 240.83 240.46 240.49 241.37 243.1 246.5 251.06 255.92 260.22 263.13 263.83 261.91 258.13 253.07 247.45 242.03 237.57 234.75 233.38 233.08
230.67 231.35 231.89 232.02 231.95 232.04 232.66 233.5 235.07 238.66 243.65 248.94 253.6 256.96 258.31 257.19 254.04 249.55 244.4 239.32 235.09 232.36 230.92 230.36
230.31 230.14 229.48 228.08 226.33 224.84 224.2 224.91 227.74 233.25 240.43 247.95 254.62 259.33 260.99 259.06 254.64 248.42 241.42 234.69 229.42 226.54 225.74 226.31
227.61 228.78 229.2 228.43 226.98 225.6 225.06 226.2 229.79 236.06 243.93 252.08 259.28 264.37 266.23 264.18 259.17 252.2 244.38 236.85 230.91 227.59 226.56 227.11
230.56 231.98 232.79 232.54 231.64 230.73 230.44 231.34 234.16 239.35 246.04 253.07 259.36 263.89 265.65 264.1 260.13 254.45 247.98 241.65 236.42 233.13 231.61 231.47
247.36 248.33 249.52 250.65 251.73 252.8 253.91 255.05 256.3 257.75 259.28 260.75 261.98 262.84 263.15 262.82 262 260.82 259.47 258.08 256.81 255.79 254.97 254.28
238.75 238.01 237.14 236.11 235.2 234.76 235.13 236.49 239.21 243.63 249.1 254.69 259.58 262.97 264.08 262.36 258.44 253.18 247.33 241.71 237.17 234.39 233.13 232.91
232.7 233.09 233.03 232.2 231.01 230.07 229.99 231.32 234.72 240.52 247.72 255.11 261.54 265.93 267.27 265 260.09 253.36 245.83 238.6 232.89 229.61 228.55 229.02
232.93 234.33 235.23 235.19 234.58 233.97 233.9 234.83 237.4 242.13 248.22 254.63 260.34 264.43 265.97 264.44 260.68 255.51 249.84 244.6 240.76 239.1 239.25 240.56
247.35 248.95 249.84 249.6 248.59 247.35 246.41 246.33 247.67 250.79 255.07 259.69 263.81 266.66 267.48 265.81 262.29 257.6 252.48 247.71 244.11 242.28 241.93 242.55
234.8 235.82 236.25 235.75 234.72 233.7 233.22 233.85 236.42 241.4 247.9 254.74 260.85 265.22 266.91 265.38 261.35 255.56 248.9 242.32 236.87 233.42 231.76 231.39
234.85 235.34 235.51 234.99 234.16 233.54 233.68 235.14 238.52 244.12 251 258.03 264.14 268.3 269.5 267.21 262.34 255.77 248.53 241.7 236.46 233.72 233.21 234.28
246.25 248.2 249.76 250.49 250.62 250.54 250.64 251.34 253.06 256.05 259.83 263.76 267.19 269.53 270.15 268.68 265.6 261.59 257.23 253.1 249.82 247.84 246.96 246.8
235.15 235.33 235.2 234.51 233.61 232.96 232.99 233.92 236.72 242.32 249.69 257.49 264.46 269.45 271.31 269.42 264.84 258.48 251.33 244.42 238.87 235.56 234.2 234.21
233.17 234.21 234.81 234.68 234.17 233.8 234.1 235.07 237.39 242.16 248.67 255.71 262.14 266.89 268.92 267.61 263.89 258.62 252.62 246.68 241.59 238.13 236.56 236.25
237.98 238.07 237.56 236.34 234.98 233.97 233.74 234.78 237.73 242.95 249.57 256.49 262.65 267.11 268.92 267.43 263.28 257.41 250.76 244.34 239.21 236.22 235.13 235.47
244.57 245.88 246.96 247.47 247.62 247.77 248.26 249.42 251.64 255.15 259.45 263.83 267.66 270.3 271.11 269.74 266.76 262.68 258.14 253.78 250.27 248.13 247.19 247.1
239.99 240.63 241.04 240.97 240.66 240.62 241.25 242.99 246.27 251.3 257.25 263.2 268.2 271.36 271.79 269.1 264.27 258.24 251.86 245.97 241.58 239.49 239.39 240.65
244.79 246.72 248.11 248.51 248.23 247.76 247.58 248.24 250.26 253.91 258.58 263.45 267.73 270.65 271.46 269.84 266.57 262.11 257.05 252 247.65 244.55 242.65 241.69
238.34 238.54 238.9 239.2 239.57 240.27 241.6 243.81 247.35 252.46 258.46 264.44 269.55 272.96 273.83 271.88 268.1 262.89 256.96 251.05 245.95 242.33 240.11 239.01
243.67 243.81 244.13 244.43 244.84 245.58 246.89 248.9 251.92 256.14 261.03 265.88 270.04 272.85 273.73 272.33 269.13 264.76 259.86 254.99 250.8 247.81 245.93 244.92
238.99 239.02 239.14 239.16 239.31 239.9 241.23 243.48 247.01 252.14 258.11 264 268.91 272.01 272.52 270.18 265.89 260.29 254.06 247.94 242.83 239.47 237.74 237.22
239.99 240.61 241.22 241.56 241.88 242.54 243.9 246.24 249.91 255.12 261.18 267.15 272.2 275.5 276.33 274.39 270.42 265.01 258.88 252.84 247.8 244.48 242.76 242.26
249.25 249.88 250.52 250.92 251.21 251.66 252.51 253.99 256.34 259.7 263.67 267.73 271.39 274.14 275.48 275.09 273.27 270.49 267.25 264.06 261.4 259.64 258.6 258.02
256.33 255.86 255.06 253.77 252.29 251.02 250.36 250.7 252.47 255.93 260.46 265.23 269.45 272.36 273.25 271.6 267.95 263.1 257.91 253.08 249.18 246.65 245.31 244.84
237.17 237.45 237.82 238.14 238.52 239.1 240.1 241.6 244.43 249.54 256.08 262.88 268.88 273.07 274.49 272.65 268.58 263 256.77 250.82 246.1 243.44 242.8 243.57
255.78 257.1 258.1 258.47 258.4 258.16 257.96 258.04 258.77 260.45 262.85 265.51 267.97 269.8 270.59 270.04 268.37 265.89 262.95 259.88 257.05 254.75 252.98 251.64
238.76 238.17 237.82 237.67 237.87 238.63 240.13 242.29 245.48 250.25 255.96 261.75 266.8 270.34 271.61 270.14 266.51 261.56 255.98 250.5 245.9 242.8 241.06 240.33
246.39 246.55 246.71 246.68 246.65 246.93 247.8 249.55 252.5 256.77 261.78 266.85 271.28 274.4 275.54 274.27 271.1 266.74 261.91 257.35 253.83 251.93 251.43 251.89
253.95 254.98 255.64 255.66 255.29 254.91 254.91 255.69 257.62 260.9 265.05 269.4 273.3 276.15 277.31 276.42 273.89 270.28 266.13 262.05 258.61 256.32 255.13 254.82
263.45 264.02 264.69 265.28 265.78 266.2 266.57 266.91 267.25 267.6 267.94 268.23 268.46 268.59 268.59 268.44 268.16 267.78 267.32 266.82 266.3 265.79 265.25 264.67
259.93 259.03 257.88 256.5 255.14 254 253.26 253.12 253.77 255.4 257.6 259.93 262.02 263.53 264.09 263.45 261.84 259.58 257.01 254.49 252.34 250.83 249.9 249.38
238.69 238.7 238.69 238.57 238.55 238.89 239.87 241.67 244.51 248.5 253.15 257.79 261.84 264.72 265.87 264.92 262.3 258.57 254.27 249.97 246.28 243.67 242.07 241.25
241.71 241.72 241.8 241.8 241.88 242.31 243.29 244.68 246.89 250.67 255.54 260.67 265.3 268.69 270.14 269.27 266.79 263.1 258.78 254.39 250.52 247.65 245.7 244.47
241.16 240.77 240.49 240.2 240.14 240.59 241.81 243.52 246.18 250.83 256.86 263.24 268.95 273.05 274.64 273.27 269.76 264.71 258.88 253.1 248.22 244.93 243.12 242.45
249.53 249.88 250.27 250.48 250.66 251.07 251.99 253.67 256.43 260.43 265.14 269.88 273.99 276.84 277.83 276.56 273.42 269.07 264.17 259.4 255.49 253.02 251.83 251.6
247.53 248.23 248.82 249.07 249.17 249.47 250.27 251.81 254.46 258.48 263.31 268.17 272.34 275.1 275.76 273.92 270.27 265.42 260.08 254.95 250.77 248.15 246.9 246.64
251.18 251.67 252.02 251.99 251.8 251.83 252.41 253.86 256.57 260.77 265.86 271.07 275.64 278.86 280 278.6 275.22 270.52 265.21 259.97 255.55 252.56 251 250.51
260.66 260.97 261.28 261.4 261.47 261.66 262.15 263.1 264.73 267.11 269.95 272.83 275.37 277.17 277.82 277.07 275.2 272.61 269.73 266.96 264.73 263.35 262.72 262.61
253.74 254.08 254.29 254.21 254.03 254.01 254.43 255.49 257.55 260.85 264.92 269.17 272.99 275.83 277.12 276.57 274.54 271.35 267.44 263.25 259.23 255.78 252.95 250.71
242.24 240.98 240.4 240.58 241.51 243.1 245.34 247.85 251.01 255.56 260.86 266.1 270.5 273.33 273.85 271.84 268.29 263.52 258.19 252.97 248.58 245.62 243.97 243.38
250.02 250.51 251.15 251.74 252.44 253.46 255.05 257.35 260.64 265.17 270.41 275.66 280.25 283.53 284.9 283.93 281 276.7 271.63 266.37 261.51 257.55 254.54 252.37
244.24 243.46 243.3 243.71 244.72 246.39 248.79 251.83 255.84 261.2 267.22 272.98 277.67 280.48 280.6 277.54 272.12 265.41 258.27 251.64 246.52 243.68 242.84 243.42
254.67 256 257.06 257.48 257.47 257.4 257.61 258.48 260.37 263.47 267.31 271.27 274.72 277.06 277.71 276.34 273.5 269.64 265.35 261.19 257.77 255.54 254.37 254
249.89 250.4 250.88 251.18 251.48 252.11 253.33 255.41 258.61 263.11 268.33 273.54 278.03 281.11 282.1 280.57 277.04 272.25 266.88 261.65 257.29 254.39 252.82 252.26
250.54 250.98 251.4 251.57 251.71 252.16 253.26 255.33 258.72 263.61 269.34 275.06 279.94 283.21 284.09 282.09 277.88 272.18 265.7 259.17 253.34 248.82 245.62 243.61
239.23 239.19 239.94 241.34 243.34 245.89 248.95 252.19 255.9 260.62 265.82 270.77 274.8 277.25 277.48 275.09 270.77 265.44 259.9 254.89 251.18 249.39 249.31 250.43
266.91 268.1 269 269.34 269.19 268.72 268.1 267.49 267.05 266.92 267.05 267.32 267.66 267.97 268.17 268.19 268.08 267.88 267.67 267.51 267.45 267.54 267.7 267.86
261.87 261.73 261.27 260.47 259.52 258.67 258.2 258.38 259.46 261.59 264.41 267.44 270.23 272.3 273.22 272.68 270.98 268.52 265.71 262.99 260.78 259.41 258.76 258.59
254.23 254.27 254.03 253.36 252.53 251.92 251.91 252.92 255.35 259.41 264.46 269.71 274.38 277.72 279 277.73 274.42 269.76 264.46 259.23 254.85 251.92 250.3 249.68
249.08 249.46 249.85 250.02 250.17 250.61 251.66 253.64 256.89 261.54 266.97 272.45 277.24 280.65 282.02 280.91 277.81 273.38 268.32 263.33 259.15 256.37 254.86 254.27
255.18 255.36 255.4 255.07 254.63 254.45 254.93 256.51 259.58 264.32 270.04 275.89 281.05 284.73 286.17 284.9 281.5 276.67 271.16 265.71 261.12 258 256.22 255.46
253.21 253.47 253.71 253.71 253.69 253.97 254.86 256.75 260.01 264.8 270.45 276.11 281 284.37 285.48 283.93 280.29 275.29 269.65 264.14 259.57 256.59 255.06 254.62
267.84 268.25 268.66 268.82 268.84 268.93 269.26 270.06 271.52 273.74 276.43 279.2 281.65 283.39 284.04 283.35 281.6 279.15 276.37 273.64 271.33 269.71 268.72 268.21
255.31 255.31 255.26 255.05 254.84 254.86 255.27 256.28 258.26 261.48 265.51 269.71 273.4 275.92 276.61 275.03 271.64 267.07 261.89 256.69 252.1 248.62 246.24 244.82
242.52 242.56 243.1 244 245.25 246.85 248.81 251.49 255.3 260.42 266.18 271.8 276.51 279.59 280.34 278.52 274.98 270.09 264.51 258.94 254.09 250.59 248.37 247.18
249.29 249.39 249.77 250.29 251.09 252.4 254.26 256.87 260.66 265.85 271.81 277.71 282.77 286.22 287.3 285.51 281.47 276.01 269.84 263.74 258.51 254.8 252.57 251.53
248.35 248.91 249.82 250.83 252.01 253.49 255.39 258.11 262.15 267.65 273.9 279.96 284.98 288.13 288.57 286.04 281.54 275.51 268.71 261.95 256.11 251.94 249.39 248.22
248.78 249.43 250.54 251.86 253.42 255.28 257.52 260.44 264.36 269.35 274.77 279.89 284.02 286.5 286.76 284.52 280.43 275.11 269.2 263.37 258.4 254.93 252.88 251.94
255.01 255.3 255.75 256.18 256.74 257.66 259.1 261.42 265 269.99 275.76 281.52 286.5 290 291.31 289.95 286.43 281.46 275.71 269.87 264.68 260.75 258.04 256.34
259.17 258.87 258.96 259.29 259.94 260.99 262.49 264.52 267.34 271.07 275.29 279.43 282.93 285.23 285.79 284.27 281.15 276.96 272.26 267.63 263.68 260.87 259.14 258.29
253.71 254.12 254.82 255.66 256.69 258.01 259.68 261.83 264.57 267.94 271.56 275 277.86 279.75 280.31 279.35 277.17 274.16 270.64 266.99 263.59 260.78 258.59 256.94
251.98 251.17 250.72 250.6 250.93 251.87 253.6 256.4 260.55 266.09 272.3 278.31 283.31 286.49 287.06 284.59 279.84 273.52 266.46 259.57 253.77 249.83 247.65 246.85
249.54 250.31 251.31 252.3 253.39 254.76 256.64 259.32 263.1 268.06 273.6 278.95 283.39 286.26 286.91 284.96 281 275.68 269.7 263.76 258.6 254.87 252.52 251.31
250.34 250.65 251.31 252.14 253.23 254.73 256.79 259.65 263.61 268.73 274.41 279.91 284.54 287.62 288.48 286.72 282.94 277.82 272.1 266.53 261.88 258.81 257.25 256.85
268.11 268.63 269.2 269.61 269.94 270.33 270.93 271.88 273.34 275.37 277.72 280.07 282.08 283.44 283.81 282.99 281.22 278.83 276.18 273.61 271.48 270.06 269.25 268.89
260.76 260.72 260.56 260.18 259.84 259.9 260.7 262.57 265.86 270.73 276.49 282.29 287.35 290.88 292.14 290.59 286.76 281.41 275.29 269.19 263.95 260.25 257.99 256.88
253.69 253.97 254.46 254.95 255.61 256.66 258.24 260.58 264.09 268.96 274.58 280.16 284.91 288.06 288.85 286.85 282.72 277.11 270.77 264.48 259.04 255.15 252.74 251.51
255.57 255.8 256.33 256.97 257.87 259.25 261.33 264.33 268.5 273.91 279.89 285.64 290.37 293.3 293.68 291.01 285.91 279.25 271.92 264.84 258.91 254.9 252.67 251.9
255.15 256.21 257.78 259.6 261.65 263.96 266.47 269.2 272.21 275.48 278.75 281.68 283.93 285.18 285.11 283.49 280.64 277 272.99 269.02 265.5 262.76 260.78 259.45
252.5 252.32 252.54 253.13 254.22 255.93 258.36 261.68 266.14 271.78 277.93 283.81 288.69 291.85 292.62 290.58 286.29 280.54 274.09 267.72 262.3 258.51 256.25 255.22
255.36 255.75 256.36 256.97 257.74 258.91 260.71 263.44 267.39 272.62 278.47 284.17 288.95 292.09 292.88 290.91 286.8 281.32 275.24 269.32 264.4 261.11 259.34 258.76
259.31 260 260.77 261.36 261.91 262.62 263.8 265.85 269.1 273.65 278.91 284.13 288.59 291.61 292.5 290.88 287.17 282.13 276.46 270.93 266.31 263.23 261.55 260.95
261.35 261.87 262.42 262.82 263.27 264.05 265.39 267.66 271.16 275.97 281.45 286.86 291.48 294.6 295.53 293.82 289.97 284.77 278.98 273.38 268.8 265.88 264.46 264.17
266.74 267.52 268.29 268.82 269.27 269.91 271.02 272.86 275.68 279.54 283.92 288.18 291.68 293.82 293.96 291.69 287.44 282.02 276.47 271.47 267.29 264.28 262.45 261.42
260.41 260.46 260.93 261.79 263.13 265.09 267.72 271.14 275.43 280.56 285.99 291.09 295.25 297.84 298.26 296.09 291.78 286.03 279.6 273.25 267.75 263.65 260.84 259.11
254.32 254.36 255.05 256.27 258.06 260.45 263.38 266.91 271.2 276.27 281.6 286.56 290.56 293 293.27 290.99 286.64 280.91 274.48 268.09 262.48 258.31 255.53 253.89
261 260.73 260.8 261.07 261.64 262.56 263.86 265.67 268.13 271.28 274.79 278.24 281.19 283.23 283.94 283.03 280.84 277.83 274.47 271.25 268.65 267.02 266.22 266.01
270.99 271.18 271.33 271.29 271.16 271.08 271.19 271.64 272.59 274.12 276.04 278.04 279.83 281.13 281.63 281.15 279.89 278.12 276.14 274.21 272.62 271.57 271 270.76
262.1 262.08 261.93 261.58 261.28 261.37 262.21 264.15 267.55 272.55 278.45 284.39 289.54 293.1 294.27 292.55 288.47 282.84 276.46 270.13 264.64 260.66 258.15 256.89
256.09 256.73 258.03 259.82 262.02 264.55 267.28 270.16 273.22 276.37 279.33 281.8 283.52 284.27 283.86 282.3 279.91 276.88 273.46 269.98 266.83 264.33 262.53 261.35
256.62 256.5 256.85 257.66 259.05 261.12 263.98 267.81 272.83 279.04 285.73 292.05 297.2 300.4 300.87 298.2 293.14 286.37 278.72 271.07 264.37 259.4 256.18 254.48
253.95 254.49 255.73 257.43 259.62 262.36 265.74 269.95 275.17 281.34 287.76 293.63 298.23 300.86 300.88 297.96 292.79 286.18 278.87 271.6 265.21 260.47 257.45 255.87
256.38 256.65 257.32 258.16 259.28 260.94 263.36 266.78 271.4 277.24 283.62 289.71 294.73 297.93 298.56 296.3 291.75 285.48 278.08 270.56 264.13 259.69 257.12 256.04
259.14 260 261.32 262.84 264.59 266.69 269.17 272.12 275.77 280.18 284.87 289.28 292.84 295.01 295.25 293.22 289.35 284.3 278.7 273.24 268.6 265.35 263.44 262.63
263.99 264.68 265.77 267.1 268.66 270.46 272.48 274.8 277.55 280.76 284.1 287.16 289.53 290.84 290.7 288.85 285.62 281.46 276.81 272.15 267.96 264.62 262.16 260.48
255.62 255.33 255.63 256.48 257.99 260.26 263.32 267.32 272.51 278.92 285.8 292.33 297.68 301.04 301.64 299 293.83 286.97 279.32 271.82 265.49 261.13 258.61 257.57
257.98 258.67 259.59 260.49 261.55 263.05 265.26 268.53 273.22 279.42 286.39 293.23 299.08 303.1 304.48 302.67 298.27 292.15 285.19 278.31 272.49 268.51 266.24 265.3
265.76 266.31 267 267.6 268.29 269.34 271.03 273.67 277.53 282.67 288.46 294.15 299 302.31 303.37 301.69 297.6 291.99 285.67 279.46 274.22 270.61 268.46 267.46
277.78 278.28 279.09 280 280.9 281.75 282.53 283.17 283.66 283.94 284.03 283.94 283.69 283.27 282.72 282.03 281.28 280.49 279.73 279.03 278.46 278.06 277.79 277.6
269.44 269.27 268.98 268.58 268.34 268.63 269.78 272.13 276.02 281.58 288.06 294.55 300.16 304.02 305.27 303.33 298.82 292.6 285.56 278.63 272.75 268.69 266.33 265.32
272.92 273.44 274.25 275.1 275.99 276.99 278.19 279.64 281.42 283.53 285.77 287.84 289.49 290.45 290.45 289.32 287.3 284.7 281.89 279.21 277.03 275.6 274.86 274.62
273.77 274.08 274.42 274.67 274.88 275.19 275.7 276.53 277.78 279.49 281.46 283.41 285.08 286.19 286.48 285.76 284.18 281.99 279.44 276.81 274.36 272.29 270.7 269.62
266.89 267 267.77 269.22 271.21 273.56 276.09 278.61 280.98 283.03 284.67 285.81 286.37 286.29 285.47 283.88 281.72 279.25 276.71 274.39 272.55 271.4 270.83 270.66
268.42 268.54 268.53 268.28 267.91 267.59 267.51 267.83 268.75 270.35 272.38 274.51 276.43 277.81 278.33 277.8 276.43 274.48 272.2 269.83 267.62 265.79 264.35 263.28
255.82 255.41 255.3 255.5 256.16 257.39 259.17 261.63 265.15 269.94 275.44 280.9 285.58 288.73 289.64 288.02 284.52 279.68 274.16 268.68 263.98 260.67 258.67 257.72
257.48 257.86 258.51 259.26 260.31 261.85 264.03 267.17 271.68 277.55 284.03 290.3 295.58 299.09 300.02 297.9 293.4 287.28 280.38 273.57 267.76 263.7 261.29 260.16
260.99 261.3 261.78 262.17 262.7 263.67 265.38 268.2 272.47 278.28 284.89 291.43 297.06 300.98 302.38 300.74 296.57 290.75 284.13 277.57 271.98 268.1 265.86 264.94
271.11 271.78 272.8 273.91 275.1 276.39 277.8 279.37 281.1 283.01 284.9 286.52 287.65 288.11 287.75 286.43 284.35 281.77 279.02 276.39 274.17 272.58 271.59 271.04
268.94 268.83 268.72 268.52 268.42 268.68 269.55 271.28 274.11 278.12 282.82 287.56 291.71 294.66 295.8 294.73 291.81 287.64 282.82 277.95 273.67 270.48 268.35 267.12
263.87 263.88 264.24 264.87 265.84 267.18 268.95 271.23 274.13 277.63 281.36 284.88 287.71 289.4 289.51 287.76 284.53 280.33 275.69 271.13 267.21 264.39 262.6 261.65
260.14 260.29 260.69 261.24 262.07 263.41 265.56 268.79 273.37 279.34 285.96 292.39 297.77 301.29 302.15 299.81 294.88 288.23 280.78 273.45 267.22 262.87 260.31 259.19
258.33 259.11 260.31 261.72 263.44 265.61 268.41 272 276.59 282.21 288.28 294.04 298.81 301.87 302.52 300.29 295.71 289.56 282.64 275.8 269.94 265.81 263.29 262.07
262.63 263.16 264.12 265.29 266.69 268.44 270.65 273.43 276.89 281.02 285.36 289.37 292.51 294.25 294.04 291.57 287.34 281.94 275.85 269.78 264.5 260.68 258.24 256.97
257.58 257.94 258.8 259.98 261.5 263.45 266.08 269.59 274.17 279.8 285.86 291.59 296.28 299.25 299.81 297.53 292.98 286.95 280.22 273.61 267.97 264.01 261.65 260.6
261.11 261.74 262.78 264.04 265.6 267.56 270.11 273.4 277.58 282.64 288.04 293.14 297.3 299.91 300.39 298.34 294.27 288.92 283.04 277.38 272.74 269.76 268.27 267.9
270.34 270.99 271.6 271.93 272.2 272.77 273.99 276.2 279.7 284.64 290.39 296.15 301.17 304.68 305.95 304.48 300.65 295.34 289.35 283.52 278.72 275.6 273.96 273.4
280.46 280.92 281.36 281.47 281.33 281.05 280.78 280.65 280.78 281.26 282.01 282.89 283.8 284.58 285.1 285.24 285 284.37 283.36 281.99 280.27 278.24 276.05 273.89
262.83 261 259.78 259.33 259.7 260.88 262.87 265.68 269.31 273.65 278.29 282.71 286.44 289 289.92 288.95 286.43 282.81 278.58 274.23 270.26 267.08 264.74 263.17
261.13 260.87 261.18 262.04 263.33 264.9 266.74 268.88 271.33 274.08 276.88 279.47 281.58 282.94 283.32 282.59 280.94 278.68 276.11 273.54 271.31 269.65 268.52 267.78
274.34 273.98 273.6 273.09 272.54 272.09 271.86 272.01 272.66 273.91 275.55 277.33 278.99 280.3 280.99 280.9 280.11 278.81 277.14 275.28 273.4 271.64 270.1 268.86
262.22 261.85 262.06 262.92 264.34 266.2 268.39 270.81 273.35 275.87 278.19 280.15 281.57 282.31 282.22 281.2 279.47 277.25 274.81 272.4 270.31 268.77 267.74 267.13
267.16 267.13 267.24 267.45 267.84 268.56 269.73 271.48 273.92 277.08 280.61 284.06 287.01 289.03 289.71 288.77 286.45 283.2 279.46 275.7 272.37 269.85 268.13 267.09
270.46 270.44 270.78 271.39 272.33 273.7 275.55 277.97 281.03 284.7 288.62 292.34 295.41 297.39 297.85 296.5 293.66 289.85 285.58 281.36 277.72 275.07 273.37 272.42
276.24 276.26 276.51 276.86 277.36 278.11 279.2 280.71 282.73 285.28 288.07 290.75 292.96 294.37 294.61 293.47 291.23 288.28 285.03 281.88 279.22 277.37 276.28 275.82
266.52 266.92 267.44 268.06 268.88 269.85 271.08 272.73 275.07 278.35 282.27 286.26 289.71 292.01 292.61 291.14 288.01 283.77 278.96 274.13 269.85 266.59 264.35 263.03
258.86 259 259.69 260.9 262.57 264.65 267.32 270.78 275.23 280.71 286.64 292.34 297.14 300.37 301.41 299.69 295.62 289.91 283.29 276.54 270.45 265.71 262.31 260.11
264.99 264.81 265.35 266.48 267.97 269.72 271.84 274.38 277.37 280.76 284.21 287.37 289.87 291.36 291.48 290.07 287.5 284.14 280.4 276.68 273.39 270.86 269.08 267.94
262.58 262.56 262.94 263.67 264.91 266.79 269.44 273.02 277.71 283.52 289.84 295.89 300.93 304.23 305.06 302.98 298.54 292.49 285.61 278.71 272.67 268.2 265.28 263.71
263.71 264.1 265.11 266.56 268.3 270.4 273.14 276.71 281.26 286.73 292.53 297.97 302.36 305.11 305.61 303.54 299.41 293.89 287.65 281.42 276.02 272.11 269.62 268.29
270.37 270.43 270.76 271.19 271.91 273.12 275.05 277.93 281.97 287.2 292.98 298.57 303.22 306.22 306.86 304.7 300.32 294.52 288.1 281.84 276.55 272.89 270.71 269.71
267.6 268.11 268.91 269.83 271.02 272.68 274.97 278.06 282.11 287.11 292.49 297.58 301.72 304.3 304.7 302.57 298.39 292.85 286.61 280.41 275.03 271.11 268.6 267.25
267.19 267.3 267.73 268.33 269.29 270.78 273.08 276.42 281.01 286.86 293.31 299.54 304.78 308.26 309.25 307.29 302.9 296.91 290.1 283.31 277.39 273.08 270.31 268.84
270.93 271.13 271.75 272.6 273.75 275.31 277.36 280.02 283.35 287.31 291.45 295.26 298.27 300.09 300.42 299.13 296.52 292.96 288.83 284.56 280.64 277.46 275.09 273.47
279.41 279.16 279.44 280.2 281.35 282.85 284.65 286.7 288.96 291.35 293.67 295.7 297.23 298.02 297.87 296.64 294.56 291.93 289.1 286.38 284.11 282.51 281.54 281.02
276.21 276.28 276.38 276.42 276.6 277.16 278.31 280.25 283.19 287.18 291.74 296.25 300.12 302.76 303.59 302.22 299.06 294.72 289.81 284.96 280.8 277.84 275.99 275.02
273.17 273.24 273.45 273.65 274.02 274.76 276.06 278.11 281.13 285.15 289.68 294.1 297.81 300.22 300.76 299.06 295.51 290.75 285.42 280.16 275.65 272.42 270.41 269.38
267.75 268.01 268.54 269.2 270.21 271.81 274.23 277.68 282.36 288.3 294.78 300.97 306.01 309.09 309.38 306.31 300.54 293.1 285.04 277.49 271.57 268.12 266.76 266.85
266.83 268.19 269.41 270.16 270.76 271.62 273.14 275.69 279.63 285.09 291.4 297.72 303.22 307.09 308.56 307.13 303.34 297.97 291.8 285.65 280.35 276.61 274.31 273.12
273.16 273.17 273.3 273.35 273.61 274.38 275.92 278.52 282.42 287.67 293.59 299.39 304.27 307.5 308.37 306.5 302.5 297.14 291.16 285.33 280.46 277.21 275.39 274.65
276.18 276.4 276.57 276.47 276.32 276.42 277.02 278.36 280.69 284.12 288.21 292.4 296.11 298.79 299.9 299.06 296.53 292.95 288.85 284.79 281.33 278.89 277.39 276.6
277.28 277.21 277.18 277.06 277.06 277.41 278.38 280.22 283.16 287.3 292.08 296.8 300.8 303.46 304.1 302.48 299.04 294.4 289.22 284.22 280.1 277.42 276.06 275.71
281.59 282.29 283.06 283.68 284.23 284.89 285.81 287.13 289.01 291.48 294.28 297.02 299.34 300.87 301.24 300.22 298.08 295.23 292.06 289.01 286.48 284.79 283.81 283.29
276.75 276.38 275.7 274.58 273.43 272.72 272.87 274.36 277.63 282.88 289.37 296.11 302.16 306.64 308.67 307.67 304.18 298.99 292.89 286.66 281.13 276.97 274.14 272.42
267.95 267.82 268.17 268.84 269.96 271.67 274.13 277.48 281.87 287.26 293.08 298.63 303.25 306.28 307.08 305.24 301.26 295.86 289.76 283.67 278.36 274.44 271.86 270.42
270.94 271.1 271.75 272.73 274.09 275.87 278.14 280.92 284.26 288.11 292.09 295.76 298.68 300.44 300.62 299 295.95 291.96 287.51 283.11 279.29 276.49 274.66 273.63
276.46 276.44 276.66 276.99 277.55 278.49 279.95 282.05 284.93 288.59 292.62 296.5 299.76 301.9 302.45 301.11 298.2 294.28 289.9 285.62 281.99 279.47 277.95 277.22
282.31 282.56 283.06 283.68 284.38 285.13 285.93 286.75 287.58 288.4 289.14 289.74 290.1 290.18 289.89 289.19 288.15 286.93 285.66 284.5 283.52 282.78 282.24 281.84
277.09 276.77 276.41 275.99 275.61 275.42 275.56 276.21 277.52 279.56 282.06 284.69 287.1 288.97 289.95 289.84 288.76 286.98 284.81 282.57 280.58 279.1 278.1 277.5
275.47 275.35 275.34 275.41 275.76 276.48 277.62 279.22 281.35 283.98 286.84 289.6 291.97 293.61 294.23 293.59 291.76 289.22 286.32 283.41 280.87 278.99 277.74 277.02
275.65 275.63 275.81 276.1 276.6 277.4 278.53 280.03 281.93 284.2 286.62 288.89 290.76 291.94 292.2 291.36 289.63 287.31 284.66 282 279.65 277.86 276.59 275.72
279.96 279.52 279.14 278.77 278.53 278.57 278.96 279.82 281.25 283.29 285.69 288.15 290.36 292.01 292.8 292.53 291.33 289.42 287.19 284.96 283.1 281.86 281.19 280.95
283.3 283.53 283.79 284 284.24 284.58 285.09 285.83 286.89 288.28 289.84 291.36 292.61 293.41 293.53 292.85 291.52 289.78 287.89 286.11 284.69 283.84 283.48 283.46
279.43 279.65 279.73 279.6 279.52 279.67 280.18 281.22 282.97 285.48 288.45 291.45 294.09 295.99 296.77 296.15 294.31 291.61 288.43 285.15 282.19 279.89 278.28 277.28
272.77 272.47 272.55 273.04 273.95 275.21 276.8 278.66 280.78 283.12 285.45 287.51 289.09 289.97 290.02 289.14 287.52 285.34 282.86 280.35 278.17 276.58 275.57 275
277.13 277.03 276.99 276.92 276.95 277.14 277.52 278.15 279.1 280.41 281.92 283.43 284.76 285.72 286.07 285.72 284.79 283.46 281.93 280.37 278.99 277.95 277.22 276.76
281.68 281.53 281.45 281.38 281.38 281.55 281.96 282.7 283.84 285.42 287.25 289.12 290.8 292.08 292.73 292.61 291.79 290.44 288.8 287.08 285.5 284.23 283.29 282.64
278.9 278.78 278.88 279.2 279.76 280.61 281.75 283.19 284.92 286.89 288.93 290.81 292.32 293.24 293.36 292.53 290.89 288.74 286.37 284.07 282.15 280.83 280.07 279.75
284.54 284.69 284.91 285.11 285.32 285.57 285.93 286.42 287.1 287.98 288.96 289.93 290.73 291.26 291.36 290.99 290.25 289.26 288.15 287.02 286.01 285.2 284.58 284.09
283.69 283.33 282.96 282.56 282.22 282.01 282.01 282.32 283.01 284.12 285.51 286.98 288.33 289.35 289.86 289.72 289.05 288.04 286.88 285.76 284.86 284.32 284.08 284.03
284.08 284.1 284.01 283.73 283.36 283.02 282.86 283.01 283.59 284.69 286.15 287.75 289.29 290.54 291.3 291.42 290.98 290.16 289.15 288.11 287.21 286.6 286.24 286.04
281.23 281.15 281.01 280.78 280.59 280.64 281.08 282.09 283.85 286.42 289.49 292.64 295.49 297.62 298.69 298.4 296.91 294.61 291.83 288.9 286.16 283.92 282.19 280.94
275.32 274.85 274.77 275.07 275.69 276.6 277.74 279 280.33 281.63 282.84 283.89 284.7 285.21 285.37 285.1 284.32 283.24 282 280.74 279.6 278.72 278.07 277.61
281.74 281.47 281.28 281.14 281.19 281.51 282.14 283.14 284.56 286.38 288.4 290.38 292.06 293.21 293.59 293.02 291.68 289.83 287.72 285.63 283.85 282.59 281.79 281.35
283.92 283.82 283.71 283.53 283.33 283.2 283.23 283.49 284.05 284.94 286.04 287.19 288.24 289.01 289.36 289.17 288.52 287.52 286.24 284.85 283.57 282.53 281.74 281.15
275.24 274.92 274.66 274.48 274.48 274.82 275.65 277.12 279.34 282.33 285.71 289.01 291.79 293.6 293.97 292.73 290.21 286.84 283.07 279.36 276.2 273.94 272.61 271.98
268.85 269.26 269.98 270.78 271.74 272.89 274.3 276 277.92 279.93 281.79 283.24 284.09 284.19 283.47 281.99 280.01 277.75 275.37 273.07 271.09 269.66 268.77 268.33
268.83 269.02 269.4 269.94 270.71 271.77 273.18 274.97 277.16 279.68 282.29 284.72 286.73 288.06 288.47 287.79 286.2 283.96 281.39 278.8 276.54 274.9 273.85 273.27
273.91 273.89 273.98 274.09 274.34 274.86 275.79 277.22 279.19 281.65 284.31 286.86 289.02 290.49 291.01 290.41 288.79 286.52 283.89 281.2 278.8 276.96 275.68 274.85
276.68 276.5 276.5 276.6 276.84 277.3 278.04 279.13 280.62 282.47 284.51 286.51 288.24 289.49 290.06 289.79 288.75 287.21 285.4 283.54 281.85 280.53 279.55 278.86
285.04 284.72 284.46 284.2 284.01 283.97 284.17 284.68 285.6 286.96 288.57 290.21 291.65 292.65 293.01 292.6 291.56 290.11 288.44 286.78 285.33 284.23 283.47 282.97
273.71 273.5 273.37 273.3 273.38 273.78 274.65 276.15 278.35 281.25 284.5 287.71 290.46 292.39 293.1 292.31 290.26 287.41 284.19 281.05 278.45 276.76 275.88 275.61
283.58 283.81 284.01 284.06 284.05 284.1 284.35 284.93 285.96 287.49 289.32 291.19 292.83 293.98 294.39 293.88 292.63 290.89 288.95 287.08 285.54 284.56 284.05 283.89
285.16 285.27 285.32 285.22 285.05 284.94 285 285.36 286.15 287.41 289 290.67 292.21 293.39 293.99 293.85 293.1 291.93 290.55 289.16 287.98 287.15 286.65 286.39
284.9 284.88 284.86 284.78 284.74 284.86 285.28 286.13 287.52 289.51 291.86 294.26 296.39 297.93 298.58 298.13 296.8 294.88 292.67 290.47 288.59 287.24 286.32 285.72
285.43 285.19 284.97 284.68 284.31 283.96 283.67 283.53 283.6 283.91 284.39 284.96 285.54 286.05 286.4 286.54 286.46 286.21 285.82 285.31 284.71 284.06 283.41 282.8
275.24 274.83 274.61 274.63 274.94 275.59 276.68 278.29 280.42 283.01 285.8 288.48 290.77 292.37 293.01 292.46 290.89 288.66 286.1 283.55 281.35 279.78 278.78 278.24
280.61 280.58 280.61 280.61 280.69 280.98 281.61 282.7 284.32 286.47 288.89 291.27 293.31 294.68 295.11 294.37 292.62 290.22 287.49 284.8 282.49 280.85 279.82 279.24
280.96 280.85 280.73 280.52 280.33 280.37 280.79 281.77 283.46 285.93 288.86 291.83 294.43 296.27 296.95 296.19 294.28 291.67 288.84 286.24 284.34 283.49 283.49 284.09
285.77 286.74 287.5 287.85 287.91 287.92 288.09 288.64 289.78 291.65 293.97 296.39 298.54 300.09 300.67 300.03 298.33 295.96 293.3 290.69 288.51 287.04 286.2 285.83
284.01 284.1 284.16 284.09 284.03 284.17 284.67 285.65 287.26 289.54 292.22 294.94 297.34 299.08 299.82 299.28 297.61 295.26 292.66 290.2 288.29 287.25 286.9 286.97
287.01 287.02 286.59 285.6 284.44 283.49 282.97 283.09 284.12 286.19 288.97 291.99 294.8 296.95 298 297.65 296.13 293.79 291.01 288.19 285.74 283.99 282.89 282.28
280.72 280.63 280.56 280.4 280.28 280.34 280.76 281.71 283.31 285.64 288.4 291.22 293.72 295.56 296.38 295.94 294.43 292.14 289.41 286.6 284.08 282.14 280.77 279.86
279.86 279.56 279.41 279.34 279.4 279.68 280.25 281.17 282.5 284.23 286.18 288.12 289.81 291.04 291.61 291.33 290.22 288.51 286.36 283.94 281.44 279.01 276.73 274.66
266.62 264.86 263.77 263.54 264.08 265.17 266.6 268.27 270.09 271.91 273.6 275.02 276.04 276.53 276.38 275.56 274.25 272.59 270.73 268.85 267.15 265.78 264.77 264.1
267.15 267.08 267.29 267.77 268.54 269.63 271.04 272.8 274.94 277.43 280.02 282.44 284.42 285.7 286.01 285.2 283.44 281.07 278.43 275.84 273.62 272.03 271.04 270.55
272.63 272.83 273.26 273.86 274.64 275.63 276.85 278.31 280.07 282.13 284.27 286.23 287.66 288.34 288.2 287.18 285.46 283.28 280.93 278.66 276.74 275.39 274.55 274.11
269.27 269.27 269.32 269.36 269.5 269.89 270.7 272.06 274.09 276.78 279.79 282.71 285.14 286.71 287.02 285.83 283.44 280.27 276.77 273.35 270.48 268.5 267.32 266.76
267.1 267.23 267.44 267.6 267.83 268.25 269.02 270.29 272.17 274.73 277.66 280.57 283.1 284.87 285.49 284.73 282.84 280.18 277.13 274.09 271.45 269.54 268.3 267.62
269.77 269.75 269.88 270.07 270.43 271.07 272.14 273.77 276.08 279.05 282.3 285.38 287.88 289.43 289.72 288.57 286.26 283.16 279.67 276.22 273.29 271.25 270.02 269.44
267.1 267.24 267.46 267.63 267.91 268.54 269.7 271.6 274.41 278.17 282.43 286.64 290.28 292.82 293.77 292.75 290.07 286.32 282.07 277.89 274.36 271.95 270.57 269.97
274.73 274.89 275.08 275.14 275.22 275.53 276.31 277.74 280 283.14 286.77 290.38 293.51 295.67 296.4 295.37 292.89 289.52 285.78 282.19 279.28 277.46 276.58 276.39
276.32 276.69 276.94 276.91 276.77 276.79 277.23 278.34 280.31 283.25 286.75 290.33 293.49 295.76 296.67 295.85 293.55 290.31 286.65 283.07 280.09 278.11 277.03 276.6
277.75 277.92 278.02 277.91 277.75 277.77 278.22 279.31 281.26 284.17 287.65 291.2 294.33 296.58 297.48 296.71 294.55 291.49 288 284.54 281.61 279.59 278.4 277.85
275.47 275.6 275.76 275.8 275.86 276.13 276.84 278.18 280.31 283.28 286.73 290.18 293.17 295.26 296 295.09 292.74 289.48 285.82 282.24 279.23 277.18 276.01 275.52
277.96 278.19 278.49 278.73 279 279.42 280.16 281.31 282.95 285.09 287.48 289.84 291.86 293.26 293.74 293.1 291.42 289.1 286.48 283.89 281.68 280.1 279.1 278.52
279.35 279.17 278.97 278.66 278.43 278.53 279.21 280.68 283.13 286.61 290.68 294.8 298.41 300.98 301.99 301.06 298.48 294.88 290.85 286.97 283.85 281.96 281.1 280.95
283.5 283.72 283.64 283.03 282.12 281.2 280.55 280.44 281.15 282.86 285.24 287.89 290.38 292.29 293.21 292.85 291.38 289.2 286.67 284.15 281.99 280.49 279.58 279.15
280.13 280.23 280.41 280.56 280.77 281.15 281.79 282.8 284.28 286.24 288.47 290.66 292.53 293.78 294.14 293.4 291.75 289.55 287.1 284.74 282.8 281.51 280.79 280.48
270.51 270.59 270.54 270.27 270.01 270.1 270.85 272.57 275.54 279.88 285.01 290.22 294.8 298.08 299.4 298.29 295.14 290.73 285.75 280.93 277.01 274.55 273.39 273.15
276.28 276.7 276.91 276.66 276.22 276.04 276.55 278.18 281.35 286.24 292.15 298.18 303.45 307.1 308.26 306.34 301.88 295.85 289.17 282.8 277.71 274.64 273.35 273.33
275.65 276.59 277.31 277.46 277.25 277.01 277.11 277.9 279.69 282.64 286.33 290.22 293.77 296.45 297.73 297.24 295.27 292.34 288.97 285.66 282.96 281.26 280.42 280.16
283.47 283.52 283.32 282.7 281.89 281.22 281 281.52 283.09 285.87 289.42 293.17 296.57 299.03 300.02 299.15 296.74 293.4 289.68 286.16 283.44 281.93 281.45 281.63
276.9 277.29 277.25 276.56 275.58 274.81 274.73 275.82 278.56 283.15 288.9 294.92 300.32 304.25 305.89 304.68 301.18 296.22 290.62 285.22 280.88 278.26 277.11 276.98
275.53 276.09 276.28 275.81 274.96 274.19 273.97 274.75 277.03 281.03 286.12 291.47 296.26 299.7 300.92 299.59 296.23 291.54 286.23 281.05 276.76 273.93 272.44 271.95
276.87 277.31 277.73 277.9 278.01 278.32 279.15 280.75 283.36 287.07 291.43 295.86 299.78 302.62 303.82 302.97 300.37 296.67 292.48 288.38 284.97 282.74 281.55 281.15
283.34 283.7 284.05 284.19 284.24 284.34 284.67 285.39 286.64 288.5 290.74 293.05 295.11 296.64 297.32 296.93 295.61 293.71 291.53 289.39 287.61 286.4 285.69 285.28
276.87 276.44 275.68 274.52 273.38 272.73 272.95 274.35 277.29 281.89 287.44 293.03 297.83 301.02 301.83 299.79 295.53 289.85 283.58 277.55 272.66 269.63 268.24 268.03
273.07 273.76 274.3 274.43 274.37 274.5 275.17 276.72 279.48 283.59 288.53 293.59 298.09 301.37 302.74 301.77 298.84 294.65 289.9 285.28 281.48 279.06 277.87 277.6
283.81 284.3 284.77 284.99 285.02 285 285.04 285.28 285.84 286.8 288.03 289.34 290.54 291.44 291.87 291.7 291 289.92 288.66 287.39 286.29 285.5 284.96 284.6
275.48 275.18 274.77 274.23 273.8 273.8 274.55 276.36 279.47 283.92 289.15 294.42 299.04 302.34 303.69 302.64 299.54 295.12 290.01 284.9 280.52 277.44 275.59 274.74
280.65 281.02 281.62 282.25 282.86 283.42 283.92 284.34 284.64 284.82 284.87 284.8 284.59 284.25 283.75 283.07 282.27 281.39 280.49 279.62 278.81 278.12 277.53 277.02
280.11 279.69 279.33 279.03 278.82 278.73 278.77 278.99 279.41 280.03 280.77 281.55 282.26 282.81 283.1 283.07 282.77 282.27 281.63 280.95 280.31 279.8 279.44 279.2
279.08 279.09 279.2 279.42 279.72 280.04 280.35 280.62 280.85 281.02 281.1 281.1 281.01 280.84 280.59 280.26 279.86 279.38 278.85 278.26 277.64 277 276.34 275.68
262.67 261.87 261.07 260.36 260.02 260.31 261.44 263.7 267.36 272.46 278.29 284.06 289.01 292.4 293.56 292.05 288.38 283.26 277.4 271.58 266.64 263.27 261.33 260.49
260.09 260.34 260.58 260.57 260.6 261.04 262.22 264.52 268.33 273.69 279.84 285.9 291.05 294.52 295.56 293.73 289.63 284 277.58 271.23 265.9 262.36 260.47 259.83
261.44 261.95 262.4 262.49 262.48 262.71 263.56 265.42 268.7 273.52 279.2 284.92 289.88 293.32 294.53 293.09 289.58 284.7 279.19 273.82 269.42 266.64 265.31 265.03
265.81 266.39 266.79 266.74 266.53 266.6 267.34 269.17 272.47 277.39 283.22 289.1 294.24 297.87 299.25 297.91 294.3 289.17 283.26 277.41 272.5 269.23 267.47 266.82
266.74 267.13 267.43 267.37 267.24 267.41 268.28 270.18 273.46 278.26 283.93 289.71 294.81 298.51 300.06 298.98 295.71 290.96 285.46 279.95 275.24 271.95 270.03 269.19
279.91 280.27 280.85 281.44 282.03 282.63 283.28 284 284.81 285.71 286.6 287.35 287.85 287.99 287.71 286.95 285.82 284.46 283.03 281.69 280.6 279.89 279.48 279.28
279.2 279.12 278.95 278.62 278.15 277.6 277.04 276.53 276.16 275.96 275.91 275.98 276.12 276.29 276.45 276.57 276.62 276.6 276.5 276.31 276.02 275.62 275.16 274.7
269.49 269.11 268.9 268.9 269.13 269.59 270.28 271.19 272.34 273.7 275.11 276.44 277.54 278.26 278.49 278.16 277.4 276.36 275.19 274.04 273.08 272.44 272.08 271.9
266.08 266.04 265.89 265.57 265.27 265.16 265.45 266.25 267.75 270.03 272.74 275.46 277.84 279.51 280.14 279.49 277.86 275.52 272.77 269.97 267.51 265.72 264.56 263.89
261.6 261.5 261.43 261.32 261.33 261.66 262.55 264.21 266.84 270.47 274.6 278.62 281.98 284.17 284.71 283.41 280.71 277.08 273 268.98 265.58 263.27 261.95 261.38
261.25 261.4 261.53 261.47 261.41 261.64 262.44 264.08 266.87 270.81 275.33 279.76 283.47 285.87 286.41 284.8 281.54 277.22 272.4 267.67 263.7 261.04 259.56 258.99
259.47 259.75 260 260.01 260 260.28 261.16 262.93 265.94 270.29 275.31 280.27 284.51 287.4 288.36 287.04 283.94 279.62 274.68 269.77 265.62 262.82 261.26 260.66
262.32 262.68 263.03 263.16 263.24 263.52 264.26 265.71 268.18 271.78 275.96 280.14 283.74 286.26 287.18 286.16 283.59 279.98 275.89 271.88 268.56 266.41 265.28 264.9
265.28 265.48 265.5 265.17 264.74 264.56 264.98 266.36 269.06 273.2 278.17 283.19 287.54 290.59 291.7 290.5 287.42 283.11 278.21 273.41 269.43 266.86 265.54 265.16
276.94 277.58 278.18 278.51 278.56 278.41 278.13 277.79 277.45 277.16 276.94 276.74 276.55 276.34 276.1 275.8 275.48 275.17 274.89 274.7 274.62 274.68 274.83 275
266.33 266.37 266.23 265.83 265.43 265.25 265.4 266.34 268.14 270.79 274.01 277.29 280.17 282.19 282.9 282.05 279.93 276.95 273.53 270.12 267.16 265.02 263.65 262.86
259.28 259.15 259.06 258.92 258.91 259.3 260.33 262.24 265.27 269.5 274.29 278.95 282.83 285.36 285.97 284.43 281.24 276.83 271.72 266.52 261.92 258.5 256.2 254.81
253.09 252.79 252.77 252.9 253.38 254.39 256.13 258.59 262.18 267.3 273.25 279.17 284.27 287.83 289.13 287.72 284.2 279.2 273.39 267.56 262.52 258.94 256.76 255.67
255.45 255.61 255.92 256.16 256.56 257.42 259.01 261.43 265.21 270.68 277 283.23 288.53 292.11 293.16 291.25 287.05 281.31 274.82 268.48 263.25 259.92 258.32 257.99
259.73 260.5 261.14 261.34 261.34 261.52 262.25 263.83 266.66 270.96 276.09 281.29 285.83 289.05 290.26 289.06 285.85 281.29 276.04 270.85 266.49 263.57 261.97 261.38
264.77 265.13 265.48 265.58 265.61 265.85 266.59 268.1 270.66 274.36 278.67 282.99 286.74 289.37 290.35 289.33 286.64 282.84 278.49 274.17 270.55 268.11 266.75 266.18
265.37 265.53 265.61 265.44 265.2 265.17 265.64 266.87 269.16 272.59 276.7 280.89 284.58 287.23 288.35 287.59 285.33 282.09 278.38 274.7 271.61 269.53 268.35 267.84
271.1 271.16 271.18 271 270.68 270.39 270.26 270.43 271.05 272.17 273.61 275.09 276.36 277.15 277.21 276.37 274.82 272.81 270.63 268.51 266.73 265.47 264.7 264.33
266.62 266.74 266.98 267.26 267.65 268.26 269.17 270.47 272.26 274.59 277.18 279.7 281.81 283.19 283.52 282.58 280.62 278.01 275.11 272.31 269.97 268.4 267.51 267.14
258.64 258.79 258.91 258.87 258.87 259.17 260.01 261.53 264.03 267.71 272.03 276.37 280.18 282.9 283.95 282.96 280.32 276.56 272.23 267.91 264.25 261.76 260.36 259.8
261.2 261.5 261.85 262.05 262.26 262.69 263.55 265.07 267.47 270.79 274.58 278.31 281.48 283.61 284.25 283.16 280.72 277.42 273.71 270.12 267.16 265.27 264.33 264.06
267.1 267.31 267.38 267.13 266.72 266.42 266.51 267.24 268.88 271.55 274.81 278.13 280.93 282.69 282.84 280.99 277.51 272.97 267.98 263.15 259.17 256.6 255.33 255.03
247.64 248.37 248.97 249.19 249.24 249.38 249.9 251.06 253.22 256.6 260.74 264.97 268.69 271.32 272.31 271.3 268.73 265.04 260.75 256.45 252.76 250.18 248.51 247.43
247.08 246.75 246.57 246.5 246.75 247.57 249.2 251.9 255.92 261.32 267.42 273.42 278.51 281.96 283.03 281.31 277.42 272.07 266.01 260.05 255.02 251.63 249.76 249.07
262.93 263.33 263.88 264.36 264.84 265.46 266.35 267.62 269.43 271.86 274.66 277.46 279.92 281.7 282.45 281.96 280.44 278.2 275.59 272.93 270.54 268.7 267.37 266.48
264.44 264.16 264.05 264.06 264.26 264.75 265.63 266.99 268.95 271.52 274.4 277.21 279.57 281.1 281.43 280.33 278.12 275.27 272.24 269.49 267.51 266.64 266.67 267.26
261.43 262.18 262.44 261.96 261.11 260.34 260.09 260.89 263.15 267.1 272.13 277.43 282.2 285.69 287.16 286.13 283.07 278.67 273.62 268.62 264.42 261.59 260 259.33
255.59 255.78 255.88 255.67 255.43 255.57 256.45 258.41 261.86 266.99 273.03 279.03 284.13 287.56 288.57 286.73 282.64 277.12 270.93 264.89 259.87 256.62 254.97 254.52
260.37 261 261.62 261.94 262.1 262.32 262.82 263.76 265.39 267.9 270.95 274.12 277 279.18 280.27 280 278.58 276.38 273.73 270.99 268.5 266.56 265.16 264.24
271.68 271.49 271.56 271.86 272.31 272.89 273.52 274.17 274.79 275.34 275.8 276.15 276.37 276.44 276.34 276.07 275.67 275.21 274.73 274.3 273.98 273.81 273.74 273.73
271.25 271.17 270.95 270.59 270.25 270.12 270.42 271.33 273.07 275.72 278.9 282.13 284.93 286.84 287.38 286.26 283.81 280.51 276.88 273.41 270.62 268.92 268.14 267.97
257.45 256.98 256.11 254.84 253.6 252.86 253.01 254.44 257.5 262.31 268.15 274.11 279.32 282.94 284.17 282.48 278.5 273.08 267.05 261.28 256.71 254.06 253.09 253.31
258.76 259.72 260.41 260.51 260.26 260.03 260.18 261.08 263.09 266.39 270.5 274.79 278.63 281.44 282.65 281.91 279.59 276.27 272.53 268.93 266.1 264.48 263.9 264.03
263.01 263.54 263.73 263.37 262.7 262.1 261.95 262.61 264.44 267.61 271.57 275.63 279.11 281.42 282.04 280.74 277.88 273.95 269.41 264.86 261.15 258.93 258.02 258.03
265.59 266.18 266.54 266.42 266.01 265.62 265.55 266.09 267.58 270.2 273.55 277.09 280.27 282.59 283.49 282.64 280.33 277.05 273.27 269.46 266.11 263.6 261.9 260.87
250.64 250.44 250.36 250.27 250.32 250.6 251.17 252.08 253.6 256.07 259.21 262.56 265.54 267.56 268.04 266.6 263.59 259.54 254.97 250.43 246.49 243.63 241.8 240.8
239.75 239.81 240.08 240.43 241 241.97 243.53 245.47 248.3 252.82 258.39 264.08 269.07 272.57 273.82 272.36 268.86 264 258.46 252.95 248.27 245.06 243.23 242.49
242.04 242.49 243.04 243.46 243.94 244.8 246.36 248.84 252.6 257.9 264.03 270.1 275.27 278.76 279.86 278.08 274.01 268.45 262.18 256.05 250.97 247.7 246.08 245.69
248.06 248.75 249.33 249.48 249.46 249.62 250.32 251.87 254.69 259 264.17 269.38 273.86 276.91 277.9 276.51 273.29 268.88 263.92 259.07 255.06 252.49 251.21 250.84
251.93 252.22 252.26 251.78 251.09 250.6 250.75 251.94 254.63 259.08 264.59 270.27 275.26 278.79 280.15 278.93 275.67 271.01 265.58 260.1 255.34 251.92 249.76 248.58
245.25 245.17 245.31 245.51 245.92 246.77 248.27 250.43 253.86 259.14 265.39 271.61 276.92 280.47 281.5 279.58 275.46 269.82 263.41 257.11 251.89 248.54 246.89 246.49
246.94 247.54 247.89 247.66 247.19 246.97 247.5 249.23 252.68 258.12 264.72 271.42 277.21 281.18 282.55 280.87 276.84 271.26 264.89 258.59 253.32 249.9 248.15 247.64
247.52 248.14 248.62 248.65 248.5 248.58 249.28 250.9 253.89 258.62 264.4 270.35 275.63 279.44 281.01 279.81 276.35 271.41 265.73 260.1 255.35 252.1 250.21 249.35
259.51 259.59 259.71 259.64 259.57 259.76 260.48 261.96 264.47 268.17 272.6 277.12 281.1 283.91 284.94 283.78 280.86 276.82 272.3 267.94 264.41 262.19 261.15 260.95
257.92 258.51 258.96 259.06 258.99 259.06 259.55 260.73 262.9 266.21 270.19 274.24 277.79 280.26 281.12 279.99 277.28 273.55 269.36 265.32 262.03 259.97 258.99 258.78
262.48 262.84 263 262.78 262.36 262.05 262.16 262.98 264.83 267.86 271.62 275.53 279.04 281.57 282.57 281.69 279.28 275.9 272.1 268.44 265.51 263.67 262.89 262.75
256.65 257.04 257.23 256.82 256.14 255.55 255.42 256.11 257.53 260.34 264.36 268.9 273.24 276.64 278.37 278.01 276.02 272.97 269.39 265.84 262.92 261.1 260.31 260.26
270.95 271.32 271.55 271.45 271.1 270.68 270.33 270.21 270.49 271.27 272.41 273.69 274.93 275.9 276.41 276.31 275.7 274.71 273.51 272.25 271.08 270.11 269.24 268.35
249.82 247.25 244.35 241.15 238.77 237.98 238.54 239.96 242.34 246.08 250.64 255.25 259.26 262.04 263.01 261.76 258.66 254.31 249.35 244.46 240.35 237.61 236.08 235.43
236.42 236.57 236.66 236.41 235.97 235.76 236.21 237.81 240.19 244.64 250.76 257.31 263.21 267.47 269.14 267.64 263.76 258.4 252.33 246.42 241.59 238.6 237.25 237.11
240.23 241 241.55 241.57 241.32 241.21 241.71 243.23 245.71 249.81 255.13 260.73 265.79 269.56 271.32 270.69 268.27 264.75 260.72 256.8 253.69 251.94 251.4 251.69
257.05 257.76 258.16 258 257.49 256.96 256.74 257.17 258.58 261.15 264.46 267.96 271.08 273.31 274.13 273.2 270.84 267.54 263.79 260.08 256.95 254.77 253.42 252.62
245.05 244.41 243.73 242.96 242.31 242 242.29 243.49 245.09 248.49 253.37 258.67 263.48 266.99 268.34 267.03 263.74 259.25 254.26 249.53 245.86 243.88 243.42 244.04
258.36 259.65 260.74 261.35 261.58 261.63 261.72 262.05 262.74 264.01 265.71 267.5 269.1 270.19 270.48 269.82 268.45 266.6 264.5 262.43 260.65 259.38 258.55 258.04
254.69 254.4 254.02 253.46 252.88 252.51 252.55 253.22 254.57 256.87 259.87 263.11 266.15 268.55 269.89 269.87 268.79 267.02 264.92 262.86 261.21 260.27 259.98 260.13
265.53 265.83 265.96 265.79 265.41 264.95 264.53 264.28 264.33 264.77 265.5 266.36 267.21 267.91 268.33 268.36 268.05 267.47 266.71 265.85 264.97 264.13 263.32 262.5
245.86 243.98 242.03 240.38 239.3 238.92 239.3 240.55 242.77 245.96 249.7 253.45 256.71 258.98 259.79 258.84 256.54 253.38 249.85 246.5 243.87 242.37 241.86 241.99
243.68 244.12 244.24 243.86 243.19 242.65 242.6 243.41 245.12 248.14 252.14 256.41 260.27 263.11 264.35 263.65 261.48 258.28 254.56 250.87 247.83 245.93 245.02 244.8
247.32 247.5 247.41 246.84 246.05 245.37 245.13 245.73 247.31 250.25 254.24 258.56 262.57 265.67 267.28 267.02 265.22 262.38 259.01 255.63 252.79 250.93 249.91 249.47
248.15 248.1 247.83 247.16 246.32 245.61 245.35 245.84 246.82 249.05 252.25 255.76 258.99 261.38 262.33 261.47 259.27 256.24 252.83 249.54 246.91 245.34 244.67 244.59
242.7 242.85 242.61 241.79 240.71 239.78 239.52 240.34 242 245.38 250.16 255.36 260.1 263.56 264.95 263.79 260.79 256.59 251.84 247.27 243.66 241.64 241.01 241.33
245.72 246.54 247 246.8 246.16 245.51 245.2 245.61 247.03 249.69 253.14 256.83 260.2 262.71 263.85 263.29 261.36 258.54 255.32 252.21 249.73 248.3 247.76 247.79
245.05 245.23 245 244.13 242.97 241.95 241.52 242.15 243.68 246.97 251.64 256.74 261.45 264.98 266.54 265.64 262.86 258.88 254.37 250.02 246.57 244.59 243.9 244.11
259.44 259.98 260.3 260.18 259.76 259.3 259.03 259.22 260.05 261.72 263.99 266.49 268.87 270.77 271.83 271.82 270.93 269.45 267.66 265.86 264.33 263.27 262.62 262.25
252.57 252.4 252.06 251.41 250.68 250 249.7 249.88 250.65 252.18 254.28 256.53 258.54 259.91 260.27 259.38 257.57 255.18 252.53 249.93 247.7 246.11 245.1 244.55
240.75 240.71 240.72 240.68 240.71 240.97 241.65 242.94 244.76 247.5 250.84 254.26 257.27 259.37 260.07 259.12 256.96 253.97 250.6 247.33 244.65 242.93 242.04 241.73
240.69 240.75 240.6 240.09 239.43 238.94 238.92 239.75 241.47 244.49 248.48 252.73 256.56 259.34 260.44 259.52 257.12 253.74 249.95 246.32 243.42 241.72 241.04 241.06
241 241.43 241.56 241.21 240.6 240.17 240.31 241.37 243.02 246.11 250.42 255.04 259.22 262.26 263.47 262.42 259.67 255.84 251.49 247.29 243.92 241.94 241.17 241.23
242.09 242.63 242.82 242.4 241.68 241.07 241 241.9 243.51 246.88 251.61 256.73 261.37 264.76 266.08 264.88 261.85 257.62 252.85 248.25 244.59 242.47 241.7 241.83
242.36 242.97 243.13 242.58 241.62 240.75 240.48 241.28 243.54 247.51 252.56 257.82 262.43 265.67 266.93 265.86 262.9 258.69 253.8 248.94 244.88 242.25 240.9 240.47
240.11 240.38 240.45 240.08 239.57 239.31 239.72 241.2 243.69 247.86 253.2 258.78 263.75 267.33 268.77 267.57 264.3 259.7 254.49 249.45 245.42 243.07 242.2 242.36
244.35 245.09 245.44 245.09 244.34 243.63 243.42 244.17 246 249.42 253.94 258.71 262.97 266.04 267.27 266.31 263.72 260.04 255.84 251.74 248.41 246.4 245.55 245.47
245.56 245.88 245.84 245.17 244.19 243.32 243.03 243.76 245.64 249.13 253.71 258.53 262.83 265.94 267.3 266.53 264.05 260.42 256.17 251.95 248.47 246.33 245.35 245.2
246.55 246.92 246.99 246.52 245.73 244.97 244.6 244.97 246.19 248.62 251.91 255.49 258.79 261.32 262.57 262.2 260.49 257.88 254.82 251.81 249.37 247.9 247.28 247.23
256.48 256.7 256.68 256.24 255.57 254.94 254.64 254.94 255.93 257.96 260.76 263.8 266.58 268.63 269.47 268.78 266.9 264.31 261.51 259 257.28 256.72 257.06 257.94
246.13 246.54 246.27 245.25 244 243.09 242.71 243.01 244.21 246.53 249.68 253.08 256.18 258.43 259.31 258.6 256.66 253.84 250.48 246.93 243.69 241.59 240.57 240.29
241.21 241.34 241.15 240.4 239.38 238.46 238.03 238.49 239.88 242.7 246.54 250.67 254.36 256.91 257.68 256.42 253.95 250.54 246.72 243.07 240.18 238.52 237.92 238.05
237.62 238.21 238.56 238.46 238.1 237.71 237.61 238.05 238.71 240.78 244.24 248.23 251.97 254.74 255.83 254.9 252.59 249.36 245.72 242.19 239.31 237.45 236.55 236.32
236.67 236.97 237.12 236.9 236.47 236.09 236.02 236.59 237.73 240.1 243.43 246.99 250.23 252.58 253.53 252.77 250.71 247.86 244.65 241.57 239.1 237.61 237.07 237.19
243.11 243.73 244.25 244.48 244.54 244.61 244.89 245.56 246.32 247.8 249.94 252.31 254.47 256.03 256.56 255.83 254.24 252.12 249.85 247.82 246.43 245.98 246.19 246.77
242.73 242.97 242.68 241.82 240.68 239.62 239.03 239.29 240.77 243.64 247.41 251.42 255.08 257.88 259.35 258.85 256.6 253.14 249.07 245.03 241.7 239.58 238.52 238.19
239.34 239.54 239.59 239.33 238.86 238.36 238.16 238.54 239.76 242.23 245.6 249.19 252.46 254.83 255.79 255.07 253.11 250.37 247.29 244.33 241.98 240.65 240.19 240.29
242.21 242.49 242.38 241.68 240.65 239.66 239.11 239.37 240.88 243.75 247.47 251.4 254.88 257.35 258.27 257.33 254.92 251.58 247.84 244.25 241.44 239.83 239.31 239.53
242.26 242.93 243.34 243.25 242.86 242.46 242.35 242.84 243.7 245.58 248.48 251.85 255.14 257.85 259.47 259.74 258.93 257.38 255.44 253.48 251.83 250.81 250.41 250.48
261.11 261.47 261.75 261.84 261.8 261.68 261.54 261.47 261.51 261.73 262.09 262.51 262.95 263.34 263.64 263.8 263.79 263.63 263.31 262.81 262.15 261.32 260.34 259.26
243.01 241.6 240.14 238.66 237.35 236.47 236.27 236.99 238.26 240.71 244.3 248.35 252.15 255.03 256.33 255.62 253.42 250.27 246.65 243.1 240.18 238.3 237.35 237.03
238.97 238.97 238.73 238.03 237.11 236.3 235.96 236.44 237.74 240.46 244.28 248.44 252.31 255.25 256.63 256.1 254.16 251.25 247.87 244.59 241.94 240.36 239.67 239.57
238.57 238.68 238.38 237.4 236.08 234.84 234.16 234.53 236.22 239.76 244.59 249.72 254.33 257.59 258.73 257.36 254.2 249.81 244.87 240.13 236.37 234.21 233.44 233.64
235.25 236.02 236.41 236.09 235.33 234.56 234.24 234.81 236.66 240.03 244.37 248.9 252.9 255.72 256.8 255.78 253.06 249.29 245.07 241.04 237.92 236.2 235.77 236.17
236.98 237.8 238.18 237.85 237.09 236.35 236.04 236.61 238.2 241.17 245.14 249.37 253.23 256.11 257.43 256.87 254.79 251.74 248.25 244.79 241.82 239.73 238.43 237.72
237.36 237.14 236.82 236.23 235.57 235.1 235.21 236.2 237.96 241.17 245.49 250.11 254.28 257.31 258.56 257.61 254.91 251.11 246.85 242.86 239.92 238.56 238.36 238.62
237.38 237.48 237.29 236.86 236.45 236.17 236.32 237.21 239.13 242.21 245.96 249.75 253.01 255.2 255.81 254.51 251.61 247.63 243.17 238.85 235.34 233.17 232.2 232.08
234.35 234.79 234.97 234.63 233.98 233.4 233.3 234.11 236.12 239.64 244.15 248.86 252.95 255.77 256.67 255.36 252.49 248.62 244.33 240.26 237.1 235.36 234.92 235.33
238.09 238.91 239.33 239.07 238.39 237.7 237.39 237.86 239.26 242.04 245.85 249.93 253.66 256.39 257.49 256.55 254.05 250.68 246.95 243.29 240.11 237.81 236.69 236.87
252.47 253.23 254.03 254.77 255.49 256.19 256.88 257.57 258.27 258.96 259.6 260.12 260.44 260.51 260.26 259.65 258.8 257.84 256.9 256.12 255.63 255.55 255.78 256.17
248.18 248.49 248.47 248.05 247.42 246.89 246.73 247.25 248.46 250.8 253.95 257.24 260.13 262.04 262.41 260.96 258.23 254.66 250.74 247.02 244.03 242.23 241.5 241.6
251.1 251.87 252.66 253.3 253.82 254.29 254.82 255.48 256.27 257.34 258.57 259.76 260.71 261.23 261.1 260.22 258.8 257.1 255.42 253.99 253.06 252.77 252.95 253.35
237.3 236.82 235.67 233.82 232.03 231.08 231.13 232.1 234.08 237.26 241.35 245.67 249.54 252.35 253.45 252.49 249.89 246.15 241.8 237.38 233.53 231.05 229.88 229.71
244.25 244.82 245.33 245.57 245.66 245.8 246.19 247.04 248.22 250.22 252.9 255.78 258.43 260.41 261.32 260.85 259.27 256.94 254.26 251.59 249.27 247.58 246.44 245.68
231.55 231.17 230.66 229.9 229.12 228.61 228.67 229.6 231.39 234.52 238.59 242.88 246.71 249.43 250.38 249.17 246.44 242.94 239.15 235.56 232.67 230.85 229.95 229.7
229.57 229.74 229.71 229.3 228.71 228.24 228.19 228.85 229.66 231.79 235.28 239.32 243.17 246.09 247.42 246.7 244.46 241.34 237.87 234.62 232.23 231.14 231.14 231.81
235.4 236.17 236.43 235.93 234.97 234 233.47 233.84 235.38 238.5 242.72 247.23 251.31 254.22 255.26 253.95 250.84 246.64 242 237.63 234.26 232.45 231.97 232.37
230.45 231.24 231.5 230.93 229.85 228.74 228.09 228.38 229.93 233.04 237.23 241.78 245.98 249.15 250.64 250.06 247.87 244.56 240.74 237.03 234.07 232.37 231.73 231.77
232.33 232.54 232.26 231.24 229.83 228.5 227.75 228.06 228.97 231.9 236.67 242.11 247.21 250.99 252.54 251.37 248.35 244.15 239.44 235.01 231.64 229.95 229.69 230.43
232.39 233.69 234.6 234.79 234.53 234.21 234.2 234.87 234.51 235.71 239.25 243.96 248.75 252.68 254.84 254.64 252.57 249.4 245.79 242.24 239.27 237.28 236.12 235.49
234.9 234.53 233.92 232.92 231.83 231.05 230.98 232 234.28 238.02 242.72 247.59 251.97 255.22 256.74 256.09 253.69 250.2 246.22 242.36 239.32 237.58 236.96 237.05
237.25 237.57 237.4 236.45 235.04 233.62 232.67 232.64 233.8 236.83 241.28 246.24 250.89 254.48 256.3 255.9 253.78 250.5 246.63 242.71 239.45 237.36 236.28 235.89
239.26 239.21 238.83 237.91 236.72 235.67 235.18 235.65 237.38 240.68 245.04 249.73 254.04 257.27 258.75 258.05 255.62 252.08 248.06 244.17 241.13 239.44 238.91 239.15
244.47 245.07 245.3 244.9 244.1 243.28 242.77 242.96 244.1 246.47 249.73 253.24 256.48 258.92 260.07 259.67 258.05 255.67 252.94 250.28 248.16 246.91 246.41 246.39
239.93 240.04 239.77 238.93 237.77 236.67 236.01 236.18 237.57 240.36 244.06 248 251.55 254.1 255.11 254.33 252.09 248.75 244.74 240.51 236.96 234.91 234.19 234.37
236.97 237.57 237.79 237.36 236.55 235.78 235.45 235.98 237.41 240.28 244.24 248.55 252.51 255.44 256.72 255.96 253.69 250.43 246.74 243.18 240.42 238.88 238.3 238.32
236.52 237.02 237.34 237.27 237 236.82 237.01 237.88 239.71 242.62 246.23 250 253.4 255.89 256.92 255.96 253.35 249.68 245.54 241.55 238.31 236.35 235.49 235.34
236.61 236.78 236.55 235.71 234.54 233.45 232.85 233.16 234.44 237.27 241.31 245.82 250.09 253.47 255.28 255.12 253.36 250.38 246.53 242.24 237.91 233.95 230.89 229.25

Ground temp. (C)
(3600,0,31536000)
-6.1 -7.6 -9.4 -11.21 -12.76 -13.77 -13.95 -13.02 -10.7 -6.88 -2.08 2.98 7.61 11.12 12.8 12.18 9.7 6.03 1.82 -2.24 -5.5 -7.46 -8.32 -8.45
-8.21 -7.97 -8.1 -8.84 -9.92 -10.95 -11.52 -11.23 -9.7 -6.69 -2.64 1.81 6.04 9.45 11.4 11.46 9.96 7.38 4.25 1.05 -1.7 -3.62 -4.77 -5.34
-5.52 -5.47 -5.4 -5.43 -5.49 -5.47 -5.26 -4.74 -3.8 -2.39 -0.71 0.95 2.33 3.13 3.1 2.05 0.21 -2.08 -4.5 -6.72 -8.4 -9.32 -9.66 -9.7
-9.72 -9.99 -10.8 -12.3 -14.16 -15.88 -17.01 -17.08 -15.6 -12.32 -7.8 -2.79 1.92 5.57 7.4 6.88 4.46 0.83 -3.31 -7.29 -10.4 -12.14 -12.73 -12.57
-12.06 -11.6 -11.6 -12.31 -13.44 -14.54 -15.18 -14.91 -13.3 -10.09 -5.75 -0.94 3.67 7.44 9.7 9.99 8.63 6.13 3.02 -0.2 -3 -5 -6.31 -7.18
-7.85 -8.58 -9.6 -11.05 -12.64 -13.95 -14.59 -14.14 -12.2 -8.56 -3.75 1.46 6.35 10.18 12.2 11.9 9.7 6.21 2.1 -2.02 -5.5 -7.86 -9.2 -9.78
-9.87 -9.72 -9.6 -9.68 -9.85 -9.91 -9.67 -8.93 -7.5 -5.28 -2.53 0.36 3.05 5.15 6.3 6.25 5.17 3.36 1.1 -1.32 -3.6 -5.52 -7.04 -8.2
-9.03 -9.55 -9.8 -9.79 -9.47 -8.76 -7.61 -5.95 -3.7 -0.88 2.2 5.14 7.55 9.04 9.2 7.8 5.16 1.77 -1.89 -5.34 -8.1 -9.81 -10.57 -10.63
-10.2 -9.51 -8.8 -8.23 -7.74 -7.21 -6.51 -5.51 -4.1 -2.21 -0.06 2.1 3.99 5.35 5.9 5.47 4.23 2.47 0.44 -1.57 -3.3 -4.54 -5.35 -5.85
-6.16 -6.41 -6.7 -7.12 -7.52 -7.71 -7.49 -6.69 -5.1 -2.64 0.34 3.38 6.02 7.82 8.3 7.17 4.76 1.55 -1.99 -5.36 -8.1 -9.83 -10.69 -10.9
-10.71 -10.36 -10.1 -10.08 -10.18 -10.17 -9.85 -8.99 -7.4 -4.95 -1.96 1.19 4.08 6.32 7.5 7.34 6.08 4.08 1.69 -0.72 -2.8 -4.27 -5.18 -5.67
-5.86 -5.89 -5.9 -5.98 -6.05 -6.01 -5.74 -5.14 -4.1 -2.56 -0.71 1.19 2.91 4.2 4.8 4.56 3.63 2.26 0.71 -0.8 -2 -2.72 -3.03 -3.06
-2.94 -2.81 -2.8 -2.99 -3.32 -3.64 -3.85 -3.81 -3.4 -2.55 -1.41 -0.15 1.03 1.95 2.4 2.27 1.65 0.71 -0.39 -1.48 -2.4 -3.03 -3.4 -3.61
-3.72 -3.83 -4 -4.3 -4.68 -5.06 -5.38 -5.55 -5.5 -5.2 -4.73 -4.23 -3.82 -3.64 -3.8 -4.4 -5.34 -6.51 -7.78 -9.02 -10.1 -10.93 -11.51 -11.88
-12.08 -12.14 -12.1 -11.97 -11.72 -11.26 -10.55 -9.52 -8.1 -6.28 -4.28 -2.37 -0.8 0.14 0.2 -0.79 -2.59 -4.86 -7.25 -9.41 -11 -11.78 -11.88 -11.55
-11.04 -10.57 -10.4 -10.68 -11.24 -11.85 -12.24 -12.17 -11.4 -9.77 -7.54 -5.05 -2.64 -0.68 0.5 0.65 -0.1 -1.48 -3.25 -5.18 -7 -8.53 -9.77 -10.79
-11.64 -12.39 -13.1 -13.79 -14.35 -14.63 -14.5 -13.8 -12.4 -10.23 -7.59 -4.86 -2.43 -0.68 0 -0.64 -2.34 -4.72 -7.4 -9.99 -12.1 -13.46 -14.18 -14.48
-14.59 -14.72 -15.1 -15.85 -16.76 -17.5 -17.76 -17.23 -15.6 -12.7 -8.95 -4.94 -1.24 1.56 2.9 2.38 0.37 -2.59 -5.94 -9.12 -11.6 -12.97 -13.45 -13.43
-13.28 -13.38 -14.1 -15.67 -17.65 -19.48 -20.57 -20.34 -18.2 -13.84 -7.98 -1.6 4.33 8.82 10.9 9.9 6.44 1.44 -4.15 -9.41 -13.4 -15.44 -15.82 -15.09
-13.8 -12.49 -11.7 -11.81 -12.53 -13.38 -13.91 -13.64 -12.1 -9.02 -4.89 -0.38 3.84 7.09 8.7 8.21 6 2.67 -1.17 -4.93 -8 -9.95 -10.97 -11.41
-11.62 -11.97 -12.8 -14.32 -16.13 -17.7 -18.5 -17.98 -15.6 -11.08 -5.14 1.24 7.09 11.43 13.3 12.04 8.3 3.08 -2.65 -7.91 -11.7 -13.32 -13.14 -11.79
-9.91 -8.13 -7.1 -7.25 -8.25 -9.56 -10.67 -11.02 -10.1 -7.57 -3.9 0.26 4.24 7.37 9 8.67 6.74 3.78 0.38 -2.91 -5.5 -6.98 -7.55 -7.57
-7.4 -7.39 -7.9 -9.15 -10.82 -12.47 -13.63 -13.86 -12.7 -9.89 -5.94 -1.55 2.59 5.77 7.3 6.69 4.32 0.79 -3.3 -7.37 -10.8 -13.16 -14.57 -15.33
-15.72 -16.01 -16.5 -17.35 -18.28 -18.9 -18.81 -17.6 -14.9 -10.5 -5.02 0.71 5.87 9.64 11.2 9.99 6.58 1.76 -3.62 -8.75 -12.8 -15.17 -16.14 -16.17
-15.75 -15.36 -15.5 -16.46 -17.85 -19.1 -19.64 -18.9 -16.3 -11.54 -5.33 1.33 7.48 12.13 14.3 13.32 9.8 4.66 -1.21 -6.86 -11.4 -14.13 -15.32 -15.44
-14.99 -14.45 -14.3 -14.88 -15.87 -16.81 -17.23 -16.64 -14.6 -10.83 -5.9 -0.59 4.33 8.09 9.9 9.24 6.58 2.63 -1.89 -6.27 -9.8 -11.94 -12.89 -13.03
-12.72 -12.35 -12.3 -12.81 -13.62 -14.34 -14.59 -13.97 -12.1 -8.77 -4.48 0.09 4.27 7.36 8.7 7.82 5.14 1.31 -3.04 -7.25 -10.7 -12.9 -13.99 -14.31
-14.16 -13.85 -13.7 -13.91 -14.23 -14.28 -13.71 -12.14 -9.2 -4.73 0.67 6.18 10.99 14.3 15.3 13.46 9.38 3.95 -1.95 -7.43 -11.6 -13.83 -14.42 -13.92
-12.91 -11.91 -11.5 -12.04 -13.16 -14.31 -14.95 -14.53 -12.5 -8.54 -3.3 2.36 7.56 11.43 13.1 11.98 8.62 3.89 -1.37 -6.32 -10.1 -12.09 -12.53 -11.88
-10.62 -9.2 -8.1 -7.63 -7.54 -7.45 -6.96 -5.67 -3.2 0.66 5.35 10.15 14.29 17.06 17.7 15.73 11.71 6.43 0.7 -4.68 -8.9 -11.37 -12.36 -12.34
-11.79 -11.18 -11 -11.56 -12.54 -13.47 -13.86 -13.23 -11.1 -7.2 -2.1 3.45 8.68 12.82 15.1 14.99 12.87 9.36 5.07 0.61 -3.4 -6.49 -8.74 -10.38
-11.63 -12.73 -13.9 -15.27 -16.6 -17.55 -17.79 -16.99 -14.8 -11.07 -6.35 -1.38 3.13 6.43 7.8 6.75 3.75 -0.48 -5.22 -9.77 -13.4 -15.59 -16.57 -16.76
-16.58 -16.45 -16.8 -17.88 -19.34 -20.64 -21.27 -20.7 -18.4 -14.09 -8.41 -2.26 3.5 7.98 10.3 9.85 7.15 3 -1.8 -6.47 -10.2 -12.4 -13.32 -13.38
-13.04 -12.73 -12.9 -13.82 -15.14 -16.33 -16.87 -16.23 -13.9 -9.58 -3.95 2.1 7.66 11.83 13.7 12.66 9.28 4.39 -1.13 -6.45 -10.7 -13.26 -14.38 -14.53
-14.19 -13.82 -13.9 -14.74 -15.99 -17.14 -17.69 -17.11 -14.9 -10.78 -5.37 0.46 5.85 9.95 11.9 11.12 8.14 3.8 -1.11 -5.74 -9.3 -11.17 -11.58 -10.98
-9.82 -8.54 -7.6 -7.31 -7.47 -7.78 -7.92 -7.56 -6.4 -4.24 -1.44 1.54 4.21 6.09 6.7 5.73 3.48 0.43 -2.97 -6.23 -8.9 -10.62 -11.55 -11.92
-12.02 -12.09 -12.4 -13.1 -13.9 -14.4 -14.2 -12.9 -10.1 -5.6 -0.02 5.86 11.2 15.22 17.1 16.3 13.38 9.14 4.4 -0.02 -3.3 -4.86 -5.03 -4.38
-3.47 -2.85 -3.1 -4.58 -6.84 -9.26 -11.21 -12.03 -11.1 -8.03 -3.42 1.88 7.01 11.14 13.4 13.21 10.99 7.45 3.28 -0.83 -4.2 -6.3 -7.36 -7.76
-7.9 -8.19 -9 -10.58 -12.54 -14.3 -15.33 -15.04 -12.9 -8.59 -2.84 3.4 9.15 13.44 15.3 14.08 10.38 5.11 -0.8 -6.45 -10.9 -13.49 -14.51 -14.48
-13.93 -13.39 -13.4 -14.29 -15.67 -16.96 -17.56 -16.9 -14.4 -9.73 -3.6 2.99 9.08 13.67 15.8 14.8 11.27 6.13 0.31 -5.27 -9.7 -12.29 -13.3 -13.26
-12.67 -12.05 -11.9 -12.56 -13.67 -14.7 -15.1 -14.35 -11.9 -7.47 -1.72 4.41 10.02 14.19 16 14.83 11.3 6.3 0.74 -4.46 -8.4 -10.42 -10.85 -10.28
-9.27 -8.42 -8.3 -9.29 -10.93 -12.59 -13.6 -13.32 -11.1 -6.56 -0.45 6.2 12.36 17 19.1 17.96 14.2 8.8 2.71 -3.11 -7.7 -10.33 -11.26 -10.99
-10.01 -8.81 -7.9 -7.62 -7.74 -7.9 -7.73 -6.85 -4.9 -1.67 2.36 6.54 10.22 12.76 13.5 12.03 8.82 4.58 0.02 -4.18 -7.3 -8.83 -9.02 -8.3
-7.12 -5.9 -5.1 -5 -5.35 -5.76 -5.81 -5.13 -3.3 -0.11 3.94 8.19 11.97 14.59 15.4 13.94 10.64 6.19 1.24 -3.55 -7.5 -10.12 -11.54 -12.07
-12.01 -11.65 -11.3 -11.17 -11.09 -10.82 -10.1 -8.67 -6.3 -2.86 1.23 5.39 9.06 11.69 12.7 11.72 9.14 5.54 1.48 -2.46 -5.7 -7.82 -9 -9.59
-9.91 -10.3 -11.1 -12.5 -14.14 -15.51 -16.09 -15.39 -12.9 -8.35 -2.45 3.86 9.62 13.88 15.7 14.43 10.7 5.41 -0.5 -6.11 -10.5 -12.99 -13.88 -13.71
-13.03 -12.38 -12.3 -13.15 -14.5 -15.73 -16.22 -15.35 -12.5 -7.34 -0.65 6.49 13.01 17.84 19.9 18.48 14.26 8.27 1.56 -4.84 -9.9 -12.84 -13.97 -13.86
-13.06 -12.15 -11.7 -12.09 -12.96 -13.79 -14.03 -13.14 -10.6 -6.1 -0.31 5.88 11.56 15.83 17.8 16.85 13.51 8.62 2.98 -2.56 -7.2 -10.29 -11.95 -12.48
-12.18 -11.35 -10.3 -9.27 -8.27 -7.25 -6.18 -5.01 -3.7 -2.23 -0.7 0.73 1.93 2.77 3.1 2.83 2.07 0.96 -0.34 -1.67 -2.9 -3.9 -4.71 -5.39
-6.02 -6.67 -7.4 -8.23 -8.94 -9.24 -8.86 -7.5 -4.9 -0.93 3.88 8.82 13.2 16.33 17.5 16.26 13.07 8.65 3.71 -1.04 -4.9 -7.34 -8.56 -8.97
-8.95 -8.89 -9.2 -10.11 -11.27 -12.18 -12.34 -11.24 -8.4 -3.55 2.59 9.03 14.81 18.96 20.5 18.79 14.48 8.56 2 -4.21 -9.1 -11.94 -13 -12.85
-12 -11 -10.4 -10.56 -11.16 -11.73 -11.78 -10.83 -8.4 -4.22 1.09 6.71 11.8 15.54 17.1 15.93 12.59 7.95 2.85 -1.85 -5.3 -6.89 -6.92 -5.94
-4.5 -3.14 -2.4 -2.66 -3.6 -4.72 -5.52 -5.51 -4.2 -1.29 2.68 6.99 10.9 13.68 14.6 13.17 9.88 5.48 0.73 -3.65 -6.9 -8.49 -8.69 -8.02
-6.95 -5.98 -5.6 -6.14 -7.2 -8.25 -8.71 -8.05 -5.7 -1.36 4.31 10.39 15.95 20.1 21.9 20.74 17.18 12.07 6.27 0.63 -4 -6.97 -8.51 -9.04
-8.99 -8.8 -8.9 -9.57 -10.48 -11.17 -11.15 -9.95 -7.1 -2.36 3.58 9.78 15.31 19.22 20.6 18.82 14.54 8.75 2.42 -3.45 -7.9 -10.2 -10.64 -9.79
-8.22 -6.46 -5.1 -4.52 -4.51 -4.68 -4.63 -4 -2.4 0.4 3.97 7.71 11.04 13.37 14.1 12.85 10.02 6.21 2.04 -1.9 -5 -6.82 -7.57 -7.62
-7.36 -7.16 -7.4 -8.3 -9.48 -10.42 -10.59 -9.46 -6.5 -1.44 4.99 11.81 18.02 22.65 24.7 23.51 19.69 14.18 7.9 1.8 -3.2 -6.39 -8 -8.47
-8.24 -7.77 -7.5 -7.74 -8.2 -8.45 -8.07 -6.63 -3.7 0.94 6.68 12.69 18.17 22.28 24.2 23.38 20.32 15.77 10.5 5.25 0.8 -2.29 -4.18 -5.24
-5.83 -6.29 -7 -8.17 -9.48 -10.49 -10.73 -9.75 -7.1 -2.55 3.24 9.36 14.92 19.03 20.8 19.62 16.07 11.02 5.34 -0.09 -4.4 -6.94 -7.93 -7.8
-6.99 -5.95 -5.1 -4.76 -4.73 -4.68 -4.29 -3.24 -1.2 2 5.93 9.99 13.6 16.17 17.1 16.01 13.31 9.58 5.44 1.48 -1.7 -3.65 -4.53 -4.68
-4.4 -4.04 -3.9 -4.19 -4.64 -4.86 -4.43 -2.98 -0.1 4.4 9.89 15.56 20.58 24.14 25.4 23.83 20.03 14.86 9.2 3.92 -0.1 -2.22 -2.72 -2.14
-0.97 0.25 1 0.93 0.33 -0.35 -0.67 -0.17 1.6 4.89 9.2 13.83 18.07 21.23 22.6 21.71 18.97 15 10.45 5.94 2.1 -0.58 -2.21 -3.06
-3.38 -3.44 -3.5 -3.73 -3.91 -3.73 -2.89 -1.09 2 6.5 11.85 17.34 22.23 25.79 27.3 26.27 23.15 18.65 13.46 8.28 3.8 0.57 -1.52 -2.7
-3.25 -3.39 -3.4 -3.44 -3.35 -2.92 -1.9 -0.07 2.8 6.81 11.48 16.2 20.37 23.38 24.6 23.64 20.89 16.95 12.42 7.91 4 1.16 -0.69 -1.8
-2.38 -2.67 -2.9 -3.2 -3.38 -3.13 -2.16 -0.18 3.1 7.81 13.35 18.97 23.91 27.41 28.7 27.28 23.66 18.62 12.91 7.32 2.6 -0.65 -2.57 -3.49
-3.72 -3.58 -3.4 -3.39 -3.34 -2.93 -1.84 0.23 3.6 8.41 14.07 19.81 24.84 28.39 29.7 28.25 24.56 19.44 13.68 8.07 3.4 0.28 -1.44 -2.1
-2.04 -1.59 -1.1 -0.8 -0.58 -0.2 0.56 1.92 4.1 7.21 10.9 14.71 18.17 20.82 22.2 21.99 20.47 18.06 15.2 12.3 9.8 8.01 6.84 6.06
5.49 4.9 4.1 2.96 1.74 0.77 0.4 0.96 2.8 6.08 10.29 14.73 18.71 21.53 22.5 21.16 17.97 13.62 8.79 4.19 0.5 -1.77 -2.8 -2.96
-2.62 -2.15 -1.9 -2.12 -2.52 -2.7 -2.25 -0.75 2.2 6.8 12.45 18.3 23.54 27.35 28.9 27.64 24.13 19.21 13.71 8.46 4.3 1.86 0.92 1.07
1.87 2.93 3.8 4.19 4.21 4.12 4.14 4.52 5.5 7.22 9.42 11.76 13.88 15.45 16.1 15.6 14.13 11.96 9.4 6.71 4.2 2.08 0.37 -1.01
-2.09 -2.94 -3.6 -4.09 -4.26 -3.9 -2.8 -0.77 2.4 6.76 11.81 16.9 21.38 24.6 25.9 24.86 21.91 17.7 12.88 8.09 4 1.09 -0.73 -1.73
-2.17 -2.31 -2.4 -2.62 -2.78 -2.64 -1.91 -0.36 2.3 6.17 10.77 15.46 19.62 22.61 23.8 22.77 19.98 16.08 11.76 7.68 4.5 2.72 2.14 2.39
3.08 3.84 4.3 4.2 3.78 3.37 3.34 4.04 5.8 8.83 12.69 16.78 20.51 23.28 24.5 23.76 21.43 18.07 14.22 10.44 7.3 5.21 4.1 3.73
3.91 4.4 5 5.53 5.97 6.35 6.68 6.99 7.3 7.63 7.95 8.23 8.43 8.53 8.5 8.31 7.99 7.57 7.09 6.59 6.1 5.65 5.2 4.7
4.1 3.35 2.4 1.25 0.04 -1.01 -1.72 -1.88 -1.3 0.13 2.13 4.35 6.4 7.94 8.6 8.12 6.7 4.65 2.3 -0.06 -2.1 -3.59 -4.57 -5.18
-5.52 -5.72 -5.9 -6.13 -6.25 -6.03 -5.26 -3.72 -1.2 2.4 6.66 11.02 14.93 17.84 19.2 18.64 16.49 13.29 9.54 5.77 2.5 0.13 -1.4 -2.3
-2.74 -2.91 -3 -3.13 -3.16 -2.85 -1.98 -0.34 2.3 6.03 10.41 14.89 18.91 21.9 23.3 22.73 20.53 17.2 13.26 9.22 5.6 2.79 0.77 -0.63
-1.54 -2.11 -2.5 -2.78 -2.8 -2.33 -1.14 1 4.3 8.85 14.12 19.44 24.14 27.55 29 28.03 25.11 20.88 16.05 11.26 7.2 4.38 2.68 1.82
1.52 1.51 1.5 1.31 1.13 1.23 1.89 3.39 6 9.85 14.45 19.15 23.3 26.27 27.4 26.27 23.31 19.19 14.56 10.08 6.4 4.02 2.81 2.44
2.62 3.04 3.4 3.49 3.49 3.69 4.37 5.81 8.3 11.96 16.33 20.76 24.64 27.33 28.2 26.84 23.69 19.39 14.61 10 6.2 3.71 2.38 1.89
1.93 2.17 2.3 2.11 1.83 1.76 2.23 3.57 6.1 9.97 14.67 19.52 23.85 26.97 28.2 27.09 24.09 19.84 15.02 10.28 6.3 3.57 1.99 1.27
1.15 1.35 1.6 1.7 1.75 1.94 2.42 3.38 5 7.35 10.15 12.99 15.49 17.25 17.9 17.17 15.33 12.79 9.97 7.27 5.1 3.76 3.15 3.03
3.2 3.43 3.5 3.28 2.96 2.8 3.09 4.1 6.1 9.22 13.07 17.1 20.78 23.56 24.9 24.43 22.44 19.37 15.67 11.8 8.2 5.24 2.93 1.2
-0.02 -0.79 -1.2 -1.27 -0.93 -0.04 1.51 3.85 7.1 11.26 15.9 20.44 24.32 27 27.9 26.66 23.7 19.61 15.01 10.5 6.7 4.06 2.49 1.75
1.6 1.79 2.1 2.35 2.72 3.42 4.71 6.83 10 14.33 19.33 24.38 28.86 32.14 33.6 32.81 30.15 26.2 21.52 16.7 12.3 8.79 6.16 4.3
3.08 2.39 2.1 2.15 2.63 3.69 5.48 8.13 11.8 16.49 21.67 26.64 30.74 33.29 33.6 31.25 26.81 21.12 15 9.29 4.8 2.16 1.11 1.21
2 3.01 3.8 4.03 3.9 3.76 3.92 4.72 6.5 9.43 13.1 16.93 20.36 22.8 23.7 22.67 20.06 16.44 12.36 8.36 5 2.7 1.36 0.75
0.64 0.8 1 1.1 1.26 1.75 2.81 4.71 7.7 11.88 16.76 21.68 25.99 29.05 30.2 29.01 25.94 21.64 16.79 12.06 8.1 5.43 3.92 3.27
3.18 3.35 3.5 3.43 3.35 3.58 4.44 6.24 9.3 13.76 19.06 24.45 29.2 32.56 33.8 32.41 28.86 23.86 18.11 12.32 7.2 3.31 0.62 -1.03
-1.82 -1.92 -1.5 -0.68 0.56 2.32 4.68 7.71 11.5 16.02 20.83 25.39 29.13 31.52 32 30.24 26.71 22.13 17.19 12.58 9 6.97 6.28 6.54
7.35 8.34 9.1 9.34 9.13 8.62 7.98 7.35 6.9 6.74 6.83 7.08 7.4 7.7 7.9 7.93 7.82 7.63 7.43 7.26 7.2 7.27 7.42 7.56
7.61 7.49 7.1 6.43 5.64 4.98 4.68 4.98 6.1 8.17 10.87 13.77 16.42 18.41 19.3 18.79 17.15 14.79 12.11 9.51 7.4 6.08 5.44 5.24
5.27 5.3 5.1 4.55 3.9 3.47 3.62 4.69 7 10.73 15.36 20.19 24.51 27.65 28.9 27.79 24.76 20.48 15.62 10.84 6.8 4.02 2.38 1.59
1.38 1.48 1.6 1.56 1.55 1.86 2.76 4.55 7.5 11.74 16.76 21.89 26.45 29.78 31.2 30.26 27.42 23.33 18.67 14.1 10.3 7.77 6.36 5.75
5.63 5.69 5.6 5.17 4.65 4.4 4.8 6.21 9 13.34 18.67 24.22 29.23 32.94 34.6 33.68 30.67 26.26 21.19 16.16 11.9 8.95 7.19 6.31
6.04 6.06 6.1 5.95 5.82 6.02 6.87 8.65 11.7 16.14 21.41 26.8 31.58 35.02 36.4 35.23 32 27.44 22.26 17.21 13 10.19 8.63 8.02
8.04 8.37 8.7 8.8 8.78 8.84 9.17 9.95 11.4 13.6 16.27 19.03 21.49 23.28 24 23.4 21.73 19.35 16.62 13.91 11.6 9.96 8.93 8.39
8.18 8.16 8.2 8.21 8.31 8.69 9.53 11.01 13.3 16.48 20.15 23.81 26.96 29.09 29.7 28.45 25.69 21.9 17.58 13.25 9.4 6.42 4.3 2.9
2.08 1.73 1.7 1.92 2.5 3.58 5.34 7.93 11.5 16.08 21.19 26.21 30.51 33.48 34.5 33.17 29.91 25.37 20.19 15.02 10.5 7.13 4.86 3.49
2.83 2.7 2.9 3.3 4.02 5.25 7.18 10 13.9 18.91 24.51 30.02 34.75 38.04 39.2 37.79 34.3 29.44 23.94 18.52 13.9 10.64 8.63 7.61
7.33 7.51 7.9 8.31 8.9 9.91 11.57 14.12 17.8 22.68 28.21 33.65 38.28 41.37 42.2 40.29 36.17 30.61 24.38 18.25 13 9.22 6.84 5.57
5.17 5.37 5.9 6.58 7.52 8.88 10.85 13.6 17.3 22 27.2 32.24 36.5 39.34 40.1 38.38 34.66 29.63 24.01 18.5 13.8 10.46 8.36 7.24
6.84 6.88 7.1 7.31 7.68 8.46 9.88 12.22 15.7 20.43 25.86 31.29 36.05 39.41 40.7 39.44 36.09 31.31 25.81 20.24 15.3 11.52 8.86 7.15
6.2 5.84 5.9 6.23 6.9 7.99 9.61 11.84 14.8 18.47 22.48 26.34 29.57 31.68 32.2 30.81 27.88 23.93 19.52 15.16 11.4 8.65 6.87 5.88
5.51 5.61 6 6.56 7.34 8.43 9.94 11.97 14.6 17.86 21.42 24.89 27.88 29.98 30.8 30.07 28.06 25.18 21.82 18.4 15.3 12.85 11.03 9.73
8.85 8.27 7.9 7.68 7.76 8.37 9.72 12.03 15.5 20.2 25.57 30.87 35.39 38.41 39.2 37.29 33.21 27.72 21.61 15.64 10.6 7.07 4.94 3.92
3.7 3.99 4.5 5.02 5.68 6.71 8.34 10.8 14.3 18.93 24.16 29.33 33.77 36.82 37.8 36.28 32.72 27.83 22.3 16.82 12.1 8.67 6.46 5.24
4.78 4.84 5.2 5.69 6.44 7.62 9.41 12.01 15.6 20.22 25.38 30.45 34.8 37.79 38.8 37.41 34.1 29.54 24.43 19.45 15.3 12.5 10.92 10.27
10.28 10.65 11.1 11.41 11.66 11.97 12.51 13.41 14.8 16.76 19.04 21.33 23.3 24.63 25 24.21 22.48 20.15 17.57 15.07 13 11.61 10.82 10.47
10.4 10.43 10.4 10.23 10.14 10.43 11.4 13.36 16.6 21.26 26.74 32.3 37.16 40.58 41.8 40.3 36.6 31.44 25.59 19.79 14.8 11.21 8.93 7.7
7.25 7.34 7.7 8.15 8.81 9.89 11.6 14.13 17.7 22.36 27.58 32.69 37.03 39.92 40.7 38.92 35.07 29.86 24.02 18.26 13.3 9.7 7.37 6.07
5.55 5.58 5.9 6.35 7.07 8.27 10.15 12.92 16.8 21.84 27.46 32.93 37.52 40.48 41.1 38.89 34.4 28.44 21.84 15.39 9.9 6.01 3.66 2.58
2.52 3.25 4.5 6.07 7.93 10.06 12.48 15.2 18.2 21.45 24.68 27.59 29.87 31.21 31.3 29.95 27.43 24.11 20.38 16.61 13.2 10.44 8.35 6.87
5.92 5.45 5.4 5.73 6.56 8.02 10.27 13.45 17.7 23.03 28.88 34.56 39.37 42.61 43.6 41.87 37.96 32.61 26.59 20.67 15.6 11.98 9.7 8.48
8.04 8.11 8.4 8.73 9.24 10.18 11.78 14.27 17.9 22.75 28.26 33.76 38.53 41.87 43.1 41.74 38.3 33.51 28.11 22.83 18.4 15.39 13.66 12.9
12.79 13.03 13.3 13.39 13.48 13.84 14.75 16.48 19.3 23.34 28.08 32.87 37.05 39.94 40.9 39.48 36.14 31.56 26.44 21.46 17.3 14.49 12.89 12.22
12.19 12.52 12.9 13.15 13.44 14.04 15.22 17.25 20.4 24.78 29.86 34.96 39.4 42.47 43.5 42.04 38.57 33.83 28.53 23.42 19.2 16.44 14.99 14.53
14.74 15.3 15.9 16.31 16.68 17.26 18.29 20.02 22.7 26.43 30.76 35.12 38.92 41.57 42.5 41.3 38.34 34.17 29.34 24.4 19.9 16.28 13.57 11.68
10.53 10.03 10.1 10.68 11.82 13.59 16.06 19.3 23.4 28.31 33.56 38.57 42.77 45.57 46.4 44.87 41.4 36.61 31.1 25.49 20.4 16.32 13.28 11.19
9.96 9.49 9.7 10.51 11.93 13.98 16.7 20.09 24.2 28.94 33.88 38.46 42.13 44.36 44.6 42.5 38.51 33.28 27.45 21.68 16.6 12.73 10.01 8.26
7.29 6.9 6.9 7.15 7.69 8.59 9.92 11.76 14.2 17.23 20.54 23.76 26.52 28.42 29.1 28.3 26.32 23.57 20.47 17.44 14.9 13.17 12.16 11.7
11.61 11.7 11.8 11.77 11.7 11.71 11.93 12.48 13.5 15.04 16.91 18.83 20.53 21.74 22.2 21.72 20.48 18.76 16.83 14.95 13.4 12.38 11.82 11.56
11.47 11.4 11.2 10.81 10.47 10.52 11.27 13.06 16.2 20.84 26.4 32.09 37.13 40.76 42.2 40.92 37.4 32.38 26.59 20.75 15.6 11.72 9.11 7.6
7.05 7.31 8.2 9.6 11.44 13.67 16.24 19.1 22.2 25.45 28.6 31.39 33.52 34.71 34.7 33.3 30.8 27.57 24.01 20.49 17.4 15.05 13.43 12.44
12 12.01 12.4 13.1 14.25 15.99 18.49 21.9 26.4 31.98 38.06 43.88 48.71 51.8 52.4 50.04 45.28 38.96 31.92 24.98 19 14.62 11.77 10.2
9.66 9.91 10.7 11.84 13.4 15.52 18.36 22.03 26.7 32.35 38.42 44.21 49.01 52.1 52.8 50.64 46.17 40.19 33.5 26.9 21.2 17.01 14.24 12.64
11.92 11.83 12.1 12.54 13.29 14.54 16.53 19.44 23.5 28.75 34.6 40.3 45.08 48.2 48.9 46.69 42.13 36.07 29.34 22.77 17.2 13.28 10.92 9.84
9.76 10.41 11.5 12.82 14.4 16.33 18.7 21.59 25.1 29.22 33.55 37.6 40.88 42.87 43.1 41.25 37.73 33.14 28.09 23.18 19 16.02 14.2 13.33
13.23 13.72 14.6 15.73 17.09 18.73 20.68 22.95 25.6 28.58 31.62 34.38 36.51 37.66 37.5 35.81 32.87 29.09 24.88 20.64 16.8 13.68 11.3 9.62
8.59 8.17 8.3 8.96 10.24 12.24 15.08 18.86 23.7 29.56 35.84 41.81 46.74 49.88 50.5 48.13 43.37 37.08 30.15 23.43 17.8 13.92 11.65 10.63
10.54 11.01 11.7 12.37 13.2 14.45 16.42 19.38 23.6 29.19 35.53 41.81 47.23 51 52.3 50.62 46.52 40.87 34.52 28.31 23.1 19.54 17.49 16.61
16.54 16.95 17.5 17.94 18.43 19.25 20.66 22.92 26.3 30.91 36.19 41.46 46 49.12 50.1 48.49 44.78 39.7 34.01 28.43 23.7 20.39 18.42 17.52
17.44 17.92 18.7 19.56 20.43 21.27 22.04 22.7 23.2 23.52 23.67 23.64 23.44 23.09 22.6 21.98 21.26 20.51 19.77 19.08 18.5 18.06 17.74 17.48
17.25 17 16.7 16.35 16.2 16.55 17.7 19.95 23.6 28.76 34.8 40.87 46.15 49.8 51 49.19 44.95 39.13 32.58 26.15 20.7 16.88 14.59 13.51
13.34 13.77 14.5 15.28 16.13 17.09 18.25 19.66 21.4 23.47 25.66 27.71 29.34 30.29 30.3 29.19 27.2 24.67 21.94 19.34 17.2 15.79 15.02 14.76
14.84 15.1 15.4 15.62 15.84 16.14 16.65 17.47 18.7 20.39 22.34 24.29 25.95 27.08 27.4 26.73 25.24 23.15 20.72 18.19 15.8 13.76 12.16 11.04
10.48 10.51 11.2 12.56 14.46 16.73 19.19 21.67 24 26.03 27.65 28.78 29.33 29.24 28.4 26.8 24.63 22.17 19.67 17.39 15.6 14.48 13.94 13.8
13.88 14 14 13.75 13.38 13.06 12.97 13.29 14.2 15.79 17.83 20 22 23.5 24.2 23.87 22.67 20.85 18.67 16.37 14.2 12.38 10.93 9.85
9.12 8.74 8.7 9 9.75 11.05 13.03 15.81 19.5 24.1 29.15 34.04 38.19 41 41.9 40.49 37.2 32.69 27.59 22.55 18.2 15.05 13.03 11.93
11.53 11.63 12 12.52 13.32 14.63 16.67 19.65 23.8 29.17 35.18 41.07 46.08 49.48 50.5 48.66 44.5 38.85 32.5 26.28 21 17.28 14.99 13.82
13.44 13.54 13.8 14.01 14.35 15.11 16.6 19.1 22.9 28.12 34.15 40.21 45.51 49.27 50.7 49.29 45.57 40.33 34.37 28.5 23.5 20 17.9 16.94
16.85 17.36 18.2 19.15 20.19 21.34 22.62 24.07 25.7 27.5 29.3 30.88 32.03 32.54 32.2 30.88 28.79 26.24 23.53 20.95 18.8 17.32 16.42 15.96
15.78 15.75 15.7 15.56 15.49 15.73 16.53 18.1 20.7 24.42 28.79 33.24 37.15 39.94 41 39.94 37.14 33.17 28.61 24.03 20 16.98 14.95 13.76
13.25 13.28 13.7 14.4 15.41 16.78 18.58 20.87 23.7 27.06 30.61 33.95 36.65 38.31 38.5 36.97 34.06 30.26 26.05 21.94 18.4 15.82 14.15 13.21
12.83 12.85 13.1 13.47 14.13 15.31 17.23 20.12 24.2 29.54 35.54 41.41 46.4 49.72 50.6 48.54 44.1 38.12 31.42 24.84 19.2 15.16 12.64 11.38
11.13 11.62 12.6 13.88 15.52 17.66 20.45 24.02 28.5 33.9 39.68 45.17 49.68 52.55 53.1 50.9 46.49 40.65 34.17 27.82 22.4 18.51 16.06 14.81
14.48 14.83 15.6 16.59 17.82 19.4 21.41 23.95 27.1 30.86 34.83 38.52 41.43 43.05 42.9 40.66 36.76 31.79 26.37 21.11 16.6 13.33 11.22 10.09
9.74 9.98 10.6 11.47 12.7 14.44 16.84 20.08 24.3 29.53 35.22 40.7 45.28 48.27 49 47.03 42.87 37.29 31.06 24.95 19.7 15.92 13.54 12.31
11.99 12.33 13.1 14.11 15.42 17.18 19.51 22.54 26.4 31.11 36.18 41.01 45.01 47.57 48.1 46.21 42.39 37.38 31.88 26.61 22.3 19.48 17.99 17.5
17.68 18.19 18.7 18.98 19.23 19.77 20.9 22.94 26.2 30.81 36.22 41.67 46.43 49.75 50.9 49.39 45.73 40.72 35.1 29.67 25.2 22.27 20.72 20.18
20.32 20.78 21.2 21.31 21.16 20.88 20.61 20.47 20.6 21.08 21.83 22.71 23.58 24.33 24.8 24.9 24.62 23.97 22.97 21.64 20 18.09 16.03 14
12.15 10.63 9.6 9.2 9.48 10.47 12.18 14.65 17.9 21.88 26.19 30.39 34 36.56 37.6 36.82 34.52 31.18 27.27 23.25 19.6 16.69 14.56 13.14
12.36 12.17 12.5 13.3 14.5 16.08 17.97 20.12 22.5 25.02 27.5 29.73 31.49 32.59 32.8 32 30.39 28.25 25.87 23.52 21.5 20.01 19 18.32
17.85 17.45 17 16.4 15.75 15.19 14.87 14.93 15.5 16.67 18.25 20 21.65 22.97 23.7 23.66 22.95 21.71 20.12 18.33 16.5 14.78 13.26 12.03
11.17 10.76 10.9 11.63 12.89 14.58 16.61 18.88 21.3 23.76 26.09 28.1 29.63 30.49 30.5 29.55 27.84 25.64 23.22 20.85 18.8 17.28 16.27 15.68
15.41 15.38 15.5 15.72 16.11 16.8 17.9 19.53 21.8 24.75 28.05 31.29 34.07 35.98 36.6 35.67 33.47 30.42 26.92 23.41 20.3 17.92 16.26 15.23
14.74 14.7 15 15.59 16.51 17.83 19.62 21.95 24.9 28.45 32.25 35.87 38.88 40.83 41.3 40 37.28 33.63 29.53 25.49 22 19.44 17.76 16.79
16.39 16.38 16.6 16.94 17.44 18.18 19.27 20.78 22.8 25.35 28.15 30.85 33.11 34.58 34.9 33.86 31.71 28.85 25.67 22.56 19.9 18 16.84 16.28
16.22 16.53 17.1 17.85 18.82 20.13 21.84 24.07 26.9 30.33 34.02 37.52 40.39 42.2 42.5 41.01 38.07 34.15 29.76 25.38 21.5 18.51 16.41 15.11
14.5 14.5 15 15.94 17.38 19.41 22.13 25.63 30 35.21 40.76 46 50.31 53.05 53.6 51.54 47.38 41.83 35.62 29.47 24.1 20.08 17.37 15.76
15.07 15.08 15.6 16.47 17.68 19.24 21.18 23.53 26.3 29.46 32.72 35.75 38.2 39.73 40 38.79 36.38 33.14 29.47 25.76 22.4 19.71 17.7 16.33
15.54 15.28 15.5 16.17 17.39 19.26 21.91 25.45 30 35.54 41.51 47.24 52.02 55.17 56 54.07 49.91 44.3 38.01 31.81 26.5 22.67 20.23 18.95
18.57 18.84 19.5 20.38 21.56 23.21 25.5 28.57 32.6 37.61 43.07 48.33 52.72 55.6 56.3 54.39 50.38 44.99 38.96 33.02 27.9 24.17 21.74 20.36
19.78 19.74 20 20.38 21.01 22.11 23.89 26.54 30.3 35.21 40.73 46.16 50.79 53.94 54.9 53.21 49.37 44.11 38.17 32.29 27.2 23.48 21.05 19.7
19.2 19.3 19.8 20.52 21.55 23.05 25.18 28.07 31.9 36.68 41.89 46.92 51.1 53.81 54.4 52.46 48.48 43.17 37.24 31.42 26.4 22.75 20.38 19.05
18.53 18.56 18.9 19.4 20.19 21.49 23.53 26.53 30.7 36.11 42.16 48.11 53.2 56.68 57.8 56.06 52 46.4 40.06 33.76 28.3 24.29 21.66 20.17
19.57 19.63 20.1 20.79 21.77 23.12 24.97 27.43 30.6 34.49 38.73 42.83 46.31 48.69 49.5 48.41 45.76 42.05 37.77 33.42 29.5 26.41 24.16 22.66
21.85 21.62 21.9 22.61 23.7 25.13 26.85 28.82 31 33.31 35.57 37.56 39.07 39.89 39.8 38.68 36.73 34.26 31.57 28.95 26.7 25.05 23.96 23.3
22.94 22.79 22.7 22.62 22.7 23.15 24.16 25.94 28.7 32.51 36.91 41.32 45.15 47.8 48.7 47.45 44.44 40.29 35.58 30.92 26.9 23.99 22.12 21.06
20.61 20.56 20.7 20.88 21.22 21.9 23.12 25.06 27.9 31.71 36.03 40.28 43.9 46.3 46.9 45.33 42 37.51 32.47 27.5 23.2 20.05 17.99 16.83
16.39 16.47 16.9 17.54 18.54 20.08 22.37 25.61 30 35.57 41.71 47.63 52.56 55.71 56.3 53.83 48.94 42.52 35.5 28.79 23.3 19.72 17.85 17.27
17.59 18.37 19.2 19.79 20.36 21.23 22.74 25.22 29 34.23 40.32 46.46 51.86 55.74 57.3 56.02 52.41 47.26 41.35 35.47 30.4 26.74 24.4 23.08
22.49 22.36 22.4 22.42 22.6 23.22 24.55 26.89 30.5 35.49 41.27 47.07 52.14 55.7 57 55.53 51.8 46.61 40.72 34.93 30 26.54 24.41 23.3
22.89 22.86 22.9 22.79 22.67 22.79 23.39 24.71 27 30.37 34.4 38.53 42.23 44.93 46.1 45.35 43.04 39.67 35.78 31.88 28.5 26.04 24.42 23.47
22.99 22.8 22.7 22.58 22.61 22.99 23.97 25.76 28.6 32.57 37.17 41.77 45.73 48.42 49.2 47.65 44.24 39.66 34.58 29.7 25.7 23.1 21.78 21.42
21.74 22.43 23.2 23.82 24.38 25.03 25.93 27.23 29.1 31.6 34.43 37.23 39.61 41.19 41.6 40.59 38.44 35.56 32.39 29.33 26.8 25.11 24.12 23.59
23.27 22.92 22.3 21.27 20.17 19.44 19.52 20.86 23.9 28.86 35.07 41.63 47.64 52.19 54.4 53.64 50.41 45.51 39.7 33.77 28.5 24.52 21.78 20.1
19.27 19.1 19.4 20.02 21.04 22.61 24.87 27.95 32 37.02 42.51 47.83 52.32 55.36 56.3 54.72 51.09 46.09 40.4 34.71 29.7 25.92 23.33 21.77
21.06 21.03 21.5 22.34 23.57 25.22 27.34 29.99 33.2 36.95 40.88 44.57 47.59 49.51 49.9 48.49 45.63 41.82 37.56 33.35 29.7 27 25.19 24.1
23.57 23.42 23.5 23.68 24.06 24.79 26 27.86 30.5 33.97 37.87 41.71 44.99 47.22 47.9 46.7 43.98 40.27 36.08 31.95 28.4 25.84 24.22 23.37
23.13 23.33 23.8 24.4 25.09 25.83 26.62 27.41 28.2 28.95 29.6 30.11 30.4 30.42 30.1 29.42 28.46 27.32 26.13 24.98 24 23.26 22.73 22.34
22.03 21.74 21.4 20.98 20.6 20.4 20.54 21.15 22.4 24.35 26.75 29.27 31.59 33.37 34.3 34.14 33.07 31.38 29.35 27.27 25.4 23.98 23 22.39
22.08 22.01 22.1 22.31 22.71 23.37 24.39 25.83 27.8 30.3 33.07 35.79 38.12 39.73 40.3 39.6 37.86 35.43 32.65 29.86 27.4 25.54 24.26 23.48
23.1 23.04 23.2 23.52 24.03 24.78 25.82 27.21 29 31.19 33.56 35.84 37.76 39.03 39.4 38.68 37.06 34.85 32.32 29.78 27.5 25.72 24.41 23.48
22.82 22.36 22 21.68 21.47 21.49 21.84 22.64 24 25.95 28.27 30.64 32.75 34.31 35 34.62 33.37 31.56 29.47 27.42 25.7 24.55 23.91 23.68
23.73 23.94 24.2 24.42 24.65 24.97 25.45 26.16 27.2 28.58 30.15 31.67 32.95 33.77 33.9 33.22 31.88 30.16 28.29 26.52 25.1 24.22 23.82 23.74
23.87 24.07 24.2 24.18 24.14 24.26 24.7 25.66 27.3 29.71 32.58 35.51 38.09 39.92 40.6 39.86 37.96 35.3 32.27 29.27 26.7 24.87 23.73 23.17
23.06 23.28 23.7 24.23 24.89 25.76 26.9 28.35 30.2 32.44 34.84 37.11 38.97 40.13 40.3 39.29 37.34 34.77 31.92 29.12 26.7 24.92 23.75 23.06
22.75 22.7 22.8 22.97 23.22 23.61 24.19 25 26.1 27.49 29.03 30.53 31.8 32.65 32.9 32.42 31.34 29.88 28.21 26.55 25.1 24 23.24 22.75
22.46 22.3 22.2 22.12 22.12 22.28 22.67 23.39 24.5 26.04 27.85 29.69 31.34 32.58 33.2 33.03 32.21 30.91 29.35 27.72 26.2 24.96 24.02 23.35
22.96 22.81 22.9 23.21 23.76 24.57 25.65 27.02 28.7 30.67 32.73 34.66 36.21 37.17 37.3 36.45 34.82 32.69 30.36 28.1 26.2 24.88 24.09 23.72
23.66 23.79 24 24.2 24.42 24.68 25.04 25.53 26.2 27.06 28.02 28.95 29.74 30.26 30.4 30.07 29.36 28.39 27.29 26.18 25.2 24.43 23.86 23.42
23.07 22.75 22.4 22 21.62 21.35 21.29 21.54 22.2 23.31 24.71 26.2 27.59 28.65 29.2 29.09 28.44 27.44 26.27 25.13 24.2 23.62 23.33 23.23
23.23 23.22 23.1 22.81 22.43 22.11 21.96 22.11 22.7 23.79 25.24 26.83 28.34 29.57 30.3 30.39 29.94 29.13 28.12 27.09 26.2 25.59 25.22 25.03
24.92 24.84 24.7 24.47 24.29 24.31 24.73 25.7 27.4 29.91 32.92 36.03 38.85 40.97 42 41.66 40.17 37.89 35.15 32.3 29.7 27.62 26.08 25.03
24.44 24.24 24.4 24.87 25.6 26.53 27.63 28.83 30.1 31.37 32.56 33.59 34.36 34.8 34.8 34.32 33.45 32.3 31.02 29.71 28.5 27.5 26.7 26.08
25.62 25.3 25.1 25 25.07 25.35 25.93 26.86 28.2 29.97 31.98 33.97 35.68 36.88 37.3 36.78 35.51 33.73 31.71 29.71 28 26.77 25.97 25.51
25.26 25.13 25 24.8 24.59 24.43 24.43 24.66 25.2 26.1 27.22 28.41 29.48 30.27 30.6 30.36 29.65 28.6 27.36 26.08 24.9 23.94 23.19 22.62
22.21 21.91 21.7 21.57 21.63 21.99 22.79 24.15 26.2 28.97 32.13 35.25 37.9 39.66 40.1 38.94 36.49 33.22 29.57 26.01 23 20.89 19.64 19.09
19.1 19.52 20.2 21.02 21.98 23.12 24.46 26.05 27.9 30.01 32.19 34.2 35.79 36.74 36.8 35.83 34.02 31.66 29.05 26.46 24.2 22.48 21.31 20.61
20.32 20.37 20.7 21.26 22.06 23.14 24.54 26.28 28.4 30.89 33.5 35.98 38.02 39.36 39.7 38.87 37.1 34.7 32 29.33 27 25.27 24.1 23.39
23.02 22.89 22.9 22.97 23.16 23.59 24.36 25.56 27.3 29.62 32.25 34.87 37.16 38.77 39.4 38.81 37.23 34.97 32.36 29.73 27.4 25.62 24.38 23.57
23.12 22.92 22.9 22.98 23.2 23.62 24.3 25.31 26.7 28.49 30.5 32.49 34.22 35.47 36 35.65 34.58 33.02 31.2 29.35 27.7 26.43 25.52 24.88
24.45 24.15 23.9 23.65 23.46 23.42 23.61 24.1 25 26.33 27.91 29.53 30.97 32 32.4 32.02 30.99 29.54 27.87 26.18 24.7 23.58 22.82 22.33
22.06 21.94 21.9 21.92 22.08 22.51 23.34 24.69 26.7 29.39 32.47 35.53 38.19 40.04 40.7 39.9 37.93 35.2 32.14 29.17 26.7 25.05 24.14 23.79
23.8 24 24.2 24.27 24.27 24.35 24.61 25.18 26.2 27.71 29.53 31.39 33.03 34.18 34.6 34.1 32.87 31.16 29.25 27.41 25.9 24.92 24.41 24.23
24.25 24.36 24.4 24.3 24.13 24.02 24.08 24.43 25.2 26.45 28.01 29.66 31.17 32.33 32.9 32.74 31.97 30.81 29.44 28.07 26.9 26.09 25.59 25.34
25.24 25.22 25.2 25.13 25.09 25.21 25.63 26.45 27.8 29.74 32.03 34.36 36.44 37.96 38.6 38.17 36.86 34.98 32.81 30.65 28.8 27.49 26.66 26.19
25.96 25.83 25.7 25.46 25.15 24.83 24.55 24.39 24.4 24.62 25.01 25.48 25.97 26.4 26.7 26.81 26.73 26.5 26.14 25.66 25.1 24.48 23.85 23.26
22.75 22.38 22.2 22.25 22.58 23.24 24.29 25.76 27.7 30.11 32.75 35.31 37.51 39.04 39.6 39 37.46 35.3 32.84 30.4 28.3 26.79 25.82 25.27
25.03 24.98 25 25.01 25.08 25.34 25.9 26.88 28.4 30.5 32.92 35.33 37.42 38.85 39.3 38.54 36.82 34.46 31.81 29.21 27 25.44 24.47 23.93
23.69 23.6 23.5 23.31 23.15 23.17 23.56 24.48 26.1 28.49 31.35 34.28 36.86 38.7 39.4 38.69 36.87 34.37 31.64 29.1 27.2 26.26 26.13 26.57
27.33 28.16 28.8 29.08 29.12 29.14 29.34 29.93 31.1 32.98 35.3 37.7 39.84 41.36 41.9 41.22 39.57 37.28 34.7 32.19 30.1 28.69 27.89 27.54
27.5 27.6 27.7 27.69 27.66 27.79 28.22 29.1 30.6 32.78 35.37 38 40.33 41.98 42.6 41.95 40.29 37.99 35.44 33.02 31.1 29.96 29.48 29.43
29.56 29.66 29.5 28.92 28.12 27.37 26.93 27.08 28.1 30.13 32.84 35.8 38.54 40.62 41.6 41.16 39.56 37.19 34.43 31.67 29.3 27.62 26.57 26
25.75 25.67 25.6 25.45 25.32 25.36 25.74 26.6 28.1 30.32 32.97 35.69 38.13 39.92 40.7 40.22 38.7 36.47 33.88 31.24 28.9 27.12 25.87 25.05
24.56 24.31 24.2 24.15 24.22 24.47 24.99 25.84 27.1 28.8 30.74 32.68 34.38 35.6 36.1 35.7 34.54 32.82 30.73 28.49 26.3 24.33 22.63 21.24
20.19 19.5 19.2 19.31 19.8 20.61 21.7 23.01 24.5 26.1 27.68 29.1 30.18 30.8 30.8 30.08 28.78 27.08 25.18 23.26 21.5 20.07 18.97 18.2
17.75 17.58 17.7 18.09 18.76 19.72 21.01 22.63 24.6 26.89 29.3 31.56 33.42 34.62 34.9 34.1 32.42 30.15 27.6 25.05 22.8 21.09 19.92 19.23
18.97 19.08 19.5 20.19 21.11 22.24 23.56 25.06 26.7 28.44 30.15 31.64 32.76 33.33 33.2 32.26 30.68 28.7 26.57 24.52 22.8 21.58 20.83 20.44
20.3 20.32 20.4 20.47 20.63 21 21.74 22.96 24.8 27.31 30.19 33.05 35.49 37.14 37.6 36.61 34.45 31.53 28.24 25 22.2 20.17 18.85 18.12
17.82 17.83 18 18.24 18.61 19.22 20.17 21.56 23.5 26.02 28.85 31.64 34.04 35.71 36.3 35.58 33.79 31.29 28.42 25.54 23 21.09 19.76 18.92
18.45 18.25 18.2 18.24 18.45 18.96 19.89 21.36 23.5 26.34 29.55 32.72 35.43 37.26 37.8 36.78 34.49 31.38 27.9 24.49 21.6 19.56 18.32 17.7
17.54 17.66 17.9 18.15 18.52 19.19 20.32 22.1 24.7 28.17 32.13 36.06 39.47 41.85 42.7 41.68 39.15 35.64 31.68 27.79 24.5 22.22 20.85 20.18
19.99 20.07 20.2 20.23 20.3 20.58 21.28 22.59 24.7 27.69 31.2 34.75 37.87 40.08 40.9 40.03 37.79 34.67 31.17 27.78 25 23.19 22.24 21.92
22 22.23 22.4 22.34 22.2 22.21 22.59 23.58 25.4 28.16 31.49 34.92 37.97 40.16 41 40.18 38.02 34.98 31.55 28.2 25.4 23.51 22.44 21.97
21.88 21.96 22 21.86 21.68 21.68 22.09 23.12 25 27.83 31.24 34.75 37.89 40.17 41.1 40.37 38.28 35.3 31.9 28.54 25.7 23.72 22.54 21.95
21.77 21.82 21.9 21.89 21.9 22.13 22.77 24 26 28.86 32.22 35.64 38.64 40.78 41.6 40.79 38.65 35.65 32.24 28.87 26 23.98 22.76 22.14
21.98 22.09 22.3 22.5 22.74 23.14 23.8 24.86 26.4 28.48 30.85 33.21 35.25 36.65 37.1 36.4 34.77 32.54 30.01 27.53 25.4 23.88 22.91 22.34
22.04 21.88 21.7 21.44 21.25 21.35 21.96 23.3 25.6 28.94 32.9 36.93 40.49 43.03 44 43.04 40.53 37.04 33.14 29.41 26.4 24.55 23.68 23.48
23.65 23.86 23.8 23.26 22.42 21.56 20.95 20.87 21.6 23.3 25.68 28.32 30.79 32.69 33.6 33.23 31.81 29.68 27.2 24.73 22.6 21.1 20.18 19.71
19.57 19.65 19.8 19.95 20.16 20.53 21.16 22.15 23.6 25.55 27.76 29.96 31.84 33.12 33.5 32.79 31.22 29.08 26.71 24.41 22.5 21.22 20.49 20.14
20.01 19.95 19.8 19.46 19.15 19.16 19.76 21.25 23.9 27.85 32.58 37.44 41.75 44.86 46.1 45.02 42.08 37.96 33.32 28.84 25.2 22.9 21.77 21.46
21.65 21.97 22.1 21.81 21.38 21.21 21.69 23.22 26.2 30.82 36.44 42.22 47.32 50.9 52.1 50.38 46.31 40.77 34.62 28.74 24 21.04 19.66 19.42
19.88 20.62 21.2 21.31 21.13 20.98 21.15 21.96 23.7 26.55 30.12 33.89 37.32 39.9 41.1 40.56 38.62 35.76 32.49 29.31 26.7 25.04 24.2 23.92
23.93 23.98 23.8 23.23 22.47 21.84 21.63 22.15 23.7 26.44 29.95 33.67 37.02 39.46 40.4 39.48 37.07 33.75 30.09 26.65 24 22.56 22.13 22.35
22.86 23.29 23.3 22.66 21.69 20.88 20.68 21.56 24 28.24 33.65 39.41 44.66 48.57 50.3 49.28 46.03 41.37 36.07 30.95 26.8 24.22 23 22.73
23 23.39 23.5 23.05 22.31 21.68 21.57 22.37 24.5 28.17 32.82 37.74 42.18 45.41 46.7 45.55 42.42 38.02 33.05 28.21 24.2 21.55 20.13 19.62
19.72 20.12 20.5 20.66 20.75 21.05 21.82 23.31 25.8 29.4 33.67 38.04 41.92 44.73 45.9 45.03 42.52 38.94 34.87 30.9 27.6 25.42 24.23 23.8
23.87 24.19 24.5 24.63 24.66 24.76 25.07 25.77 27 28.85 31.09 33.39 35.45 36.96 37.6 37.16 35.85 33.96 31.8 29.68 27.9 26.68 25.94 25.51
25.22 24.91 24.4 23.62 22.84 22.43 22.72 24.09 26.9 31.3 36.68 42.23 47.12 50.55 51.7 50.03 46.09 40.7 34.69 28.89 24.1 20.96 19.29 18.72
18.87 19.35 19.8 19.95 19.99 20.22 20.95 22.48 25.1 28.97 33.6 38.35 42.58 45.64 46.9 45.93 43.15 39.21 34.74 30.39 26.8 24.45 23.21 22.81
22.96 23.39 23.8 23.99 24.02 24 24.06 24.32 24.9 25.88 27.12 28.43 29.62 30.5 30.9 30.68 29.94 28.87 27.62 26.38 25.3 24.52 24 23.64
23.36 23.08 22.7 22.2 21.81 21.8 22.46 24.06 26.9 31.09 36.1 41.25 45.84 49.19 50.6 49.62 46.68 42.45 37.6 32.8 28.7 25.83 24.12 23.34
23.28 23.7 24.4 25.18 25.97 26.75 27.46 28.09 28.6 28.95 29.14 29.15 28.99 28.64 28.1 27.37 26.49 25.52 24.49 23.47 22.5 21.62 20.85 20.17
19.58 19.1 18.7 18.4 18.21 18.16 18.25 18.53 19 19.67 20.45 21.26 21.99 22.53 22.8 22.72 22.35 21.79 21.12 20.42 19.8 19.32 18.99 18.78
18.69 18.7 18.8 18.97 19.18 19.43 19.7 19.96 20.2 20.4 20.55 20.62 20.62 20.51 20.3 19.97 19.53 19 18.41 17.77 17.1 16.42 15.75 15.09
14.46 13.86 13.3 12.83 12.66 13.02 14.16 16.3 19.7 24.43 29.91 35.43 40.26 43.65 44.9 43.51 39.98 35.07 29.52 24.08 19.5 16.35 14.49 13.61
13.39 13.53 13.7 13.7 13.76 14.18 15.32 17.48 21 26.01 31.9 37.84 43.03 46.65 47.9 46.23 42.22 36.7 30.53 24.55 19.6 16.32 14.54 13.86
13.91 14.28 14.6 14.6 14.51 14.66 15.42 17.12 20.1 24.54 29.86 35.33 40.19 43.69 45.1 43.91 40.63 35.99 30.76 25.68 21.5 18.78 17.36 16.89
17 17.36 17.6 17.5 17.29 17.34 18.02 19.69 22.7 27.24 32.7 38.32 43.29 46.85 48.2 46.83 43.25 38.24 32.6 27.09 22.5 19.42 17.71 17.02
17.01 17.35 17.7 17.83 17.93 18.33 19.34 21.25 24.4 28.91 34.24 39.66 44.46 47.91 49.3 48.14 44.89 40.29 35.03 29.83 25.4 22.29 20.42 19.52
19.36 19.67 20.2 20.76 21.31 21.9 22.54 23.26 24.1 25.05 26.02 26.88 27.51 27.79 27.6 26.86 25.7 24.3 22.81 21.42 20.3 19.57 19.18 19
18.94 18.87 18.7 18.33 17.82 17.23 16.63 16.1 15.7 15.49 15.45 15.52 15.67 15.84 16 16.1 16.14 16.1 15.99 15.79 15.5 15.13 14.71 14.29
13.92 13.64 13.5 13.54 13.79 14.24 14.92 15.84 17 18.4 19.9 21.35 22.58 23.45 23.8 23.52 22.73 21.6 20.31 19.02 17.9 17.09 16.56 16.22
16.02 15.87 15.7 15.48 15.32 15.39 15.84 16.82 18.5 20.94 23.82 26.77 29.38 31.26 32 31.35 29.55 26.98 24.03 21.08 18.5 16.59 15.31 14.5
14.04 13.79 13.6 13.4 13.33 13.59 14.37 15.87 18.3 21.73 25.74 29.79 33.37 35.91 36.9 35.97 33.48 29.98 25.98 22.05 18.7 16.36 14.92 14.17
13.88 13.83 13.8 13.65 13.54 13.72 14.44 15.95 18.5 22.19 26.55 30.99 34.88 37.62 38.6 37.42 34.49 30.43 25.85 21.37 17.6 15.02 13.5 12.78
12.59 12.65 12.7 12.57 12.44 12.6 13.34 14.95 17.7 21.73 26.53 31.43 35.77 38.88 40.1 38.98 35.98 31.75 26.96 22.29 18.4 15.79 14.34 13.75
13.73 13.97 14.2 14.2 14.14 14.27 14.84 16.1 18.3 21.56 25.47 29.48 33.03 35.59 36.6 35.7 33.26 29.82 25.95 22.19 19.1 17.09 16.02 15.62
15.61 15.73 15.7 15.35 14.9 14.68 15.02 16.25 18.7 22.52 27.21 32.07 36.43 39.6 40.9 39.87 36.97 32.87 28.26 23.81 20.2 17.95 16.9 16.75
17.18 17.86 18.5 18.83 18.87 18.7 18.37 17.98 17.6 17.28 17.01 16.78 16.55 16.3 16 15.65 15.26 14.89 14.56 14.32 14.2 14.23 14.36 14.52
14.64 14.66 14.5 14.15 13.77 13.57 13.77 14.58 16.2 18.74 21.86 25.09 27.98 30.07 30.9 30.17 28.16 25.29 22.01 18.73 15.9 13.84 12.49 11.69
11.28 11.11 11 10.87 10.88 11.27 12.26 14.09 17 21.06 25.8 30.55 34.7 37.59 38.6 37.29 34.11 29.71 24.74 19.85 15.7 12.79 11.01 10.12
9.86 9.97 10.2 10.38 10.69 11.39 12.73 14.98 18.4 23.08 28.48 33.89 38.6 41.91 43.1 41.71 38.22 33.38 27.9 22.53 18 14.86 12.99 12.09
11.86 11.99 12.2 12.28 12.44 12.99 14.24 16.51 20.1 25.14 31.02 36.92 42.04 45.56 46.7 44.91 40.77 35.14 28.87 22.8 17.8 14.51 12.74 12.1
12.21 12.67 13.1 13.22 13.22 13.43 14.15 15.7 18.4 22.39 27.17 32.06 36.38 39.45 40.6 39.38 36.24 31.86 26.93 22.11 18.1 15.41 13.9 13.27
13.23 13.47 13.7 13.71 13.67 13.84 14.48 15.84 18.2 21.66 25.8 30.02 33.75 36.4 37.4 36.36 33.67 29.93 25.71 21.6 18.2 15.94 14.71 14.21
14.2 14.38 14.5 14.36 14.15 14.13 14.55 15.69 17.8 21.02 24.93 29 32.68 35.43 36.7 36.13 34.04 30.96 27.38 23.83 20.8 18.69 17.41 16.75
16.5 16.46 16.4 16.18 15.88 15.62 15.53 15.75 16.4 17.55 19.01 20.54 21.88 22.78 23 22.37 21.04 19.27 17.29 15.36 13.7 12.51 11.77 11.38
11.26 11.33 11.5 11.71 12.04 12.57 13.39 14.6 16.3 18.51 20.97 23.37 25.39 26.71 27 26.07 24.15 21.6 18.79 16.07 13.8 12.25 11.35 10.94
10.86 10.97 11.1 11.16 11.29 11.71 12.63 14.26 16.8 20.34 24.46 28.6 32.23 34.77 35.7 34.64 31.97 28.25 24.06 19.96 16.5 14.13 12.73 12.09
11.96 12.11 12.3 12.38 12.48 12.79 13.53 14.9 17.1 20.22 23.88 27.6 30.87 33.2 34.1 33.24 30.97 27.78 24.19 20.69 17.8 15.9 14.86 14.45
14.41 14.51 14.5 14.22 13.82 13.54 13.61 14.29 15.8 18.26 21.3 24.42 27.14 28.97 29.4 28.12 25.46 21.93 18.04 14.29 11.2 9.14 7.99 7.5
7.42 7.5 7.5 7.25 6.92 6.78 7.07 8.06 10 13.02 16.7 20.5 23.86 26.25 27.1 26.06 23.49 19.92 15.9 11.98 8.7 6.47 5.18 4.6
4.5 4.65 4.8 4.82 4.9 5.33 6.4 8.39 11.6 16.14 21.45 26.82 31.52 34.82 36 34.58 31.05 26.16 20.62 15.19 10.6 7.41 5.51 4.63
4.47 4.75 5.2 5.6 6.01 6.57 7.42 8.68 10.5 12.93 15.71 18.49 20.95 22.73 23.5 23.03 21.53 19.32 16.73 14.08 11.7 9.84 8.48 7.55
6.97 6.64 6.5 6.49 6.66 7.13 7.98 9.3 11.2 13.68 16.47 19.19 21.48 22.97 23.3 22.24 20.11 17.36 14.44 11.8 9.9 9.06 9.07 9.62
10.38 11.01 11.2 10.74 9.92 9.18 8.95 9.65 11.7 15.34 20.04 25.04 29.63 33.06 34.6 33.75 30.95 26.88 22.19 17.58 13.7 11.08 9.57 8.88
8.72 8.79 8.8 8.55 8.29 8.37 9.13 10.92 14.1 18.82 24.46 30.24 35.36 39.01 40.4 39 35.33 30.21 24.43 18.79 14.1 10.96 9.23 8.55
8.6 9.03 9.5 9.76 9.9 10.13 10.63 11.59 13.2 15.56 18.4 21.34 24.02 26.06 27.1 26.88 25.6 23.58 21.15 18.61 16.3 14.46 13.11 12.19
11.65 11.44 11.5 11.78 12.23 12.8 13.43 14.08 14.7 15.24 15.67 15.99 16.18 16.22 16.1 15.82 15.41 14.94 14.46 14.03 13.7 13.51 13.43 13.39
13.34 13.23 13 12.63 12.28 12.15 12.43 13.31 15 17.58 20.68 23.85 26.6 28.48 29 27.87 25.42 22.17 18.63 15.3 12.7 11.19 10.6 10.62
10.93 11.23 11.2 10.65 9.87 9.29 9.3 10.33 12.8 16.91 22.07 27.46 32.3 35.78 37.1 35.72 32.17 27.24 21.74 16.46 12.2 9.55 8.31 8.07
8.44 9.02 9.4 9.3 8.94 8.63 8.72 9.53 11.4 14.5 18.4 22.52 26.29 29.11 30.4 29.78 27.61 24.46 20.88 17.44 14.7 13.07 12.4 12.37
12.68 13.03 13.1 12.7 12.06 11.52 11.42 12.1 13.9 17 20.92 25.05 28.74 31.37 32.3 31.12 28.25 24.32 19.96 15.81 12.5 10.5 9.63 9.55
9.93 10.43 10.7 10.52 10.07 9.65 9.55 10.07 11.5 14 17.19 20.57 23.62 25.83 26.7 25.87 23.64 20.47 16.82 13.14 9.9 7.45 5.77 4.71
4.15 3.96 4 4.18 4.56 5.23 6.3 7.85 10 12.75 15.78 18.7 21.09 22.56 22.7 21.26 18.54 15 11.1 7.28 4 1.61 0.04 -0.89
-1.35 -1.53 -1.6 -1.67 -1.57 -1.06 0.1 2.14 5.3 9.67 14.74 19.84 24.31 27.48 28.7 27.52 24.39 20 15.02 10.13 6 3.16 1.48 0.69
0.5 0.63 0.8 0.83 0.92 1.38 2.51 4.61 8 12.79 18.4 24.07 29.02 32.48 33.7 32.16 28.42 23.25 17.48 11.89 7.3 4.3 2.71 2.16
2.26 2.63 2.9 2.81 2.57 2.54 3.05 4.46 7.1 11.14 16.06 21.16 25.73 29.08 30.5 29.53 26.62 22.45 17.72 13.11 9.3 6.81 5.48 4.94
4.86 4.9 4.7 4.05 3.23 2.63 2.66 3.71 6.2 10.32 15.49 20.94 25.9 29.57 31.2 30.25 27.2 22.76 17.67 12.64 8.4 5.5 3.81 3.03
2.85 2.97 3.1 3.03 3 3.32 4.35 6.39 9.8 14.71 20.49 26.34 31.45 35.01 36.2 34.49 30.46 24.96 18.83 12.92 8.1 4.99 3.38 2.83
2.92 3.22 3.3 2.87 2.24 1.87 2.2 3.69 6.8 11.75 17.86 24.25 30 34.22 36 34.75 31.03 25.72 19.68 13.78 8.9 5.69 3.96 3.33
3.41 3.79 4.1 4.06 3.89 3.94 4.54 6.05 8.8 12.96 18 23.2 27.84 31.21 32.6 31.52 28.43 24.01 18.96 13.96 9.7 6.71 4.89 3.95
3.64 3.68 3.8 3.82 3.87 4.2 5.03 6.58 9.1 12.67 16.86 21.09 24.79 27.38 28.3 27.17 24.38 20.55 16.28 12.16 8.8 6.65 5.57 5.26
5.44 5.82 6.1 6.09 5.96 5.98 6.42 7.53 9.6 12.74 16.55 20.45 23.9 26.34 27.2 26.12 23.49 19.88 15.86 12.01 8.9 6.96 6.03 5.81
6.02 6.35 6.5 6.27 5.86 5.56 5.65 6.44 8.2 11.1 14.72 18.51 21.92 24.4 25.4 24.55 22.22 18.94 15.27 11.74 8.9 7.16 6.37 6.26
6.55 6.95 7.2 7.1 6.85 6.74 7.05 8.08 10.1 13.27 17.18 21.26 24.96 27.73 29 28.41 26.31 23.23 19.71 16.29 13.5 11.74 10.9 10.7
10.89 11.21 11.4 11.27 10.91 10.48 10.13 10.01 10.3 11.08 12.21 13.48 14.69 15.63 16.1 15.95 15.3 14.29 13.09 11.88 10.8 9.98 9.35 8.79
8.17 7.38 6.3 4.88 3.38 2.11 1.39 1.55 2.9 5.61 9.22 13.1 16.62 19.16 20.1 19.02 16.31 12.57 8.41 4.42 1.2 -0.8 -1.76 -2.04
-1.96 -1.86 -2.1 -2.87 -3.87 -4.66 -4.79 -3.81 -1.3 2.98 8.41 14.16 19.38 23.24 24.9 23.81 20.48 15.71 10.29 5.02 0.7 -2.08 -3.51 -3.97
-3.85 -3.53 -3.4 -3.71 -4.22 -4.54 -4.3 -3.11 -0.6 3.43 8.46 13.8 18.73 22.57 24.6 24.36 22.26 18.96 15.1 11.33 8.3 6.49 5.74 5.7
6.06 6.47 6.6 6.23 5.56 4.91 4.59 4.92 6.2 8.62 11.78 15.16 18.22 20.45 21.3 20.43 18.17 15.02 11.49 8.08 5.3 3.53 2.6 2.25
2.19 2.13 1.8 1.02 0.05 -0.74 -0.98 -0.29 1.7 5.17 9.6 14.28 18.5 21.54 22.7 21.51 18.44 14.22 9.56 5.18 1.8 -0.05 -0.56 -0.11
0.9 2.1 3.1 3.63 3.78 3.78 3.83 4.13 4.9 6.26 8.01 9.85 11.49 12.63 13 12.39 10.98 9.05 6.87 4.73 2.9 1.59 0.73 0.19
-0.15 -0.44 -0.8 -1.31 -1.83 -2.16 -2.09 -1.44 0 2.33 5.25 8.36 11.27 13.58 14.9 14.95 13.96 12.28 10.28 8.3 6.7 5.74 5.34 5.32
5.51 5.73 5.8 5.6 5.2 4.73 4.31 4.06 4.1 4.52 5.22 6.05 6.89 7.59 8 8.03 7.72 7.16 6.44 5.62 4.8 4.04 3.34 2.65
1.95 1.21 0.4 -0.48 -1.26 -1.75 -1.75 -1.07 0.5 3.03 6.18 9.46 12.4 14.54 15.4 14.67 12.65 9.82 6.64 3.58 1.1 -0.45 -1.2 -1.41
-1.35 -1.26 -1.4 -1.94 -2.65 -3.22 -3.33 -2.66 -0.9 2.12 5.97 10.05 13.77 16.55 17.8 17.12 14.88 11.64 7.97 4.44 1.6 -0.13 -0.9 -1.04
-0.84 -0.63 -0.7 -1.26 -2.08 -2.81 -3.12 -2.66 -1.1 1.75 5.49 9.52 13.3 16.25 17.8 17.56 15.84 13.15 9.96 6.78 4.1 2.29 1.24 0.72
0.51 0.38 0.1 -0.47 -1.16 -1.7 -1.83 -1.28 0.2 2.75 6 9.43 12.54 14.83 15.8 15.1 13.05 10.14 6.85 3.68 1.1 -0.52 -1.34 -1.62
-1.64 -1.68 -2 -2.78 -3.74 -4.51 -4.71 -3.97 -1.9 1.69 6.27 11.12 15.54 18.8 20.2 19.26 16.42 12.4 7.88 3.55 0.1 -1.95 -2.79 -2.8
-2.36 -1.83 -1.6 -1.91 -2.56 -3.2 -3.51 -3.16 -1.8 0.75 4.09 7.71 11.05 13.59 14.8 14.31 12.44 9.7 6.58 3.58 1.2 -0.2 -0.77 -0.8
-0.59 -0.43 -0.6 -1.29 -2.22 -3.02 -3.3 -2.69 -0.8 2.57 6.91 11.55 15.82 19.02 20.5 19.78 17.29 13.66 9.53 5.53 2.3 0.32 -0.58 -0.71
-0.4 0.05 0.3 0.14 -0.3 -0.77 -1.04 -0.86 0 1.68 3.94 6.43 8.8 10.7 11.8 11.84 11.01 9.58 7.83 6.05 4.5 3.4 2.7 2.25
1.94 1.63 1.2 0.56 -0.14 -0.72 -1 -0.79 0.1 1.76 3.93 6.25 8.36 9.89 10.5 9.93 8.41 6.24 3.77 1.31 -0.8 -2.32 -3.31 -3.89
-4.21 -4.41 -4.6 -4.88 -5.12 -5.14 -4.77 -3.81 -2.1 0.45 3.5 6.63 9.41 11.41 12.2 11.49 9.58 6.91 3.91 1.03 -1.3 -2.75 -3.46 -3.67
-3.61 -3.54 -3.7 -4.24 -4.95 -5.52 -5.66 -5.05 -3.4 -0.54 3.1 6.99 10.55 13.24 14.5 13.95 11.93 8.95 5.55 2.22 -0.5 -2.23 -3.11 -3.39
-3.34 -3.22 -3.3 -3.74 -4.31 -4.7 -4.59 -3.67 -1.6 1.77 5.96 10.36 14.33 17.26 18.5 17.65 15.11 11.5 7.46 3.58 0.5 -1.33 -2.09 -2.13
-1.8 -1.44 -1.4 -1.91 -2.7 -3.38 -3.57 -2.87 -0.9 2.55 6.96 11.65 15.92 19.06 20.4 19.46 16.69 12.75 8.33 4.09 0.7 -1.34 -2.23 -2.35
-2.08 -1.81 -1.9 -2.61 -3.63 -4.53 -4.88 -4.25 -2.2 1.5 6.29 11.42 16.11 19.63 21.2 20.32 17.44 13.29 8.58 4.01 0.3 -2.02 -3.12 -3.38
-3.14 -2.76 -2.6 -2.9 -3.4 -3.73 -3.51 -2.36 0.1 4.06 8.96 14.08 18.69 22.04 23.4 22.29 19.18 14.82 9.93 5.25 1.5 -0.77 -1.76 -1.87
-1.5 -1.05 -0.9 -1.33 -2.07 -2.73 -2.94 -2.29 -0.4 2.94 7.24 11.84 16.06 19.23 20.7 20 17.56 13.98 9.89 5.93 2.7 0.68 -0.31 -0.59
-0.52 -0.41 -0.6 -1.31 -2.26 -3.08 -3.37 -2.74 -0.8 2.65 7.1 11.85 16.21 19.49 21 20.26 17.69 13.96 9.7 5.56 2.2 0.1 -0.92 -1.17
-1 -0.73 -0.7 -1.13 -1.83 -2.48 -2.78 -2.42 -1.1 1.35 4.56 8.02 11.22 13.65 14.8 14.32 12.53 9.89 6.87 3.95 1.6 0.17 -0.48 -0.6
-0.44 -0.25 -0.3 -0.74 -1.4 -2.01 -2.31 -2.03 -0.9 1.22 3.99 6.96 9.65 11.62 12.4 11.69 9.82 7.29 4.58 2.19 0.6 0.17 0.66 1.72
2.98 4.06 4.6 4.36 3.57 2.61 1.83 1.61 2.3 4.13 6.75 9.67 12.4 14.44 15.3 14.65 12.77 10.09 7.04 4.07 1.6 -0.04 -0.96 -1.41
-1.61 -1.8 -2.2 -2.96 -3.87 -4.63 -4.96 -4.54 -3.1 -0.47 2.93 6.54 9.81 12.18 13.1 12.19 9.83 6.58 3 -0.35 -2.9 -4.25 -4.58 -4.25
-3.58 -2.91 -2.6 -2.86 -3.5 -4.18 -4.59 -4.4 -3.3 -1.1 1.83 5 7.9 10.04 10.9 10.16 8.12 5.27 2.08 -0.97 -3.4 -4.87 -5.51 -5.62
-5.45 -5.29 -5.4 -5.97 -6.78 -7.54 -7.93 -7.65 -6.4 -4 -0.84 2.59 5.76 8.17 9.3 8.81 7.01 4.36 1.35 -1.56 -3.9 -5.31 -5.9 -5.9
-5.55 -5.07 -4.7 -4.59 -4.64 -4.66 -4.48 -3.92 -2.8 -1.03 1.15 3.4 5.39 6.8 7.3 6.66 5.15 3.11 0.91 -1.08 -2.5 -3.1 -3.03 -2.58
-2.01 -1.59 -1.6 -2.2 -3.14 -4.04 -4.54 -4.29 -2.9 -0.18 3.42 7.31 10.87 13.5 14.6 13.75 11.34 7.96 4.19 0.61 -2.2 -3.8 -4.39 -4.3
-3.87 -3.46 -3.4 -3.92 -4.8 -5.69 -6.27 -6.18 -5.1 -2.82 0.26 3.64 6.79 9.18 10.3 9.78 7.95 5.28 2.26 -0.63 -2.9 -4.2 -4.7 -4.69
-4.45 -4.29 -4.5 -5.26 -6.32 -7.33 -7.94 -7.78 -6.5 -3.9 -0.42 3.36 6.85 9.46 10.6 9.88 7.66 4.48 0.92 -2.5 -5.2 -6.78 -7.39 -7.32
-6.85 -6.28 -5.9 -5.91 -6.14 -6.38 -6.36 -5.85 -4.6 -2.48 0.23 3.17 5.94 8.18 9.5 9.64 8.81 7.33 5.54 3.75 2.3 1.43 1.07 1.08
1.32 1.64 1.9 1.99 1.93 1.8 1.66 1.57 1.6 1.79 2.12 2.51 2.93 3.31 3.6 3.75 3.75 3.59 3.27 2.77 2.1 1.25 0.26 -0.83
-1.98 -3.15 -4.3 -5.37 -6.2 -6.63 -6.49 -5.6 -3.8 -1.02 2.37 5.88 9.05 11.38 12.4 11.79 9.85 7.06 3.88 0.77 -1.8 -3.48 -4.41 -4.83
-5 -5.17 -5.6 -6.44 -7.47 -8.37 -8.84 -8.55 -7.2 -4.6 -1.15 2.61 6.16 8.97 10.5 10.38 8.92 6.59 3.84 1.16 -1 -2.29 -2.88 -3.04
-3.08 -3.27 -3.9 -5.14 -6.69 -8.11 -8.97 -8.84 -7.3 -4.11 0.19 4.87 9.18 12.41 13.8 12.87 10.07 6.1 1.65 -2.58 -5.9 -7.79 -8.48 -8.36
-7.84 -7.32 -7.2 -7.75 -8.69 -9.62 -10.12 -9.78 -8.2 -5.14 -1.1 3.27 7.29 10.29 11.6 10.78 8.24 4.63 0.57 -3.28 -6.3 -8.01 -8.6 -8.45
-7.9 -7.33 -7.1 -7.44 -8.12 -8.77 -9.03 -8.52 -6.9 -3.95 -0.08 4.13 8.12 11.29 13.1 13.13 11.69 9.23 6.24 3.17 0.5 -1.42 -2.68 -3.49
-4.06 -4.6 -5.3 -6.29 -7.35 -8.16 -8.39 -7.74 -5.9 -2.7 1.37 5.68 9.58 12.43 13.6 12.66 10.04 6.39 2.37 -1.38 -4.2 -5.62 -5.85 -5.27
-4.27 -3.21 -2.5 -2.39 -2.67 -3.03 -3.13 -2.67 -1.3 1.14 4.28 7.56 10.47 12.46 13 11.74 9.05 5.47 1.56 -2.15 -5.1 -6.89 -7.71 -7.87
-7.7 -7.54 -7.7 -8.39 -9.36 -10.23 -10.61 -10.12 -8.4 -5.23 -1.11 3.31 7.36 10.38 11.7 10.89 8.35 4.74 0.69 -3.17 -6.2 -7.92 -8.53 -8.4
-7.87 -7.32 -7.1 -7.46 -8.15 -8.85 -9.19 -8.82 -7.4 -4.73 -1.2 2.62 6.18 8.92 10.3 9.93 8.13 5.37 2.16 -1.03 -3.7 -5.48 -6.44 -6.73
-6.54 -6.04 -5.4 -4.76 -4.14 -3.53 -2.93 -2.32 -1.7 -1.07 -0.48 0 0.3 0.35 0.1 -0.5 -1.33 -2.28 -3.19 -3.95 -4.4 -4.47 -4.25 -3.88
-3.52 -3.31 -3.4 -3.86 -4.49 -5.03 -5.2 -4.75 -3.4 -1.01 2.03 5.22 8.05 10.01 10.6 9.47 6.97 3.61 -0.1 -3.64 -6.5 -8.29 -9.12 -9.21
-8.8 -8.12 -7.4 -6.81 -6.33 -5.88 -5.38 -4.74 -3.9 -2.81 -1.6 -0.46 0.44 0.92 0.8 -0.02 -1.36 -2.97 -4.6 -5.99 -6.9 -7.15 -6.9 -6.38
-5.83 -5.49 -5.6 -6.29 -7.31 -8.31 -8.93 -8.81 -7.6 -5.11 -1.75 1.87 5.18 7.58 8.5 7.53 5.05 1.6 -2.26 -5.98 -9 -10.9 -11.82 -12.01
-11.74 -11.29 -10.9 -10.78 -10.79 -10.75 -10.45 -9.7 -8.3 -6.15 -3.51 -0.76 1.73 3.61 4.5 4.15 2.78 0.71 -1.73 -4.21 -6.4 -8.05 -9.22 -10.05
-10.66 -11.2 -11.8 -12.53 -13.23 -13.68 -13.64 -12.89 -11.2 -8.47 -5.09 -1.54 1.68 4.06 5.1 4.47 2.49 -0.38 -3.65 -6.85 -9.5 -11.24 -12.2 -12.6
-12.69 -12.71 -12.9 -13.41 -14.06 -14.58 -14.73 -14.22 -12.8 -10.33 -7.17 -3.82 -0.74 1.56 2.6 2.06 0.25 -2.33 -5.2 -7.89 -9.9 -10.88 -11.03 -10.64
-10.05 -9.56 -9.5 -10.06 -10.99 -11.9 -12.42 -12.18 -10.8 -8.07 -4.44 -0.52 3.07 5.72 6.8 5.91 3.44 -0.01 -3.85 -7.48 -10.3 -11.88 -12.42 -12.27
-11.8 -11.35 -11.3 -11.87 -12.81 -13.75 -14.29 -14.07 -12.7 -9.97 -6.31 -2.3 1.44 4.34 5.8 5.41 3.53 0.7 -2.54 -5.66 -8.1 -9.48 -9.98 -9.93
-9.66 -9.51 -9.8 -10.74 -12.03 -13.26 -13.99 -13.81 -12.3 -9.22 -5.08 -0.59 3.56 6.65 8 7.12 4.48 0.74 -3.41 -7.28 -10.2 -11.66 -11.89 -11.28
-10.23 -9.14 -8.4 -8.3 -8.6 -8.98 -9.08 -8.57 -7.1 -4.47 -1.05 2.64 6.09 8.78 10.2 9.99 8.43 5.94 2.96 -0.1 -2.8 -4.81 -6.22 -7.2
-7.93 -8.61 -9.4 -10.41 -11.42 -12.12 -12.2 -11.36 -9.3 -5.87 -1.54 3.03 7.23 10.39 11.9 11.32 9.05 5.73 1.96 -1.62 -4.4 -5.93 -6.42 -6.28
-5.88 -5.62 -5.9 -6.96 -8.48 -10 -11.07 -11.22 -10 -7.14 -3.13 1.34 5.58 8.89 10.6 10.23 8.14 4.94 1.21 -2.47 -5.5 -7.45 -8.47 -8.87
-8.95 -9.03 -9.4 -10.26 -11.37 -12.35 -12.84 -12.48 -10.9 -7.91 -3.96 0.3 4.25 7.26 8.7 8.14 5.97 2.78 -0.82 -4.24 -6.9 -8.35 -8.78 -8.54
-7.98 -7.45 -7.3 -7.76 -8.6 -9.46 -10 -9.86 -8.7 -6.31 -3.06 0.52 3.92 6.62 8.1 8 6.61 4.38 1.75 -0.83 -2.9 -4.14 -4.68 -4.76
-4.63 -4.52 -4.7 -5.31 -6.15 -6.92 -7.33 -7.09 -5.9 -3.61 -0.59 2.63 5.53 7.59 8.3 7.3 4.94 1.72 -1.83 -5.21 -7.9 -9.53 -10.25 -10.37
-10.18 -10 -10.1 -10.69 -11.54 -12.3 -12.64 -12.22 -10.7 -7.9 -4.24 -0.3 3.34 6.1 7.4 6.85 4.8 1.79 -1.64 -4.95 -7.6 -9.19 -9.84 -9.83
-9.41 -8.84 -8.4 -8.26 -8.26 -8.16 -7.73 -6.72 -4.9 -2.14 1.17 4.56 7.52 9.57 10.2 9.1 6.61 3.24 -0.47 -4.03 -6.9 -8.71 -9.63 -9.95
-9.97 -9.99 -10.3 -11.1 -12.16 -13.11 -13.62 -13.33 -11.9 -9.13 -5.45 -1.41 2.4 5.43 7.1 7 5.37 2.59 -0.94 -4.83 -8.7 -12.15 -14.78 -16.22

Wind speed (m/s)
(3600,0,31536000)
0 0 1 1 1 1 1 1 3 3 3 3 3 3 4 4 4 4 4 4 1 1 1 1
1 1 0 0 0 0 0 0 2 2 2 2 2 2 1 1 1 1 1 1 1 1 1 1
1 1 2 2 2 2 2 2 7 7 7 7 7 7 10 10 10 10 10 10 5 5 5 5
5 5 5 5 5 5 5 5 2 2 2 2 2 2 6 6 6 6 6 6 2 2 2 2
2 2 0 0 0 0 0 0 1 1 1 1 1 1 6 6 6 6 6 6 5 5 5 5
5 5 3 3 3 3 3 3 2 2 2 2 2 2 5 5 5 5 5 5 3 3 3 3
3 3 2 2 2 2 2 2 2 2 2 2 2 2 1 1 1 1 1 1 0 0 0 0
0 0 3 3 3 3 3 3 3 3 3 3 3 3 0 0 0 0 0 0 0 0 0 0
0 0 2 2 2 2 2 2 2 2 2 2 2 2 2 2 2 2 2 2 2 2 2 2
2 2 2 2 2 2 2 2 1 1 1 1 1 1 3 3 3 3 3 3 2 2 2 2
2 2 0 0 0 0 0 0 2 2 2 2 2 2 2 2 2 2 2 2 4 4 4 4
4 4 2 2 2 2 2 2 3 3 3 3 3 3 4 4 4 4 4 4 3 3 3 3
3 3 0 0 0 0 0 0 4 4 4 4 4 4 4 4 4 4 4 4 3 3 3 3
3 3 2 2 2 2 2 2 2 2 2 2 2 2 4 4 4 4 4 4 2 2 2 2
2 2 0 0 0 0 0 0 2 2 2 2 2 2 2 2 2 2 2 2 0 0 0 0
0 0 2 2 2 2 2 2 2 2 2 2 2 2 1 1 1 1 1 1 0 0 0 0
0 0 0 0 0 0 0 0 5 5 5 5 5 5 7 7 7 7 7 7 6 6 6 6
6 6 3 3 3 3 3 3 3 3 3 3 3 3 7 7 7 7 7 7 6 6 6 6
6 6 4 4 4 4 4 4 0 0 0 0 0 0 3 3 3 3 3 3 3 3 3 3
3 3 2 2 2 2 2 2 3 3 3 3 3 3 5 5 5 5 5 5 3 3 3 3
3 3 3 3 3 3 3 3 2 2 2 2 2 2 4 4 4 4 4 4 0 0 0 0
0 0 4 4 4 4 4 4 3 3 3 3 3 3 7 7 7 7 7 7 4 4 4 4
4 4 7 7 7 7 7 7 4 4 4 4 4 4 7 7 7 7 7 7 2 2 2 2
2 2 0 0 0 0 0 0 2 2 2 2 2 2 3 3 3 3 3 3 2 2 2 2
2 2 0 0 0 0 0 0 1 1 1 1 1 1 0 0 0 0 0 0 2 2 2 2
2 2 2 2 2 2 2 2 2 2 2 2 2 2 3 3 3 3 3 3 4 4 4 4
4 4 2 2 2 2 2 2 2 2 2 2 2 2 3 3 3 3 3 3 0 0 0 0
0 0 3 3 3 3 3 3 3 3 3 3 3 3 3 3 3 3 3 3 2 2 2 2
2 2 4 4 4 4 4 4 2 2 2 2 2 2 2 2 2 2 2 2 1 1 1 1
1 1 2 2 2 2 2 2 2 2 2 2 2 2 5 5 5 5 5 5 1 1 1 1
1 1 1 1 1 1 1 1 1 1 1 1 1 1 3 3 3 3 3 3 0 0 0 0
0 0 2 2 2 2 2 2 2 2 2 2 2 2 3 3 3 3 3 3 2 2 2 2
2 2 1 1 1 1 1 1 0 0 0 0 0 0 2 2 2 2 2 2 4 4 4 4
4 4 1 1 1 1 1 1 2 2 2 2 2 2 3 3 3 3 3 3 2 2 2 2
2 2 1 1 1 1 1 1 0 0 0 0 0 0 2 2 2 2 2 2 1 1 1 1
1 1 1 1 1 1 1 1 1 1 1 1 1 1 2 2 2 2 2 2 0 0 0 0
0 0 2 2 2 2 2 2 3 3 3 3 3 3 2 2 2 2 2 2 2 2 2 2
2 2 3 3 3 3 3 3 0 0 0 0 0 0 8 8 8 8 8 8 3 3 3 3
3 3 9 9 9 9 9 9 3 3 3 3 3 3 4 4 4 4 4 4 1 1 1 1
1 1 1 1 1 1 1 1 0 0 0 0 0 0 3 3 3 3 3 3 1 1 1 1
1 1 0 0 0 0 0 0 2 2 2 2 2 2 2 2 2 2 2 2 3 3 3 3
3 3 3 3 3 3 3 3 0 0 0 0 0 0 4 4 4 4 4 4 2 2 2 2
2 2 2 2 2 2 2 2 2 2 2 2 2 2 4 4 4 4 4 4 0 0 0 0
0 0 2 2 2 2 2 2 2 2 2 2 2 2 2 2 2 2 2 2 2 2 2 2
2 2 2 2 2 2 2 2 5 5 5 5 5 5 9 9 9 9 9 9 7 7 7 7
7 7 4 4 4 4 4 4 1 1 1 1 1 1 6 6 6 6 6 6 3 3 3 3
3 3 2 2 2 2 2 2 0 0 0 0 0 0 3 3 3 3 3 3 2 2 2 2
2 2 0 0 0 0 0 0 2 2 2 2 2 2 0 0 0 0 0 0 3 3 3 3
3 3 3 3 3 3 3 3 2 2 2 2 2 2 2 2 2 2 2 2 1 1 1 1
1 1 2 2 2 2 2 2 5 5 5 5 5 5 6 6 6 6 6 6 2 2 2 2
2 2 3 3 3 3 3 3 2 2 2 2 2 2 3 3 3 3 3 3 1 1 1 1
1 1 1 1 1 1 1 1 2 2 2 2 2 2 2 2 2 2 2 2 3 3 3 3
3 3 2 2 2 2 2 2 2 2 2 2 2 2 2 2 2 2 2 2 0 0 0 0
0 0 3 3 3 3 3 3 3 3 3 3 3 3 6 6 6 6 6 6 5 5 5 5
5 5 2 2 2 2 2 2 0 0 0 0 0 0 4 4 4 4 4 4 0 0 0 0
0 0 2 2 2 2 2 2 2 2 2 2 2 2 2 2 2 2 2 2 2 2 2 2
2 2 2 2 2 2 2 2 3 3 3 3 3 3 3 3 3 3 3 3 2 2 2 2
2 2 1 1 1 1 1 1 2 2 2 2 2 2 5 5 5 5 5 5 3 3 3 3
3 3 3 3 3 3 3 3 3 3 3 3 3 3 3 3 3 3 3 3 2 2 2 2
2 2 0 0 0 0 0 0 2 2 2 2 2 2 1 1 1 1 1 1 1 1 1 1
1 1 2 2 2 2 2 2 0 0 0 0 0 0 4 4 4 4 4 4 3 3 3 3
3 3 2 2 2 2 2 2 0 0 0 0 0 0 6 6 6 6 6 6 3 3 3 3
3 3 2 2 2 2 2 2 0 0 0 0 0 0 2 2 2 2 2 2 3 3 3 3
3 3 0 0 0 0 0 0 0 0 0 0 0 0 4 4 4 4 4 4 2 2 2 2
2 2 0 0 0 0 0 0 0 0 0 0 0 0 8 8 8 8 8 8 2 2 2 2
2 2 1 1 1 1 1 1 2 2 2 2 2 2 1 1 1 1 1 1 1 1 1 1
1 1 0 0 0 0 0 0 1 1 1 1 1 1 3 3 3 3 3 3 3 3 3 3
3 3 4 4 4 4 4 4 5 5 5 5 5 5 7 7 7 7 7 7 2 2 2 2
2 2 4 4 4 4 4 4 3 3 3 3 3 3 2 2 2 2 2 2 4 4 4 4
4 4 2 2 2 2 2 2 7 7 7 7 7 7 7 7 7 7 7 7 4 4 4 4
4 4 3 3 3 3 3 3 1 1 1 1 1 1 4 4 4 4 4 4 3 3 3 3
3 3 1 1 1 1 1 1 3 3 3 3 3 3 2 2 2 2 2 2 2 2 2 2
2 2 3 3 3 3 3 3 3 3 3 3 3 3 3 3 3 3 3 3 1 1 1 1
1 1 2 2 2 2 2 2 3 3 3 3 3 3 3 3 3 3 3 3 2 2 2 2
2 2 7 7 7 7 7 7 7 7 7 7 7 7 8 8 8 8 8 8 7 7 7 7
7 7 0 0 0 0 0 0 4 4 4 4 4 4 5 5 5 5 5 5 1 1 1 1
1 1 2 2 2 2 2 2 1 1 1 1 1 1 5 5 5 5 5 5 2 2 2 2
2 2 0 0 0 0 0 0 4 4 4 4 4 4 3 3 3 3 3 3 5 5 5 5
5 5 3 3 3 3 3 3 2 2 2 2 2 2 2 2 2 2 2 2 2 2 2 2
2 2 4 4 4 4 4 4 4 4 4 4 4 4 7 7 7 7 7 7 6 6 6 6
6 6 2 2 2 2 2 2 1 1 1 1 1 1 2 2 2 2 2 2 5 5 5 5
5 5 3 3 3 3 3 3 4 4 4 4 4 4 4 4 4 4 4 4 2 2 2 2
2 2 4 4 4 4 4 4 2 2 2 2 2 2 1 1 1 1 1 1 2 2 2 2
2 2 6 6 6 6 6 6 2 2 2 2 2 2 6 6 6 6 6 6 5 5 5 5
5 5 3 3 3 3 3 3 3 3 3 3 3 3 3 3 3 3 3 3 4 4 4 4
4 4 2 2 2 2 2 2 3 3 3 3 3 3 4 4 4 4 4 4 2 2 2 2
2 2 4 4 4 4 4 4 2 2 2 2 2 2 5 5 5 5 5 5 4 4 4 4
4 4 3 3 3 3 3 3 2 2 2 2 2 2 3 3 3 3 3 3 2 2 2 2
2 2 2 2 2 2 2 2 2 2 2 2 2 2 4 4 4 4 4 4 6 6 6 6
6 6 2 2 2 2 2 2 3 3 3 3 3 3 10 10 10 10 10 10 3 3 3 3
3 3 3 3 3 3 3 3 4 4 4 4 4 4 4 4 4 4 4 4 6 6 6 6
6 6 0 0 0 0 0 0 5 5 5 5 5 5 5 5 5 5 5 5 1 1 1 1
1 1 2 2 2 2 2 2 2 2 2 2 2 2 4 4 4 4 4 4 3 3 3 3
3 3 1 1 1 1 1 1 1 1 1 1 1 1 4 4 4 4 4 4 3 3 3 3
3 3 0 0 0 0 0 0 0 0 0 0 0 0 3 3 3 3 3 3 0 0 0 0
0 0 2 2 2 2 2 2 2 2 2 2 2 2 4 4 4 4 4 4 2 2 2 2
2 2 3 3 3 3 3 3 2 2 2 2 2 2 4 4 4 4 4 4 7 7 7 7
7 7 4 4 4 4 4 4 6 6 6 6 6 6 6 6 6 6 6 6 6 6 6 6
6 6 3 3 3 3 3 3 3 3 3 3 3 3 6 6 6 6 6 6 5 5 5 5
5 5 2 2 2 2 2 2 2 2 2 2 2 2 4 4 4 4 4 4 2 2 2 2
2 2 2 2 2 2 2 2 2 2 2 2 2 2 3 3 3 3 3 3 4 4 4 4
4 4 3 3 3 3 3 3 0 0 0 0 0 0 3 3 3 3 3 3 2 2 2 2
2 2 2 2 2 2 2 2 2 2 2 2 2 2 4 4 4 4 4 4 3 3 3 3
3 3 0 0 0 0 0 0 2 2 2 2 2 2 2 2 2 2 2 2 2 2 2 2
2 2 0 0 0 0 0 0 1 1 1 1 1 1 5 5 5 5 5 5 2 2 2 2
2 2 4 4 4 4 4 4 5 5 5 5 5 5 3 3 3 3 3 3 3 3 3 3
3 3 0 0 0 0 0 0 2 2 2 2 2 2 3 3 3 3 3 3 3 3 3 3
3 3 2 2 2 2 2 2 2 2 2 2 2 2 7 7 7 7 7 7 4 4 4 4
4 4 5 5 5 5 5 5 3 3 3 3 3 3 3 3 3 3 3 3 1 1 1 1
1 1 2 2 2 2 2 2 4 4 4 4 4 4 3 3 3 3 3 3 3 3 3 3
3 3 2 2 2 2 2 2 3 3 3 3 3 3 2 2 2 2 2 2 4 4 4 4
4 4 1 1 1 1 1 1 0 0 0 0 0 0 4 4 4 4 4 4 0 0 0 0
0 0 0 0 0 0 0 0 2 2 2 2 2 2 3 3 3 3 3 3 3 3 3 3
3 3 1 1 1 1 1 1 1 1 1 1 1 1 4 4 4 4 4 4 4 4 4 4
4 4 2 2 2 2 2 2 1 1 1 1 1 1 6 6 6 6 6 6 6 6 6 6
6 6 5 5 5 5 5 5 1 1 1 1 1 1 3 3 3 3 3 3 0 0 0 0
0 0 2 2 2 2 2 2 1 1 1 1 1 1 4 4 4 4 4 4 2 2 2 2
2 2 3 3 3 3 3 3 2 2 2 2 2 2 5 5 5 5 5 5 2 2 2 2
2 2 2 2 2 2 2 2 2 2 2 2 2 2 4 4 4 4 4 4 6 6 6 6
6 6 2 2 2 2 2 2 2 2 2 2 2 2 7 7 7 7 7 7 3 3 3 3
3 3 2 2 2 2 2 2 0 0 0 0 0 0 3 3 3 3 3 3 2 2 2 2
2 2 0 0 0 0 0 0 2 2 2 2 2 2 3 3 3 3 3 3 2 2 2 2
2 2 0 0 0 0 0 0 1 1 1 1 1 1 3 3 3 3 3 3 3 3 3 3
3 3 1 1 1 1 1 1 1 1 1 1 1 1 4 4 4 4 4 4 3 3 3 3
3 3 2 2 2 2 2 2 3 3 3 3 3 3 2 2 2 2 2 2 3 3 3 3
3 3 3 3 3 3 3 3 1 1 1 1 1 1 4 4 4 4 4 4 4 4 4 4
4 4 3 3 3 3 3 3 7 7 7 7 7 7 3 3 3 3 3 3 4 4 4 4
4 4 2 2 2 2 2 2 2 2 2 2 2 2 2 2 2 2 2 2 4 4 4 4
4 4 0 0 0 0 0 0 2 2 2 2 2 2 6 6 6 6 6 6 4 4 4 4
4 4 0 0 0 0 0 0 3 3 3 3 3 3 2 2 2 2 2 2 3 3 3 3
3 3 0 0 0 0 0 0 2 2 2 2 2 2 5 5 5 5 5 5 3 3 3 3
3 3 4 4 4 4 4 4 3 3 3 3 3 3 3 3 3 3 3 3 0 0 0 0
0 0 2 2 2 2 2 2 4 4 4 4 4 4 0 0 0 0 0 0 2 2 2 2
2 2 2 2 2 2 2 2 2 2 2 2 2 2 2 2 2 2 2 2 2 2 2 2
2 2 2 2 2 2 2 2 1 1 1 1 1 1 1 1 1 1 1 1 2 2 2 2
2 2 0 0 0 0 0 0 2 2 2 2 2 2 1 1 1 1 1 1 1 1 1 1
1 1 2 2 2 2 2 2 3 3 3 3 3 3 4 4 4 4 4 4 2 2 2 2
2 2 3 3 3 3 3 3 2 2 2 2 2 2 5 5 5 5 5 5 3 3 3 3
3 3 2 2 2 2 2 2 4 4 4 4 4 4 4 4 4 4 4 4 5 5 5 5
5 5 2 2 2 2 2 2 0 0 0 0 0 0 3 3 3 3 3 3 3 3 3 3
3 3 1 1 1 1 1 1 2 2 2 2 2 2 5 5 5 5 5 5 3 3 3 3
3 3 3 3 3 3 3 3 3 3 3 3 3 3 4 4 4 4 4 4 3 3 3 3
3 3 0 0 0 0 0 0 3 3 3 3 3 3 3 3 3 3 3 3 2 2 2 2
2 2 0 0 0 0 0 0 3 3 3 3 3 3 3 3 3 3 3 3 0 0 0 0
0 0 2 2 2 2 2 2 1 1 1 1 1 1 5 5 5 5 5 5 3 3 3 3
3 3 2 2 2 2 2 2 3 3 3 3 3 3 5 5 5 5 5 5 1 1 1 1
1 1 2 2 2 2 2 2 6 6 6 6 6 6 5 5 5 5 5 5 3 3 3 3
3 3 1 1 1 1 1 1 1 1 1 1 1 1 6 6 6 6 6 6 1 1 1 1
1 1 0 0 0 0 0 0 0 0 0 0 0 0 4 4 4 4 4 4 0 0 0 0
0 0 2 2 2 2 2 2 3 3 3 3 3 3 2 2 2 2 2 2 3 3 3 3
3 3 2 2 2 2 2 2 3 3 3 3 3 3 3 3 3 3 3 3 2 2 2 2
2 2 4 4 4 4 4 4 3 3 3 3 3 3 1 1 1 1 1 1 2 2 2 2
2 2 2 2 2 2 2 2 1 1 1 1 1 1 4 4 4 4 4 4 2 2 2 2
2 2 2 2 2 2 2 2 2 2 2 2 2 2 3 3 3 3 3 3 2 2 2 2
2 2 0 0 0 0 0 0 2 2 2 2 2 2 5 5 5 5 5 5 1 1 1 1
1 1 2 2 2 2 2 2 2 2 2 2 2 2 4 4 4 4 4 4 3 3 3 3
3 3 0 0 0 0 0 0 0 0 0 0 0 0 3 3 3 3 3 3 2 2 2 2
2 2 2 2 2 2 2 2 1 1 1 1 1 1 5 5 5 5 5 5 2 2 2 2
2 2 2 2 2 2 2 2 6 6 6 6 6 6 7 7 7 7 7 7 3 3 3 3
3 3 2 2 2 2 2 2 4 4 4 4 4 4 5 5 5 5 5 5 1 1 1 1
1 1 3 3 3 3 3 3 3 3 3 3 3 3 4 4 4 4 4 4 3 3 3 3
3 3 0 0 0 0 0 0 3 3 3 3 3 3 3 3 3 3 3 3 2 2 2 2
2 2 3 3 3 3 3 3 0 0 0 0 0 0 4 4 4 4 4 4 2 2 2 2
2 2 1 1 1 1 1 1 2 2 2 2 2 2 2 2 2 2 2 2 2 2 2 2
2 2 2 2 2 2 2 2 3 3 3 3 3 3 3 3 3 3 3 3 3 3 3 3
3 3 2 2 2 2 2 2 2 2 2 2 2 2 4 4 4 4 4 4 2 2 2 2
2 2 2 2 2 2 2 2 2 2 2 2 2 2 8 8 8 8 8 8 1 1 1 1
1 1 1 1 1 1 1 1 4 4 4 4 4 4 3 3 3 3 3 3 2 2 2 2
2 2 2 2 2 2 2 2 1 1 1 1 1 1 1 1 1 1 1 1 5 5 5 5
5 5 2 2 2 2 2 2 2 2 2 2 2 2 3 3 3 3 3 3 2 2 2 2
2 2 0 0 0 0 0 0 2 2 2 2 2 2 2 2 2 2 2 2 4 4 4 4
4 4 2 2 2 2 2 2 3 3 3 3 3 3 1 1 1 1 1 1 3 3 3 3
3 3 3 3 3 3 3 3 3 3 3 3 3 3 8 8 8 8 8 8 2 2 2 2
2 2 3 3 3 3 3 3 3 3 3 3 3 3 3 3 3 3 3 3 2 2 2 2
2 2 0 0 0 0 0 0 2 2 2 2 2 2 3 3 3 3 3 3 1 1 1 1
1 1 1 1 1 1 1 1 2 2 2 2 2 2 3 3 3 3 3 3 0 0 0 0
0 0 1 1 1 1 1 1 2 2 2 2 2 2 2 2 2 2 2 2 2 2 2 2
2 2 1 1 1 1 1 1 2 2 2 2 2 2 3 3 3 3 3 3 1 1 1 1
1 1 2 2 2 2 2 2 2 2 2 2 2 2 4 4 4 4 4 4 2 2 2 2
2 2 2 2 2 2 2 2 3 3 3 3 3 3 2 2 2 2 2 2 4 4 4 4
4 4 2 2 2 2 2 2 2 2 2 2 2 2 3 3 3 3 3 3 2 2 2 2
2 2 2 2 2 2 2 2 0 0 0 0 0 0 2 2 2 2 2 2 2 2 2 2
2 2 2 2 2 2 2 2 2 2 2 2 2 2 2 2 2 2 2 2 2 2 2 2
2 2 0 0 0 0 0 0 3 3 3 3 3 3 4 4 4 4 4 4 3 3 3 3
3 3 1 1 1 1 1 1 0 0 0 0 0 0 0 0 0 0 0 0 3 3 3 3
3 3 2 2 2 2 2 2 3 3 3 3 3 3 3 3 3 3 3 3 5 5 5 5
5 5 6 6 6 6 6 6 2 2 2 2 2 2 4 4 4 4 4 4 0 0 0 0
0 0 3 3 3 3 3 3 1 1 1 1 1 1 4 4 4 4 4 4 3 3 3 3
3 3 3 3 3 3 3 3 2 2 2 2 2 2 1 1 1 1 1 1 4 4 4 4
4 4 2 2 2 2 2 2 2 2 2 2 2 2 1 1 1 1 1 1 2 2 2 2
2 2 1 1 1 1 1 1 0 0 0 0 0 0 4 4 4 4 4 4 2 2 2 2
2 2 1 1 1 1 1 1 0 0 0 0 0 0 2 2 2 2 2 2 1 1 1 1
1 1 2 2 2 2 2 2 1 1 1 1 1 1 3 3 3 3 3 3 2 2 2 2
2 2 0 0 0 0 0 0 1 1 1 1 1 1 0 0 0 0 0 0 1 1 1 1
1 1 2 2 2 2 2 2 1 1 1 1 1 1 2 2 2 2 2 2 2 2 2 2
2 2 1 1 1 1 1 1 3 3 3 3 3 3 1 1 1 1 1 1 2 2 2 2
2 2 1 1 1 1 1 1 2 2 2 2 2 2 3 3 3 3 3 3 3 3 3 3
3 3 2 2 2 2 2 2 1 1 1 1 1 1 5 5 5 5 5 5 2 2 2 2
2 2 2 2 2 2 2 2 1 1 1 1 1 1 3 3 3 3 3 3 2 2 2 2
2 2 2 2 2 2 2 2 0 0 0 0 0 0 4 4 4 4 4 4 1 1 1 1
1 1 2 2 2 2 2 2 3 3 3 3 3 3 4 4 4 4 4 4 2 2 2 2
2 2 3 3 3 3 3 3 3 3 3 3 3 3 3 3 3 3 3 3 2 2 2 2
2 2 3 3 3 3 3 3 2 2 2 2 2 2 1 1 1 1 1 1 1 1 1 1
1 1 4 4 4 4 4 4 2 2 2 2 2 2 3 3 3 3 3 3 2 2 2 2
2 2 2 2 2 2 2 2 2 2 2 2 2 2 3 3 3 3 3 3 2 2 2 2
2 2 2 2 2 2 2 2 3 3 3 3 3 3 2 2 2 2 2 2 4 4 4 4
4 4 2 2 2 2 2 2 2 2 2 2 2 2 1 1 1 1 1 1 2 2 2 2
2 2 1 1 1 1 1 1 2 2 2 2 2 2 2 2 2 2 2 2 1 1 1 1
1 1 3 3 3 3 3 3 4 4 4 4 4 4 0 0 0 0 0 0 1 1 1 1
1 1 0 0 0 0 0 0 1 1 1 1 1 1 3 3 3 3 3 3 0 0 0 0
0 0 2 2 2 2 2 2 2 2 2 2 2 2 4 4 4 4 4 4 2 2 2 2
2 2 0 0 0 0 0 0 0 0 0 0 0 0 1 1 1 1 1 1 1 1 1 1
1 1 1 1 1 1 1 1 2 2 2 2 2 2 4 4 4 4 4 4 3 3 3 3
3 3 1 1 1 1 1 1 2 2 2 2 2 2 2 2 2 2 2 2 1 1 1 1
1 1 1 1 1 1 1 1 3 3 3 3 3 3 4 4 4 4 4 4 3 3 3 3
3 3 2 2 2 2 2 2 2 2 2 2 2 2 1 1 1 1 1 1 2 2 2 2
2 2 2 2 2 2 2 2 3 3 3 3 3 3 2 2 2 2 2 2 3 3 3 3
3 3 2 2 2 2 2 2 3 3 3 3 3 3 5 5 5 5 5 5 1 1 1 1
1 1 2 2 2 2 2 2 3 3 3 3 3 3 4 4 4 4 4 4 2 2 2 2
2 2 2 2 2 2 2 2 2 2 2 2 2 2 1 1 1 1 1 1 2 2 2 2
2 2 2 2 2 2 2 2 2 2 2 2 2 2 3 3 3 3 3 3 2 2 2 2
2 2 0 0 0 0 0 0 3 3 3 3 3 3 3 3 3 3 3 3 1 1 1 1
1 1 2 2 2 2 2 2 3 3 3 3 3 3 3 3 3 3 3 3 2 2 2 2
2 2 0 0 0 0 0 0 2 2 2 2 2 2 2 2 2 2 2 2 1 1 1 1
1 1 0 0 0 0 0 0 2 2 2 2 2 2 4 4 4 4 4 4 2 2 2 2
2 2 2 2 2 2 2 2 2 2 2 2 2 2 2 2 2 2 2 2 1 1 1 1
1 1 0 0 0 0 0 0 2 2 2 2 2 2 2 2 2 2 2 2 2 2 2 2
2 2 0 0 0 0 0 0 2 2 2 2 2 2 3 3 3 3 3 3 2 2 2 2
2 2 1 1 1 1 1 1 0 0 0 0 0 0 4 4 4 4 4 4 1 1 1 1
1 1 1 1 1 1 1 1 1 1 1 1 1 1 2 2 2 2 2 2 2 2 2 2
2 2 0 0 0 0 0 0 3 3 3 3 3 3 1 1 1 1 1 1 1 1 1 1
1 1 0 0 0 0 0 0 2 2 2 2 2 2 3 3 3 3 3 3 0 0 0 0
0 0 1 1 1 1 1 1 2 2 2 2 2 2 4 4 4 4 4 4 2 2 2 2
2 2 1 1 1 1 1 1 0 0 0 0 0 0 2 2 2 2 2 2 4 4 4 4
4 4 2 2 2 2 2 2 2 2 2 2 2 2 3 3 3 3 3 3 3 3 3 3
3 3 1 1 1 1 1 1 2 2 2 2 2 2 3 3 3 3 3 3 0 0 0 0
0 0 3 3 3 3 3 3 1 1 1 1 1 1 3 3 3 3 3 3 2 2 2 2
2 2 2 2 2 2 2 2 2 2 2 2 2 2 4 4 4 4 4 4 3 3 3 3
3 3 0 0 0 0 0 0 1 1 1 1 1 1 3 3 3 3 3 3 2 2 2 2
2 2 2 2 2 2 2 2 1 1 1 1 1 1 1 1 1 1 1 1 1 1 1 1
1 1 1 1 1 1 1 1 2 2 2 2 2 2 2 2 2 2 2 2 2 2 2 2
2 2 2 2 2 2 2 2 1 1 1 1 1 1 3 3 3 3 3 3 3 3 3 3
3 3 2 2 2 2 2 2 2 2 2 2 2 2 2 2 2 2 2 2 0 0 0 0
0 0 0 0 0 0 0 0 1 1 1 1 1 1 2 2 2 2 2 2 2 2 2 2
2 2 3 3 3 3 3 3 4 4 4 4 4 4 2 2 2 2 2 2 4 4 4 4
4 4 3 3 3 3 3 3 2 2 2 2 2 2 2 2 2 2 2 2 0 0 0 0
0 0 0 0 0 0 0 0 1 1 1 1 1 1 3 3 3 3 3 3 3 3 3 3
3 3 2 2 2 2 2 2 3 3 3 3 3 3 0 0 0 0 0 0 1 1 1 1
1 1 2 2 2 2 2 2 2 2 2 2 2 2 4 4 4 4 4 4 0 0 0 0
0 0 1 1 1 1 1 1 1 1 1 1 1 1 5 5 5 5 5 5 2 2 2 2
2 2 2 2 2 2 2 2 2 2 2 2 2 2 4 4 4 4 4 4 2 2 2 2
2 2 2 2 2 2 2 2 2 2 2 2 2 2 3 3 3 3 3 3 2 2 2 2
2 2 2 2 2 2 2 2 2 2 2 2 2 2 2 2 2 2 2 2 2 2 2 2
2 2 3 3 3 3 3 3 5 5 5 5 5 5 3 3 3 3 3 3 0 0 0 0
0 0 2 2 2 2 2 2 2 2 2 2 2 2 3 3 3 3 3 3 2 2 2 2
2 2 1 1 1 1 1 1 2 2 2 2 2 2 2 2 2 2 2 2 2 2 2 2
2 2 2 2 2 2 2 2 1 1 1 1 1 1 2 2 2 2 2 2 2 2 2 2
2 2 0 0 0 0 0 0 2 2 2 2 2 2 3 3 3 3 3 3 2 2 2 2
2 2 1 1 1 1 1 1 2 2 2 2 2 2 3 3 3 3 3 3 1 1 1 1
1 1 1 1 1 1 1 1 1 1 1 1 1 1 4 4 4 4 4 4 2 2 2 2
2 2 2 2 2 2 2 2 1 1 1 1 1 1 4 4 4 4 4 4 2 2 2 2
2 2 5 5 5 5 5 5 6 6 6 6 6 6 4 4 4 4 4 4 1 1 1 1
1 1 0 0 0 0 0 0 0 0 0 0 0 0 2 2 2 2 2 2 2 2 2 2
2 2 0 0 0 0 0 0 1 1 1 1 1 1 2 2 2 2 2 2 1 1 1 1
1 1 2 2 2 2 2 2 3 3 3 3 3 3 5 5 5 5 5 5 2 2 2 2
2 2 1 1 1 1 1 1 2 2 2 2 2 2 3 3 3 3 3 3 0 0 0 0
0 0 0 0 0 0 0 0 2 2 2 2 2 2 2 2 2 2 2 2 0 0 0 0
0 0 0 0 0 0 0 0 0 0 0 0 0 0 3 3 3 3 3 3 1 1 1 1
1 1 2 2 2 2 2 2 2 2 2 2 2 2 5 5 5 5 5 5 2 2 2 2
2 2 3 3 3 3 3 3 1 1 1 1 1 1 2 2 2 2 2 2 2 2 2 2
2 2 3 3 3 3 3 3 3 3 3 3 3 3 2 2 2 2 2 2 1 1 1 1
1 1 2 2 2 2 2 2 1 1 1 1 1 1 2 2 2 2 2 2 2 2 2 2
2 2 0 0 0 0 0 0 1 1 1 1 1 1 3 3 3 3 3 3 1 1 1 1
1 1 3 3 3 3 3 3 2 2 2 2 2 2 2 2 2 2 2 2 5 5 5 5
5 5 3 3 3 3 3 3 4 4 4 4 4 4 6 6 6 6 6 6 0 0 0 0
0 0 2 2 2 2 2 2 1 1 1 1 1 1 1 1 1 1 1 1 2 2 2 2
2 2 0 0 0 0 0 0 1 1 1 1 1 1 2 2 2 2 2 2 2 2 2 2
2 2 0 0 0 0 0 0 0 0 0 0 0 0 2 2 2 2 2 2 0 0 0 0
0 0 2 2 2 2 2 2 1 1 1 1 1 1 3 3 3 3 3 3 2 2 2 2
2 2 0 0 0 0 0 0 2 2 2 2 2 2 4 4 4 4 4 4 1 1 1 1
1 1 1 1 1 1 1 1 4 4 4 4 4 4 4 4 4 4 4 4 3 3 3 3
3 3 2 2 2 2 2 2 1 1 1 1 1 1 3 3 3 3 3 3 0 0 0 0
0 0 1 1 1 1 1 1 0 0 0 0 0 0 3 3 3 3 3 3 2 2 2 2
2 2 2 2 2 2 2 2 2 2 2 2 2 2 2 2 2 2 2 2 3 3 3 3
3 3 0 0 0 0 0 0 1 1 1 1 1 1 2 2 2 2 2 2 2 2 2 2
2 2 2 2 2 2 2 2 2 2 2 2 2 2 5 5 5 5 5 5 2 2 2 2
2 2 1 1 1 1 1 1 2 2 2 2 2 2 3 3 3 3 3 3 2 2 2 2
2 2 2 2 2 2 2 2 4 4 4 4 4 4 7 7 7 7 7 7 0 0 0 0
0 0 2 2 2 2 2 2 1 1 1 1 1 1 5 5 5 5 5 5 5 5 5 5
5 5 0 0 0 0 0 0 0 0 0 0 0 0 5 5 5 5 5 5 1 1 1 1
1 1 0 0 0 0 0 0 0 0 0 0 0 0 4 4 4 4 4 4 2 2 2 2
2 2 0 0 0 0 0 0 0 0 0 0 0 0 2 2 2 2 2 2 1 1 1 1
1 1 2 2 2 2 2 2 1 1 1 1 1 1 2 2 2 2 2 2 1 1 1 1
1 1 0 0 0 0 0 0 2 2 2 2 2 2 2 2 2 2 2 2 0 0 0 0
0 0 1 1 1 1 1 1 3 3 3 3 3 3 4 4 4 4 4 4 3 3 3 3
3 3 0 0 0 0 0 0 3 3 3 3 3 3 3 3 3 3 3 3 2 2 2 2
2 2 0 0 0 0 0 0 1 1 1 1 1 1 2 2 2 2 2 2 0 0 0 0
0 0 0 0 0 0 0 0 1 1 1 1 1 1 2 2 2 2 2 2 0 0 0 0
0 0 1 1 1 1 1 1 2 2 2 2 2 2 4 4 4 4 4 4 2 2 2 2
2 2 2 2 2 2 2 2 2 2 2 2 2 2 3 3 3 3 3 3 0 0 0 0
0 0 9 9 9 9 9 9 6 6 6 6 6 6 7 7 7 7 7 7 3 3 3 3
3 3 4 4 4 4 4 4 0 0 0 0 0 0 4 4 4 4 4 4 3 3 3 3
3 3 2 2 2 2 2 2 0 0 0 0 0 0 2 2 2 2 2 2 2 2 2 2
2 2 2 2 2 2 2 2 3 3 3 3 3 3 0 0 0 0 0 0 3 3 3 3
3 3 3 3 3 3 3 3 1 1 1 1 1 1 5 5 5 5 5 5 2 2 2 2
2 2 0 0 0 0 0 0 1 1 1 1 1 1 2 2 2 2 2 2 0 0 0 0
0 0 1 1 1 1 1 1 2 2 2 2 2 2 2 2 2 2 2 2 1 1 1 1
1 1 2 2 2 2 2 2 2 2 2 2 2 2 3 3 3 3 3 3 1 1 1 1
1 1 3 3 3 3 3 3 5 5 5 5 5 5 6 6 6 6 6 6 2 2 2 2
2 2 1 1 1 1 1 1 0 0 0 0 0 0 2 2 2 2 2 2 0 0 0 0
0 0 2 2 2 2 2 2 1 1 1 1 1 1 2 2 2 2 2 2 0 0 0 0
0 0 0 0 0 0 0 0 2 2 2 2 2 2 3 3 3 3 3 3 2 2 2 2
2 2 2 2 2 2 2 2 1 1 1 1 1 1 3 3 3 3 3 3 0 0 0 0
0 0 1 1 1 1 1 1 0 0 0 0 0 0 2 2 2 2 2 2 0 0 0 0
0 0 2 2 2 2 2 2 2 2 2 2 2 2 2 2 2 2 2 2 2 2 2 2
2 2 2 2 2 2 2 2 0 0 0 0 0 0 4 4 4 4 4 4 3 3 3 3
3 3 4 4 4 4 4 4 3 3 3 3 3 3 5 5 5 5 5 5 3 3 3 3
3 3 0 0 0 0 0 0 1 1 1 1 1 1 3 3 3 3 3 3 3 3 3 3
3 3 2 2 2 2 2 2 2 2 2 2 2 2 2 2 2 2 2 2 3 3 3 3
3 3 2 2 2 2 2 2 1 1 1 1 1 1 5 5 5 5 5 5 2 2 2 2
2 2 2 2 2 2 2 2 2 2 2 2 2 2 2 2 2 2 2 2 2 2 2 2
2 2 2 2 2 2 2 2 0 0 0 0 0 0 2 2 2 2 2 2 2 2 2 2
2 2 2 2 2 2 2 2 2 2 2 2 2 2 4 4 4 4 4 4 2 2 2 2
2 2 0 0 0 0 0 0 0 0 0 0 0 0 2 2 2 2 2 2 2 2 2 2
2 2 0 0 0 0 0 0 0 0 0 0 0 0 1 1 1 1 1 1 0 0 0 0
0 0 2 2 2 2 2 2 2 2 2 2 2 2 2 2 2 2 2 2 0 0 0 0
0 0 2 2 2 2 2 2 2 2 2 2 2 2 2 2 2 2 2 2 2 2 2 2
2 2 9 9 9 9 9 9 3 3 3 3 3 3 8 8 8 8 8 8 5 5 5 5
5 5 4 4 4 4 4 4 5 5 5 5 5 5 5 5 5 5 5 5 2 2 2 2
2 2 6 6 6 6 6 6 3 3 3 3 3 3 4 4 4 4 4 4 2 2 2 2
2 2 2 2 2 2 2 2 1 1 1 1 1 1 2 2 2 2 2 2 2 2 2 2
2 2 2 2 2 2 2 2 1 1 1 1 1 1 2 2 2 2 2 2 0 0 0 0
0 0 1 1 1 1 1 1 2 2 2 2 2 2 2 2 2 2 2 2 2 2 2 2
2 2 4 4 4 4 4 4 0 0 0 0 0 0 3 3 3 3 3 3 0 0 0 0
0 0 2 2 2 2 2 2 1 1 1 1 1 1 2 2 2 2 2 2 2 2 2 2
2 2 2 2 2 2 2 2 3 3 3 3 3 3 5 5 5 5 5 5 2 2 2 2
2 2 2 2 2 2 2 2 3 3 3 3 3 3 2 2 2 2 2 2 1 1 1 1
1 1 0 0 0 0 0 0 2 2 2 2 2 2 6 6 6 6 6 6 4 4 4 4
4 4 3 3 3 3 3 3 1 1 1 1 1 1 4 4 4 4 4 4 5 5 5 5
5 5 4 4 4 4 4 4 2 2 2 2 2 2 2 2 2 2 2 2 2 2 2 2
2 2 2 2 2 2 2 2 1 1 1 1 1 1 3 3 3 3 3 3 2 2 2 2
2 2 2 2 2 2 2 2 1 1 1 1 1 1 5 5 5 5 5 5 5 5 5 5
5 5 2 2 2 2 2 2 3 3 3 3 3 3 5 5 5 5 5 5 0 0 0 0
0 0 3 3 3 3 3 3 4 4 4 4 4 4 5 5 5 5 5 5 3 3 3 3
3 3 2 2 2 2 2 2 0 0 0 0 0 0 4 4 4 4 4 4 2 2 2 2
2 2 2 2 2 2 2 2 1 1 1 1 1 1 2 2 2 2 2 2 4 4 4 4
4 4 3 3 3 3 3 3 2 2 2 2 2 2 2 2 2 2 2 2 1 1 1 1
1 1 0 0 0 0 0 0 1 1 1 1 1 1 0 0 0 0 0 0 2 2 2 2
2 2 2 2 2 2 2 2 2 2 2 2 2 2 2 2 2 2 2 2 1 1 1 1
1 1 4 4 4 4 4 4 4 4 4 4 4 4 3 3 3 3 3 3 2 2 2 2
2 2 2 2 2 2 2 2 2 2 2 2 2 2 3 3 3 3 3 3 4 4 4 4
4 4 1 1 1 1 1 1 4 4 4 4 4 4 6 6 6 6 6 6 3 3 3 3
3 3 2 2 2 2 2 2 5 5 5 5 5 5 7 7 7 7 7 7 4 4 4 4
4 4 2 2 2 2 2 2 1 1 1 1 1 1 2 2 2 2 2 2 5 5 5 5
5 5 4 4 4 4 4 4 4 4 4 4 4 4 6 6 6 6 6 6 3 3 3 3
3 3 2 2 2 2 2 2 1 1 1 1 1 1 4 4 4 4 4 4 2 2 2 2
2 2 2 2 2 2 2 2 4 4 4 4 4 4 4 4 4 4 4 4 3 3 3 3
3 3 2 2 2 2 2 2 2 2 2 2 2 2 4 4 4 4 4 4 2 2 2 2
2 2 2 2 2 2 2 2 1 1 1 1 1 1 3 3 3 3 3 3 2 2 2 2
2 2 2 2 2 2 2 2 0 0 0 0 0 0 2 2 2 2 2 2 2 2 2 2
2 2 2 2 2 2 2 2 2 2 2 2 2 2 6 6 6 6 6 6 2 2 2 2
2 2 1 1 1 1 1 1 3 3 3 3 3 3 3 3 3 3 3 3 2 2 2 2
2 2 2 2 2 2 2 2 2 2 2 2 2 2 2 2 2 2 2 2 0 0 0 0
0 0 1 1 1 1 1 1 5 5 5 5 5 5 4 4 4 4 4 4 2 2 2 2
2 2 0 0 0 0 0 0 1 1 1 1 1 1 3 3 3 3 3 3 0 0 0 0
